0 verbose cli /opt/homebrew/Cellar/node/25.8.1_1/bin/node /opt/homebrew/bin/npm
1 info using npm@11.11.0
2 info using node@v25.8.1
3 silly config load:file:/opt/homebrew/lib/node_modules/npm/npmrc
4 silly config load:file:/Users/josephstewart/Documents/JLPolicyConsulting/.npmrc
5 silly config load:file:/Users/josephstewart/.npmrc
6 silly config load:file:/opt/homebrew/etc/npmrc
7 verbose title npm ci
8 verbose argv "ci"
9 verbose logfile logs-max:10 dir:/Users/josephstewart/Documents/JLPolicyConsulting/.npm-cache/_logs/2026-03-30T12_03_59_217Z-
10 verbose logfile /Users/josephstewart/Documents/JLPolicyConsulting/.npm-cache/_logs/2026-03-30T12_03_59_217Z-debug-0.log
11 silly logfile done cleaning log files
12 silly packumentCache heap:4496293888 maxSize:1124073472 maxEntrySize:562036736
13 silly idealTree buildDeps
14 silly reify moves {}
15 silly audit bulk request {
15 silly audit   '@alloc/quick-lru': [ '5.2.0' ],
15 silly audit   '@babel/code-frame': [ '7.29.0' ],
15 silly audit   '@babel/compat-data': [ '7.29.0' ],
15 silly audit   '@babel/core': [ '7.29.0' ],
15 silly audit   '@babel/generator': [ '7.29.1' ],
15 silly audit   '@babel/helper-compilation-targets': [ '7.28.6' ],
15 silly audit   '@babel/helper-globals': [ '7.28.0' ],
15 silly audit   '@babel/helper-module-imports': [ '7.28.6' ],
15 silly audit   '@babel/helper-module-transforms': [ '7.28.6' ],
15 silly audit   '@babel/helper-string-parser': [ '7.27.1' ],
15 silly audit   '@babel/helper-validator-identifier': [ '7.28.5' ],
15 silly audit   '@babel/helper-validator-option': [ '7.27.1' ],
15 silly audit   '@babel/helpers': [ '7.29.2' ],
15 silly audit   '@babel/parser': [ '7.29.2' ],
15 silly audit   '@babel/template': [ '7.28.6' ],
15 silly audit   '@babel/traverse': [ '7.29.0' ],
15 silly audit   '@babel/types': [ '7.29.0' ],
15 silly audit   '@emnapi/core': [ '1.9.0' ],
15 silly audit   '@emnapi/runtime': [ '1.9.0' ],
15 silly audit   '@emnapi/wasi-threads': [ '1.2.0' ],
15 silly audit   '@esbuild/aix-ppc64': [ '0.27.4' ],
15 silly audit   '@esbuild/android-arm': [ '0.27.4' ],
15 silly audit   '@esbuild/android-arm64': [ '0.27.4' ],
15 silly audit   '@esbuild/android-x64': [ '0.27.4' ],
15 silly audit   '@esbuild/darwin-arm64': [ '0.27.4' ],
15 silly audit   '@esbuild/darwin-x64': [ '0.27.4' ],
15 silly audit   '@esbuild/freebsd-arm64': [ '0.27.4' ],
15 silly audit   '@esbuild/freebsd-x64': [ '0.27.4' ],
15 silly audit   '@esbuild/linux-arm': [ '0.27.4' ],
15 silly audit   '@esbuild/linux-arm64': [ '0.27.4' ],
15 silly audit   '@esbuild/linux-ia32': [ '0.27.4' ],
15 silly audit   '@esbuild/linux-loong64': [ '0.27.4' ],
15 silly audit   '@esbuild/linux-mips64el': [ '0.27.4' ],
15 silly audit   '@esbuild/linux-ppc64': [ '0.27.4' ],
15 silly audit   '@esbuild/linux-riscv64': [ '0.27.4' ],
15 silly audit   '@esbuild/linux-s390x': [ '0.27.4' ],
15 silly audit   '@esbuild/linux-x64': [ '0.27.4' ],
15 silly audit   '@esbuild/netbsd-arm64': [ '0.27.4' ],
15 silly audit   '@esbuild/netbsd-x64': [ '0.27.4' ],
15 silly audit   '@esbuild/openbsd-arm64': [ '0.27.4' ],
15 silly audit   '@esbuild/openbsd-x64': [ '0.27.4' ],
15 silly audit   '@esbuild/openharmony-arm64': [ '0.27.4' ],
15 silly audit   '@esbuild/sunos-x64': [ '0.27.4' ],
15 silly audit   '@esbuild/win32-arm64': [ '0.27.4' ],
15 silly audit   '@esbuild/win32-ia32': [ '0.27.4' ],
15 silly audit   '@esbuild/win32-x64': [ '0.27.4' ],
15 silly audit   '@eslint-community/eslint-utils': [ '4.9.1' ],
15 silly audit   'eslint-visitor-keys': [ '3.4.3', '5.0.1', '4.2.1' ],
15 silly audit   '@eslint-community/regexpp': [ '4.12.2' ],
15 silly audit   '@eslint/config-array': [ '0.21.2' ],
15 silly audit   '@eslint/config-helpers': [ '0.4.2' ],
15 silly audit   '@eslint/core': [ '0.17.0' ],
15 silly audit   '@eslint/eslintrc': [ '3.3.5' ],
15 silly audit   '@eslint/js': [ '9.39.4' ],
15 silly audit   '@eslint/object-schema': [ '2.1.7' ],
15 silly audit   '@eslint/plugin-kit': [ '0.4.1' ],
15 silly audit   '@humanfs/core': [ '0.19.1' ],
15 silly audit   '@humanfs/node': [ '0.16.7' ],
15 silly audit   '@humanwhocodes/module-importer': [ '1.0.1' ],
15 silly audit   '@humanwhocodes/retry': [ '0.4.3' ],
15 silly audit   '@img/colour': [ '1.1.0' ],
15 silly audit   '@img/sharp-darwin-arm64': [ '0.34.5' ],
15 silly audit   '@img/sharp-darwin-x64': [ '0.34.5' ],
15 silly audit   '@img/sharp-libvips-darwin-arm64': [ '1.2.4' ],
15 silly audit   '@img/sharp-libvips-darwin-x64': [ '1.2.4' ],
15 silly audit   '@img/sharp-libvips-linux-arm': [ '1.2.4' ],
15 silly audit   '@img/sharp-libvips-linux-arm64': [ '1.2.4' ],
15 silly audit   '@img/sharp-libvips-linux-ppc64': [ '1.2.4' ],
15 silly audit   '@img/sharp-libvips-linux-riscv64': [ '1.2.4' ],
15 silly audit   '@img/sharp-libvips-linux-s390x': [ '1.2.4' ],
15 silly audit   '@img/sharp-libvips-linux-x64': [ '1.2.4' ],
15 silly audit   '@img/sharp-libvips-linuxmusl-arm64': [ '1.2.4' ],
15 silly audit   '@img/sharp-libvips-linuxmusl-x64': [ '1.2.4' ],
15 silly audit   '@img/sharp-linux-arm': [ '0.34.5' ],
15 silly audit   '@img/sharp-linux-arm64': [ '0.34.5' ],
15 silly audit   '@img/sharp-linux-ppc64': [ '0.34.5' ],
15 silly audit   '@img/sharp-linux-riscv64': [ '0.34.5' ],
15 silly audit   '@img/sharp-linux-s390x': [ '0.34.5' ],
15 silly audit   '@img/sharp-linux-x64': [ '0.34.5' ],
15 silly audit   '@img/sharp-linuxmusl-arm64': [ '0.34.5' ],
15 silly audit   '@img/sharp-linuxmusl-x64': [ '0.34.5' ],
15 silly audit   '@img/sharp-wasm32': [ '0.34.5' ],
15 silly audit   '@img/sharp-win32-arm64': [ '0.34.5' ],
15 silly audit   '@img/sharp-win32-ia32': [ '0.34.5' ],
15 silly audit   '@img/sharp-win32-x64': [ '0.34.5' ],
15 silly audit   '@jridgewell/gen-mapping': [ '0.3.13' ],
15 silly audit   '@jridgewell/remapping': [ '2.3.5' ],
15 silly audit   '@jridgewell/resolve-uri': [ '3.1.2' ],
15 silly audit   '@jridgewell/sourcemap-codec': [ '1.5.5' ],
15 silly audit   '@jridgewell/trace-mapping': [ '0.3.31' ],
15 silly audit   '@mdx-js/mdx': [ '3.1.1' ],
15 silly audit   '@mdx-js/react': [ '3.1.1' ],
15 silly audit   '@napi-rs/wasm-runtime': [ '0.2.12' ],
15 silly audit   '@next/env': [ '16.1.7' ],
15 silly audit   '@next/eslint-plugin-next': [ '16.1.7' ],
15 silly audit   '@next/swc-darwin-arm64': [ '16.1.7' ],
15 silly audit   '@next/swc-darwin-x64': [ '16.1.7' ],
15 silly audit   '@next/swc-linux-arm64-gnu': [ '16.1.7' ],
15 silly audit   '@next/swc-linux-arm64-musl': [ '16.1.7' ],
15 silly audit   '@next/swc-linux-x64-gnu': [ '16.1.7' ],
15 silly audit   '@next/swc-linux-x64-musl': [ '16.1.7' ],
15 silly audit   '@next/swc-win32-arm64-msvc': [ '16.1.7' ],
15 silly audit   '@next/swc-win32-x64-msvc': [ '16.1.7' ],
15 silly audit   '@nodelib/fs.scandir': [ '2.1.5' ],
15 silly audit   '@nodelib/fs.stat': [ '2.0.5' ],
15 silly audit   '@nodelib/fs.walk': [ '1.2.8' ],
15 silly audit   '@nolyfill/is-core-module': [ '1.0.39' ],
15 silly audit   '@rollup/rollup-android-arm-eabi': [ '4.59.1' ],
15 silly audit   '@rollup/rollup-android-arm64': [ '4.59.1' ],
15 silly audit   '@rollup/rollup-darwin-arm64': [ '4.59.1' ],
15 silly audit   '@rollup/rollup-darwin-x64': [ '4.59.1' ],
15 silly audit   '@rollup/rollup-freebsd-arm64': [ '4.59.1' ],
15 silly audit   '@rollup/rollup-freebsd-x64': [ '4.59.1' ],
15 silly audit   '@rollup/rollup-linux-arm-gnueabihf': [ '4.59.1' ],
15 silly audit   '@rollup/rollup-linux-arm-musleabihf': [ '4.59.1' ],
15 silly audit   '@rollup/rollup-linux-arm64-gnu': [ '4.59.1' ],
15 silly audit   '@rollup/rollup-linux-arm64-musl': [ '4.59.1' ],
15 silly audit   '@rollup/rollup-linux-loong64-gnu': [ '4.59.1' ],
15 silly audit   '@rollup/rollup-linux-loong64-musl': [ '4.59.1' ],
15 silly audit   '@rollup/rollup-linux-ppc64-gnu': [ '4.59.1' ],
15 silly audit   '@rollup/rollup-linux-ppc64-musl': [ '4.59.1' ],
15 silly audit   '@rollup/rollup-linux-riscv64-gnu': [ '4.59.1' ],
15 silly audit   '@rollup/rollup-linux-riscv64-musl': [ '4.59.1' ],
15 silly audit   '@rollup/rollup-linux-s390x-gnu': [ '4.59.1' ],
15 silly audit   '@rollup/rollup-linux-x64-gnu': [ '4.59.1' ],
15 silly audit   '@rollup/rollup-linux-x64-musl': [ '4.59.1' ],
15 silly audit   '@rollup/rollup-openbsd-x64': [ '4.59.1' ],
15 silly audit   '@rollup/rollup-openharmony-arm64': [ '4.59.1' ],
15 silly audit   '@rollup/rollup-win32-arm64-msvc': [ '4.59.1' ],
15 silly audit   '@rollup/rollup-win32-ia32-msvc': [ '4.59.1' ],
15 silly audit   '@rollup/rollup-win32-x64-gnu': [ '4.59.1' ],
15 silly audit   '@rollup/rollup-win32-x64-msvc': [ '4.59.1' ],
15 silly audit   '@rtsao/scc': [ '1.1.0' ],
15 silly audit   '@swc/helpers': [ '0.5.15' ],
15 silly audit   '@tailwindcss/node': [ '4.2.1' ],
15 silly audit   '@tailwindcss/oxide': [ '4.2.1' ],
15 silly audit   '@tailwindcss/oxide-android-arm64': [ '4.2.1' ],
15 silly audit   '@tailwindcss/oxide-darwin-arm64': [ '4.2.1' ],
15 silly audit   '@tailwindcss/oxide-darwin-x64': [ '4.2.1' ],
15 silly audit   '@tailwindcss/oxide-freebsd-x64': [ '4.2.1' ],
15 silly audit   '@tailwindcss/oxide-linux-arm-gnueabihf': [ '4.2.1' ],
15 silly audit   '@tailwindcss/oxide-linux-arm64-gnu': [ '4.2.1' ],
15 silly audit   '@tailwindcss/oxide-linux-arm64-musl': [ '4.2.1' ],
15 silly audit   '@tailwindcss/oxide-linux-x64-gnu': [ '4.2.1' ],
15 silly audit   '@tailwindcss/oxide-linux-x64-musl': [ '4.2.1' ],
15 silly audit   '@tailwindcss/oxide-wasm32-wasi': [ '4.2.1' ],
15 silly audit   '@tailwindcss/oxide-win32-arm64-msvc': [ '4.2.1' ],
15 silly audit   '@tailwindcss/oxide-win32-x64-msvc': [ '4.2.1' ],
15 silly audit   '@tailwindcss/postcss': [ '4.2.1' ],
15 silly audit   '@tybys/wasm-util': [ '0.10.1' ],
15 silly audit   '@types/chai': [ '5.2.3' ],
15 silly audit   '@types/debug': [ '4.1.12' ],
15 silly audit   '@types/deep-eql': [ '4.0.2' ],
15 silly audit   '@types/estree': [ '1.0.8' ],
15 silly audit   '@types/estree-jsx': [ '1.0.5' ],
15 silly audit   '@types/hast': [ '3.0.4' ],
15 silly audit   '@types/json-schema': [ '7.0.15' ],
15 silly audit   '@types/json5': [ '0.0.29' ],
15 silly audit   '@types/mdast': [ '4.0.4' ],
15 silly audit   '@types/mdx': [ '2.0.13' ],
15 silly audit   '@types/ms': [ '2.1.0' ],
15 silly audit   '@types/node': [ '20.19.37' ],
15 silly audit   '@types/react': [ '19.2.14' ],
15 silly audit   '@types/react-dom': [ '19.2.3' ],
15 silly audit   '@types/unist': [ '3.0.3', '2.0.11' ],
15 silly audit   '@typescript-eslint/eslint-plugin': [ '8.57.1' ],
15 silly audit   ignore: [ '7.0.5', '5.3.2' ],
15 silly audit   '@typescript-eslint/parser': [ '8.57.1' ],
15 silly audit   '@typescript-eslint/project-service': [ '8.57.1' ],
15 silly audit   '@typescript-eslint/scope-manager': [ '8.57.1' ],
15 silly audit   '@typescript-eslint/tsconfig-utils': [ '8.57.1' ],
15 silly audit   '@typescript-eslint/type-utils': [ '8.57.1' ],
15 silly audit   '@typescript-eslint/types': [ '8.57.1' ],
15 silly audit   '@typescript-eslint/typescript-estree': [ '8.57.1' ],
15 silly audit   'balanced-match': [ '4.0.4', '1.0.2' ],
15 silly audit   'brace-expansion': [ '5.0.4', '1.1.12' ],
15 silly audit   minimatch: [ '10.2.4', '3.1.5' ],
15 silly audit   semver: [ '7.7.4', '6.3.1' ],
15 silly audit   '@typescript-eslint/utils': [ '8.57.1' ],
15 silly audit   '@typescript-eslint/visitor-keys': [ '8.57.1' ],
15 silly audit   '@ungap/structured-clone': [ '1.3.0' ],
15 silly audit   '@unrs/resolver-binding-android-arm-eabi': [ '1.11.1' ],
15 silly audit   '@unrs/resolver-binding-android-arm64': [ '1.11.1' ],
15 silly audit   '@unrs/resolver-binding-darwin-arm64': [ '1.11.1' ],
15 silly audit   '@unrs/resolver-binding-darwin-x64': [ '1.11.1' ],
15 silly audit   '@unrs/resolver-binding-freebsd-x64': [ '1.11.1' ],
15 silly audit   '@unrs/resolver-binding-linux-arm-gnueabihf': [ '1.11.1' ],
15 silly audit   '@unrs/resolver-binding-linux-arm-musleabihf': [ '1.11.1' ],
15 silly audit   '@unrs/resolver-binding-linux-arm64-gnu': [ '1.11.1' ],
15 silly audit   '@unrs/resolver-binding-linux-arm64-musl': [ '1.11.1' ],
15 silly audit   '@unrs/resolver-binding-linux-ppc64-gnu': [ '1.11.1' ],
15 silly audit   '@unrs/resolver-binding-linux-riscv64-gnu': [ '1.11.1' ],
15 silly audit   '@unrs/resolver-binding-linux-riscv64-musl': [ '1.11.1' ],
15 silly audit   '@unrs/resolver-binding-linux-s390x-gnu': [ '1.11.1' ],
15 silly audit   '@unrs/resolver-binding-linux-x64-gnu': [ '1.11.1' ],
15 silly audit   '@unrs/resolver-binding-linux-x64-musl': [ '1.11.1' ],
15 silly audit   '@unrs/resolver-binding-wasm32-wasi': [ '1.11.1' ],
15 silly audit   '@unrs/resolver-binding-win32-arm64-msvc': [ '1.11.1' ],
15 silly audit   '@unrs/resolver-binding-win32-ia32-msvc': [ '1.11.1' ],
15 silly audit   '@unrs/resolver-binding-win32-x64-msvc': [ '1.11.1' ],
15 silly audit   '@vitest/expect': [ '3.2.4' ],
15 silly audit   '@vitest/mocker': [ '3.2.4' ],
15 silly audit   '@vitest/pretty-format': [ '3.2.4' ],
15 silly audit   '@vitest/runner': [ '3.2.4' ],
15 silly audit   '@vitest/snapshot': [ '3.2.4' ],
15 silly audit   '@vitest/spy': [ '3.2.4' ],
15 silly audit   '@vitest/utils': [ '3.2.4' ],
15 silly audit   acorn: [ '8.16.0' ],
15 silly audit   'acorn-jsx': [ '5.3.2' ],
15 silly audit   ajv: [ '6.14.0' ],
15 silly audit   'ansi-styles': [ '4.3.0' ],
15 silly audit   argparse: [ '2.0.1', '1.0.10' ],
15 silly audit   'aria-query': [ '5.3.2' ],
15 silly audit   'array-buffer-byte-length': [ '1.0.2' ],
15 silly audit   'array-includes': [ '3.1.9' ],
15 silly audit   'array.prototype.findlast': [ '1.2.5' ],
15 silly audit   'array.prototype.findlastindex': [ '1.2.6' ],
15 silly audit   'array.prototype.flat': [ '1.3.3' ],
15 silly audit   'array.prototype.flatmap': [ '1.3.3' ],
15 silly audit   'array.prototype.tosorted': [ '1.1.4' ],
15 silly audit   'arraybuffer.prototype.slice': [ '1.0.4' ],
15 silly audit   'assertion-error': [ '2.0.1' ],
15 silly audit   'ast-types-flow': [ '0.0.8' ],
15 silly audit   astring: [ '1.9.0' ],
15 silly audit   'async-function': [ '1.0.0' ],
15 silly audit   'available-typed-arrays': [ '1.0.7' ],
15 silly audit   'axe-core': [ '4.11.1' ],
15 silly audit   'axobject-query': [ '4.1.0' ],
15 silly audit   bail: [ '2.0.2' ],
15 silly audit   'baseline-browser-mapping': [ '2.10.8' ],
15 silly audit   braces: [ '3.0.3' ],
15 silly audit   browserslist: [ '4.28.1' ],
15 silly audit   cac: [ '6.7.14' ],
15 silly audit   'call-bind': [ '1.0.8' ],
15 silly audit   'call-bind-apply-helpers': [ '1.0.2' ],
15 silly audit   'call-bound': [ '1.0.4' ],
15 silly audit   callsites: [ '3.1.0' ],
15 silly audit   'caniuse-lite': [ '1.0.30001780' ],
15 silly audit   ccount: [ '2.0.1' ],
15 silly audit   chai: [ '5.3.3' ],
15 silly audit   chalk: [ '4.1.2' ],
15 silly audit   'character-entities': [ '2.0.2' ],
15 silly audit   'character-entities-html4': [ '2.1.0' ],
15 silly audit   'character-entities-legacy': [ '3.0.0' ],
15 silly audit   'character-reference-invalid': [ '2.0.1' ],
15 silly audit   'check-error': [ '2.1.3' ],
15 silly audit   'client-only': [ '0.0.1' ],
15 silly audit   'collapse-white-space': [ '2.1.0' ],
15 silly audit   'color-convert': [ '2.0.1' ],
15 silly audit   'color-name': [ '1.1.4' ],
15 silly audit   'comma-separated-tokens': [ '2.0.3' ],
15 silly audit   'concat-map': [ '0.0.1' ],
15 silly audit   'convert-source-map': [ '2.0.0' ],
15 silly audit   'cross-spawn': [ '7.0.6' ],
15 silly audit   csstype: [ '3.2.3' ],
15 silly audit   'damerau-levenshtein': [ '1.0.8' ],
15 silly audit   'data-view-buffer': [ '1.0.2' ],
15 silly audit   'data-view-byte-length': [ '1.0.2' ],
15 silly audit   'data-view-byte-offset': [ '1.0.1' ],
15 silly audit   debug: [ '4.4.3', '3.2.7' ],
15 silly audit   'decode-named-character-reference': [ '1.3.0' ],
15 silly audit   'deep-eql': [ '5.0.2' ],
15 silly audit   'deep-is': [ '0.1.4' ],
15 silly audit   'define-data-property': [ '1.1.4' ],
15 silly audit   'define-properties': [ '1.2.1' ],
15 silly audit   dequal: [ '2.0.3' ],
15 silly audit   'detect-libc': [ '2.1.2' ],
15 silly audit   devlop: [ '1.1.0' ],
15 silly audit   doctrine: [ '2.1.0' ],
15 silly audit   'dunder-proto': [ '1.0.1' ],
15 silly audit   'electron-to-chromium': [ '1.5.313' ],
15 silly audit   'emoji-regex': [ '9.2.2' ],
15 silly audit   'enhanced-resolve': [ '5.20.1' ],
15 silly audit   'es-abstract': [ '1.24.1' ],
15 silly audit   'es-define-property': [ '1.0.1' ],
15 silly audit   'es-errors': [ '1.3.0' ],
15 silly audit   'es-iterator-helpers': [ '1.3.1' ],
15 silly audit   'es-module-lexer': [ '1.7.0' ],
15 silly audit   'es-object-atoms': [ '1.1.1' ],
15 silly audit   'es-set-tostringtag': [ '2.1.0' ],
15 silly audit   'es-shim-unscopables': [ '1.1.0' ],
15 silly audit   'es-to-primitive': [ '1.3.0' ],
15 silly audit   'esast-util-from-estree': [ '2.0.0' ],
15 silly audit   'esast-util-from-js': [ '2.0.1' ],
15 silly audit   esbuild: [ '0.27.4' ],
15 silly audit   escalade: [ '3.2.0' ],
15 silly audit   'escape-string-regexp': [ '4.0.0', '5.0.0' ],
15 silly audit   eslint: [ '9.39.4' ],
15 silly audit   'eslint-config-next': [ '16.1.7' ],
15 silly audit   globals: [ '16.4.0', '14.0.0' ],
15 silly audit   'eslint-import-resolver-node': [ '0.3.9' ],
15 silly audit   'eslint-import-resolver-typescript': [ '3.10.1' ],
15 silly audit   'eslint-module-utils': [ '2.12.1' ],
15 silly audit   'eslint-plugin-import': [ '2.32.0' ],
15 silly audit   'eslint-plugin-jsx-a11y': [ '6.10.2' ],
15 silly audit   'eslint-plugin-react': [ '7.37.5' ],
15 silly audit   'eslint-plugin-react-hooks': [ '7.0.1' ],
15 silly audit   resolve: [ '2.0.0-next.6', '1.22.11' ],
15 silly audit   'eslint-scope': [ '8.4.0' ],
15 silly audit   espree: [ '10.4.0' ],
15 silly audit   esprima: [ '4.0.1' ],
15 silly audit   esquery: [ '1.7.0' ],
15 silly audit   esrecurse: [ '4.3.0' ],
15 silly audit   estraverse: [ '5.3.0' ],
15 silly audit   'estree-util-attach-comments': [ '3.0.0' ],
15 silly audit   'estree-util-build-jsx': [ '3.0.1' ],
15 silly audit   'estree-util-is-identifier-name': [ '3.0.0' ],
15 silly audit   'estree-util-scope': [ '1.0.0' ],
15 silly audit   'estree-util-to-js': [ '2.0.0' ],
15 silly audit   'estree-util-visit': [ '2.0.0' ],
15 silly audit   'estree-walker': [ '3.0.3' ],
15 silly audit   esutils: [ '2.0.3' ],
15 silly audit   'expect-type': [ '1.3.0' ],
15 silly audit   extend: [ '3.0.2' ],
15 silly audit   'extend-shallow': [ '2.0.1' ],
15 silly audit   'fast-deep-equal': [ '3.1.3' ],
15 silly audit   'fast-glob': [ '3.3.1' ],
15 silly audit   'glob-parent': [ '5.1.2', '6.0.2' ],
15 silly audit   'fast-json-stable-stringify': [ '2.1.0' ],
15 silly audit   'fast-levenshtein': [ '2.0.6' ],
15 silly audit   fastq: [ '1.20.1' ],
15 silly audit   'file-entry-cache': [ '8.0.0' ],
15 silly audit   'fill-range': [ '7.1.1' ],
15 silly audit   'find-up': [ '5.0.0' ],
15 silly audit   'flat-cache': [ '4.0.1' ],
15 silly audit   flatted: [ '3.4.2' ],
15 silly audit   'for-each': [ '0.3.5' ],
15 silly audit   fsevents: [ '2.3.3' ],
15 silly audit   'function-bind': [ '1.1.2' ],
15 silly audit   'function.prototype.name': [ '1.1.8' ],
15 silly audit   'functions-have-names': [ '1.2.3' ],
15 silly audit   'generator-function': [ '2.0.1' ],
15 silly audit   gensync: [ '1.0.0-beta.2' ],
15 silly audit   'get-intrinsic': [ '1.3.0' ],
15 silly audit   'get-proto': [ '1.0.1' ],
15 silly audit   'get-symbol-description': [ '1.1.0' ],
15 silly audit   'get-tsconfig': [ '4.13.6' ],
15 silly audit   globalthis: [ '1.0.4' ],
15 silly audit   gopd: [ '1.2.0' ],
15 silly audit   'graceful-fs': [ '4.2.11' ],
15 silly audit   'gray-matter': [ '4.0.3' ],
15 silly audit   'js-yaml': [ '3.14.2', '4.1.1' ],
15 silly audit   'has-bigints': [ '1.1.0' ],
15 silly audit   'has-flag': [ '4.0.0' ],
15 silly audit   'has-property-descriptors': [ '1.0.2' ],
15 silly audit   'has-proto': [ '1.2.0' ],
15 silly audit   'has-symbols': [ '1.1.0' ],
15 silly audit   'has-tostringtag': [ '1.0.2' ],
15 silly audit   hasown: [ '2.0.2' ],
15 silly audit   'hast-util-sanitize': [ '5.0.2' ],
15 silly audit   'hast-util-to-estree': [ '3.1.3' ],
15 silly audit   'hast-util-to-jsx-runtime': [ '2.3.6' ],
15 silly audit   'hast-util-whitespace': [ '3.0.0' ],
15 silly audit   'hermes-estree': [ '0.25.1' ],
15 silly audit   'hermes-parser': [ '0.25.1' ],
15 silly audit   'import-fresh': [ '3.3.1' ],
15 silly audit   imurmurhash: [ '0.1.4' ],
15 silly audit   'inline-style-parser': [ '0.2.7' ],
15 silly audit   'internal-slot': [ '1.1.0' ],
15 silly audit   'is-alphabetical': [ '2.0.1' ],
15 silly audit   'is-alphanumerical': [ '2.0.1' ],
15 silly audit   'is-array-buffer': [ '3.0.5' ],
15 silly audit   'is-async-function': [ '2.1.1' ],
15 silly audit   'is-bigint': [ '1.1.0' ],
15 silly audit   'is-boolean-object': [ '1.2.2' ],
15 silly audit   'is-bun-module': [ '2.0.0' ],
15 silly audit   'is-callable': [ '1.2.7' ],
15 silly audit   'is-core-module': [ '2.16.1' ],
15 silly audit   'is-data-view': [ '1.0.2' ],
15 silly audit   'is-date-object': [ '1.1.0' ],
15 silly audit   'is-decimal': [ '2.0.1' ],
15 silly audit   'is-extendable': [ '0.1.1' ],
15 silly audit   'is-extglob': [ '2.1.1' ],
15 silly audit   'is-finalizationregistry': [ '1.1.1' ],
15 silly audit   'is-generator-function': [ '1.1.2' ],
15 silly audit   'is-glob': [ '4.0.3' ],
15 silly audit   'is-hexadecimal': [ '2.0.1' ],
15 silly audit   'is-map': [ '2.0.3' ],
15 silly audit   'is-negative-zero': [ '2.0.3' ],
15 silly audit   'is-number': [ '7.0.0' ],
15 silly audit   'is-number-object': [ '1.1.1' ],
15 silly audit   'is-plain-obj': [ '4.1.0' ],
15 silly audit   'is-regex': [ '1.2.1' ],
15 silly audit   'is-set': [ '2.0.3' ],
15 silly audit   'is-shared-array-buffer': [ '1.0.4' ],
15 silly audit   'is-string': [ '1.1.1' ],
15 silly audit   'is-symbol': [ '1.1.1' ],
15 silly audit   'is-typed-array': [ '1.1.15' ],
15 silly audit   'is-weakmap': [ '2.0.2' ],
15 silly audit   'is-weakref': [ '1.1.1' ],
15 silly audit   'is-weakset': [ '2.0.4' ],
15 silly audit   isarray: [ '2.0.5' ],
15 silly audit   isexe: [ '2.0.0' ],
15 silly audit   'iterator.prototype': [ '1.1.5' ],
15 silly audit   jiti: [ '2.6.1' ],
15 silly audit   'js-tokens': [ '4.0.0', '9.0.1' ],
15 silly audit   jsesc: [ '3.1.0' ],
15 silly audit   'json-buffer': [ '3.0.1' ],
15 silly audit   'json-schema-traverse': [ '0.4.1' ],
15 silly audit   'json-stable-stringify-without-jsonify': [ '1.0.1' ],
15 silly audit   json5: [ '2.2.3', '1.0.2' ],
15 silly audit   'jsx-ast-utils': [ '3.3.5' ],
15 silly audit   keyv: [ '4.5.4' ],
15 silly audit   'kind-of': [ '6.0.3' ],
15 silly audit   'language-subtag-registry': [ '0.3.23' ],
15 silly audit   'language-tags': [ '1.0.9' ],
15 silly audit   levn: [ '0.4.1' ],
15 silly audit   lightningcss: [ '1.31.1' ],
15 silly audit   'lightningcss-android-arm64': [ '1.31.1' ],
15 silly audit   'lightningcss-darwin-arm64': [ '1.31.1' ],
15 silly audit   'lightningcss-darwin-x64': [ '1.31.1' ],
15 silly audit   'lightningcss-freebsd-x64': [ '1.31.1' ],
15 silly audit   'lightningcss-linux-arm-gnueabihf': [ '1.31.1' ],
15 silly audit   'lightningcss-linux-arm64-gnu': [ '1.31.1' ],
15 silly audit   'lightningcss-linux-arm64-musl': [ '1.31.1' ],
15 silly audit   'lightningcss-linux-x64-gnu': [ '1.31.1' ],
15 silly audit   'lightningcss-linux-x64-musl': [ '1.31.1' ],
15 silly audit   'lightningcss-win32-arm64-msvc': [ '1.31.1' ],
15 silly audit   'lightningcss-win32-x64-msvc': [ '1.31.1' ],
15 silly audit   'locate-path': [ '6.0.0' ],
15 silly audit   'lodash.merge': [ '4.6.2' ],
15 silly audit   'longest-streak': [ '3.1.0' ],
15 silly audit   'loose-envify': [ '1.4.0' ],
15 silly audit   loupe: [ '3.2.1' ],
15 silly audit   'lru-cache': [ '5.1.1' ],
15 silly audit   'magic-string': [ '0.30.21' ],
15 silly audit   'markdown-extensions': [ '2.0.0' ],
15 silly audit   'markdown-table': [ '3.0.4' ],
15 silly audit   'math-intrinsics': [ '1.1.0' ],
15 silly audit   'mdast-util-find-and-replace': [ '3.0.2' ],
15 silly audit   'mdast-util-from-markdown': [ '2.0.3' ],
15 silly audit   'mdast-util-gfm': [ '3.1.0' ],
15 silly audit   'mdast-util-gfm-autolink-literal': [ '2.0.1' ],
15 silly audit   'mdast-util-gfm-footnote': [ '2.1.0' ],
15 silly audit   'mdast-util-gfm-strikethrough': [ '2.0.0' ],
15 silly audit   'mdast-util-gfm-table': [ '2.0.0' ],
15 silly audit   'mdast-util-gfm-task-list-item': [ '2.0.0' ],
15 silly audit   'mdast-util-mdx': [ '3.0.0' ],
15 silly audit   'mdast-util-mdx-expression': [ '2.0.1' ],
15 silly audit   'mdast-util-mdx-jsx': [ '3.2.0' ],
15 silly audit   'mdast-util-mdxjs-esm': [ '2.0.1' ],
15 silly audit   'mdast-util-phrasing': [ '4.1.0' ],
15 silly audit   'mdast-util-to-hast': [ '13.2.1' ],
15 silly audit   'mdast-util-to-markdown': [ '2.1.2' ],
15 silly audit   'mdast-util-to-string': [ '4.0.0' ],
15 silly audit   merge2: [ '1.4.1' ],
15 silly audit   micromark: [ '4.0.2' ],
15 silly audit   'micromark-core-commonmark': [ '2.0.3' ],
15 silly audit   'micromark-extension-gfm': [ '3.0.0' ],
15 silly audit   'micromark-extension-gfm-autolink-literal': [ '2.1.0' ],
15 silly audit   'micromark-extension-gfm-footnote': [ '2.1.0' ],
15 silly audit   'micromark-extension-gfm-strikethrough': [ '2.1.0' ],
15 silly audit   'micromark-extension-gfm-table': [ '2.1.1' ],
15 silly audit   'micromark-extension-gfm-tagfilter': [ '2.0.0' ],
15 silly audit   'micromark-extension-gfm-task-list-item': [ '2.1.0' ],
15 silly audit   'micromark-extension-mdx-expression': [ '3.0.1' ],
15 silly audit   'micromark-extension-mdx-jsx': [ '3.0.2' ],
15 silly audit   'micromark-extension-mdx-md': [ '2.0.0' ],
15 silly audit   'micromark-extension-mdxjs': [ '3.0.0' ],
15 silly audit   'micromark-extension-mdxjs-esm': [ '3.0.0' ],
15 silly audit   'micromark-factory-destination': [ '2.0.1' ],
15 silly audit   'micromark-factory-label': [ '2.0.1' ],
15 silly audit   'micromark-factory-mdx-expression': [ '2.0.3' ],
15 silly audit   'micromark-factory-space': [ '2.0.1' ],
15 silly audit   'micromark-factory-title': [ '2.0.1' ],
15 silly audit   'micromark-factory-whitespace': [ '2.0.1' ],
15 silly audit   'micromark-util-character': [ '2.1.1' ],
15 silly audit   'micromark-util-chunked': [ '2.0.1' ],
15 silly audit   'micromark-util-classify-character': [ '2.0.1' ],
15 silly audit   'micromark-util-combine-extensions': [ '2.0.1' ],
15 silly audit   'micromark-util-decode-numeric-character-reference': [ '2.0.2' ],
15 silly audit   'micromark-util-decode-string': [ '2.0.1' ],
15 silly audit   'micromark-util-encode': [ '2.0.1' ],
15 silly audit   'micromark-util-events-to-acorn': [ '2.0.3' ],
15 silly audit   'micromark-util-html-tag-name': [ '2.0.1' ],
15 silly audit   'micromark-util-normalize-identifier': [ '2.0.1' ],
15 silly audit   'micromark-util-resolve-all': [ '2.0.1' ],
15 silly audit   'micromark-util-sanitize-uri': [ '2.0.1' ],
15 silly audit   'micromark-util-subtokenize': [ '2.1.0' ],
15 silly audit   'micromark-util-symbol': [ '2.0.1' ],
15 silly audit   'micromark-util-types': [ '2.0.2' ],
15 silly audit   micromatch: [ '4.0.8' ],
15 silly audit   minimist: [ '1.2.8' ],
15 silly audit   ms: [ '2.1.3' ],
15 silly audit   nanoid: [ '3.3.11' ],
15 silly audit   'napi-postinstall': [ '0.3.4' ],
15 silly audit   'natural-compare': [ '1.4.0' ],
15 silly audit   next: [ '16.1.7' ],
15 silly audit   'next-mdx-remote': [ '6.0.0' ],
15 silly audit   postcss: [ '8.4.31', '8.5.8' ],
15 silly audit   'node-exports-info': [ '1.6.0' ],
15 silly audit   'node-releases': [ '2.0.36' ],
15 silly audit   'object-assign': [ '4.1.1' ],
15 silly audit   'object-inspect': [ '1.13.4' ],
15 silly audit   'object-keys': [ '1.1.1' ],
15 silly audit   'object.assign': [ '4.1.7' ],
15 silly audit   'object.entries': [ '1.1.9' ],
15 silly audit   'object.fromentries': [ '2.0.8' ],
15 silly audit   'object.groupby': [ '1.0.3' ],
15 silly audit   'object.values': [ '1.2.1' ],
15 silly audit   optionator: [ '0.9.4' ],
15 silly audit   'own-keys': [ '1.0.1' ],
15 silly audit   'p-limit': [ '3.1.0' ],
15 silly audit   'p-locate': [ '5.0.0' ],
15 silly audit   'parent-module': [ '1.0.1' ],
15 silly audit   'parse-entities': [ '4.0.2' ],
15 silly audit   'path-exists': [ '4.0.0' ],
15 silly audit   'path-key': [ '3.1.1' ],
15 silly audit   'path-parse': [ '1.0.7' ],
15 silly audit   pathe: [ '2.0.3' ],
15 silly audit   pathval: [ '2.0.1' ],
15 silly audit   picocolors: [ '1.1.1' ],
15 silly audit   picomatch: [ '2.3.1', '4.0.3' ],
15 silly audit   'possible-typed-array-names': [ '1.1.0' ],
15 silly audit   'prelude-ls': [ '1.2.1' ],
15 silly audit   'prop-types': [ '15.8.1' ],
15 silly audit   'property-information': [ '7.1.0' ],
15 silly audit   punycode: [ '2.3.1' ],
15 silly audit   'queue-microtask': [ '1.2.3' ],
15 silly audit   react: [ '19.2.3' ],
15 silly audit   'react-dom': [ '19.2.3' ],
15 silly audit   'react-is': [ '16.13.1' ],
15 silly audit   'reading-time': [ '1.5.0' ],
15 silly audit   'recma-build-jsx': [ '1.0.0' ],
15 silly audit   'recma-jsx': [ '1.0.1' ],
15 silly audit   'recma-parse': [ '1.0.0' ],
15 silly audit   'recma-stringify': [ '1.0.0' ],
15 silly audit   'reflect.getprototypeof': [ '1.0.10' ],
15 silly audit   'regexp.prototype.flags': [ '1.5.4' ],
15 silly audit   'rehype-recma': [ '1.0.0' ],
15 silly audit   'rehype-sanitize': [ '6.0.0' ],
15 silly audit   'remark-gfm': [ '4.0.1' ],
15 silly audit   'remark-mdx': [ '3.1.1' ],
15 silly audit   'remark-parse': [ '11.0.0' ],
15 silly audit   'remark-rehype': [ '11.1.2' ],
15 silly audit   'remark-stringify': [ '11.0.0' ],
15 silly audit   'resolve-from': [ '4.0.0' ],
15 silly audit   'resolve-pkg-maps': [ '1.0.0' ],
15 silly audit   reusify: [ '1.1.0' ],
15 silly audit   rollup: [ '4.59.1' ],
15 silly audit   'run-parallel': [ '1.2.0' ],
15 silly audit   'safe-array-concat': [ '1.1.3' ],
15 silly audit   'safe-push-apply': [ '1.0.0' ],
15 silly audit   'safe-regex-test': [ '1.1.0' ],
15 silly audit   scheduler: [ '0.27.0' ],
15 silly audit   'section-matter': [ '1.0.0' ],
15 silly audit   'set-function-length': [ '1.2.2' ],
15 silly audit   'set-function-name': [ '2.0.2' ],
15 silly audit   'set-proto': [ '1.0.0' ],
15 silly audit   sharp: [ '0.34.5' ],
15 silly audit   'shebang-command': [ '2.0.0' ],
15 silly audit   'shebang-regex': [ '3.0.0' ],
15 silly audit   'side-channel': [ '1.1.0' ],
15 silly audit   'side-channel-list': [ '1.0.0' ],
15 silly audit   'side-channel-map': [ '1.0.1' ],
15 silly audit   'side-channel-weakmap': [ '1.0.2' ],
15 silly audit   siginfo: [ '2.0.0' ],
15 silly audit   'source-map': [ '0.7.6' ],
15 silly audit   'source-map-js': [ '1.2.1' ],
15 silly audit   'space-separated-tokens': [ '2.0.2' ],
15 silly audit   'sprintf-js': [ '1.0.3' ],
15 silly audit   'stable-hash': [ '0.0.5' ],
15 silly audit   stackback: [ '0.0.2' ],
15 silly audit   'std-env': [ '3.10.0' ],
15 silly audit   'stop-iteration-iterator': [ '1.1.0' ],
15 silly audit   'string.prototype.includes': [ '2.0.1' ],
15 silly audit   'string.prototype.matchall': [ '4.0.12' ],
15 silly audit   'string.prototype.repeat': [ '1.0.0' ],
15 silly audit   'string.prototype.trim': [ '1.2.10' ],
15 silly audit   'string.prototype.trimend': [ '1.0.9' ],
15 silly audit   'string.prototype.trimstart': [ '1.0.8' ],
15 silly audit   'stringify-entities': [ '4.0.4' ],
15 silly audit   'strip-bom': [ '3.0.0' ],
15 silly audit   'strip-bom-string': [ '1.0.0' ],
15 silly audit   'strip-json-comments': [ '3.1.1' ],
15 silly audit   'strip-literal': [ '3.1.0' ],
15 silly audit   'style-to-js': [ '1.1.21' ],
15 silly audit   'style-to-object': [ '1.0.14' ],
15 silly audit   'styled-jsx': [ '5.1.6' ],
15 silly audit   'supports-color': [ '7.2.0' ],
15 silly audit   'supports-preserve-symlinks-flag': [ '1.0.0' ],
15 silly audit   tailwindcss: [ '4.2.1' ],
15 silly audit   tapable: [ '2.3.0' ],
15 silly audit   tinybench: [ '2.9.0' ],
15 silly audit   tinyexec: [ '0.3.2' ],
15 silly audit   tinyglobby: [ '0.2.15' ],
15 silly audit   fdir: [ '6.5.0' ],
15 silly audit   tinypool: [ '1.1.1' ],
15 silly audit   tinyrainbow: [ '2.0.0' ],
15 silly audit   tinyspy: [ '4.0.4' ],
15 silly audit   'to-regex-range': [ '5.0.1' ],
15 silly audit   'trim-lines': [ '3.0.1' ],
15 silly audit   trough: [ '2.2.0' ],
15 silly audit   'ts-api-utils': [ '2.4.0' ],
15 silly audit   'tsconfig-paths': [ '3.15.0' ],
15 silly audit   tslib: [ '2.8.1' ],
15 silly audit   'type-check': [ '0.4.0' ],
15 silly audit   'typed-array-buffer': [ '1.0.3' ],
15 silly audit   'typed-array-byte-length': [ '1.0.3' ],
15 silly audit   'typed-array-byte-offset': [ '1.0.4' ],
15 silly audit   'typed-array-length': [ '1.0.7' ],
15 silly audit   typescript: [ '5.9.3' ],
15 silly audit   'typescript-eslint': [ '8.57.1' ],
15 silly audit   'unbox-primitive': [ '1.1.0' ],
15 silly audit   'undici-types': [ '6.21.0' ],
15 silly audit   unified: [ '11.0.5' ],
15 silly audit   'unist-util-is': [ '6.0.1' ],
15 silly audit   'unist-util-position': [ '5.0.0' ],
15 silly audit   'unist-util-position-from-estree': [ '2.0.0' ],
15 silly audit   'unist-util-remove': [ '4.0.0' ],
15 silly audit   'unist-util-stringify-position': [ '4.0.0' ],
15 silly audit   'unist-util-visit': [ '5.1.0' ],
15 silly audit   'unist-util-visit-parents': [ '6.0.2' ],
15 silly audit   'unrs-resolver': [ '1.11.1' ],
15 silly audit   'update-browserslist-db': [ '1.2.3' ],
15 silly audit   'uri-js': [ '4.4.1' ],
15 silly audit   vfile: [ '6.0.3' ],
15 silly audit   'vfile-matter': [ '5.0.1' ],
15 silly audit   'vfile-message': [ '4.0.3' ],
15 silly audit   vite: [ '7.3.1' ],
15 silly audit   'vite-node': [ '3.2.4' ],
15 silly audit   vitest: [ '3.2.4' ],
15 silly audit   which: [ '2.0.2' ],
15 silly audit   'which-boxed-primitive': [ '1.1.1' ],
15 silly audit   'which-builtin-type': [ '1.2.1' ],
15 silly audit   'which-collection': [ '1.0.2' ],
15 silly audit   'which-typed-array': [ '1.1.20' ],
15 silly audit   'why-is-node-running': [ '2.3.0' ],
15 silly audit   'word-wrap': [ '1.2.5' ],
15 silly audit   yallist: [ '3.1.1' ],
15 silly audit   yaml: [ '2.8.3' ],
15 silly audit   'yocto-queue': [ '0.1.0' ],
15 silly audit   zod: [ '4.3.6' ],
15 silly audit   'zod-validation-error': [ '4.0.2' ],
15 silly audit   zwitch: [ '2.0.4' ]
15 silly audit }
16 http cache zwitch@https://registry.npmjs.org/zwitch/-/zwitch-2.0.4.tgz 0ms (cache hit)
17 http cache zod-validation-error@https://registry.npmjs.org/zod-validation-error/-/zod-validation-error-4.0.2.tgz 0ms (cache hit)
18 http cache zod@https://registry.npmjs.org/zod/-/zod-4.3.6.tgz 0ms (cache hit)
19 http cache yocto-queue@https://registry.npmjs.org/yocto-queue/-/yocto-queue-0.1.0.tgz 0ms (cache hit)
20 http cache yallist@https://registry.npmjs.org/yallist/-/yallist-3.1.1.tgz 0ms (cache hit)
21 http cache why-is-node-running@https://registry.npmjs.org/why-is-node-running/-/why-is-node-running-2.3.0.tgz 0ms (cache hit)
22 http cache word-wrap@https://registry.npmjs.org/word-wrap/-/word-wrap-1.2.5.tgz 0ms (cache hit)
23 http cache which-typed-array@https://registry.npmjs.org/which-typed-array/-/which-typed-array-1.1.20.tgz 0ms (cache hit)
24 http cache which-builtin-type@https://registry.npmjs.org/which-builtin-type/-/which-builtin-type-1.2.1.tgz 0ms (cache hit)
25 http cache yaml@https://registry.npmjs.org/yaml/-/yaml-2.8.3.tgz 0ms (cache hit)
26 http cache which-boxed-primitive@https://registry.npmjs.org/which-boxed-primitive/-/which-boxed-primitive-1.1.1.tgz 0ms (cache hit)
27 http cache vitest@https://registry.npmjs.org/vitest/-/vitest-3.2.4.tgz 0ms (cache hit)
28 http cache which@https://registry.npmjs.org/which/-/which-2.0.2.tgz 0ms (cache hit)
29 http cache vite-node@https://registry.npmjs.org/vite-node/-/vite-node-3.2.4.tgz 0ms (cache hit)
30 http cache which-collection@https://registry.npmjs.org/which-collection/-/which-collection-1.0.2.tgz 0ms (cache hit)
31 http cache vite@https://registry.npmjs.org/vite/-/vite-7.3.1.tgz 0ms (cache hit)
32 http cache vfile-message@https://registry.npmjs.org/vfile-message/-/vfile-message-4.0.3.tgz 0ms (cache hit)
33 http cache vfile-matter@https://registry.npmjs.org/vfile-matter/-/vfile-matter-5.0.1.tgz 0ms (cache hit)
34 http cache vfile@https://registry.npmjs.org/vfile/-/vfile-6.0.3.tgz 0ms (cache hit)
35 http cache update-browserslist-db@https://registry.npmjs.org/update-browserslist-db/-/update-browserslist-db-1.2.3.tgz 0ms (cache hit)
36 http cache unist-util-visit-parents@https://registry.npmjs.org/unist-util-visit-parents/-/unist-util-visit-parents-6.0.2.tgz 0ms (cache hit)
37 http cache unrs-resolver@https://registry.npmjs.org/unrs-resolver/-/unrs-resolver-1.11.1.tgz 0ms (cache hit)
38 http cache unist-util-visit@https://registry.npmjs.org/unist-util-visit/-/unist-util-visit-5.1.0.tgz 0ms (cache hit)
39 http cache uri-js@https://registry.npmjs.org/uri-js/-/uri-js-4.4.1.tgz 0ms (cache hit)
40 http cache unist-util-position-from-estree@https://registry.npmjs.org/unist-util-position-from-estree/-/unist-util-position-from-estree-2.0.0.tgz 0ms (cache hit)
41 http cache unist-util-stringify-position@https://registry.npmjs.org/unist-util-stringify-position/-/unist-util-stringify-position-4.0.0.tgz 0ms (cache hit)
42 http cache unist-util-is@https://registry.npmjs.org/unist-util-is/-/unist-util-is-6.0.1.tgz 0ms (cache hit)
43 http cache undici-types@https://registry.npmjs.org/undici-types/-/undici-types-6.21.0.tgz 0ms (cache hit)
44 http cache unified@https://registry.npmjs.org/unified/-/unified-11.0.5.tgz 0ms (cache hit)
45 http cache unist-util-remove@https://registry.npmjs.org/unist-util-remove/-/unist-util-remove-4.0.0.tgz 0ms (cache hit)
46 http cache unbox-primitive@https://registry.npmjs.org/unbox-primitive/-/unbox-primitive-1.1.0.tgz 0ms (cache hit)
47 http cache typescript-eslint@https://registry.npmjs.org/typescript-eslint/-/typescript-eslint-8.57.1.tgz 0ms (cache hit)
48 http cache typescript@https://registry.npmjs.org/typescript/-/typescript-5.9.3.tgz 0ms (cache hit)
49 http cache unist-util-position@https://registry.npmjs.org/unist-util-position/-/unist-util-position-5.0.0.tgz 0ms (cache hit)
50 http cache typed-array-byte-offset@https://registry.npmjs.org/typed-array-byte-offset/-/typed-array-byte-offset-1.0.4.tgz 0ms (cache hit)
51 http cache typed-array-buffer@https://registry.npmjs.org/typed-array-buffer/-/typed-array-buffer-1.0.3.tgz 0ms (cache hit)
52 http cache typed-array-length@https://registry.npmjs.org/typed-array-length/-/typed-array-length-1.0.7.tgz 0ms (cache hit)
53 http cache typed-array-byte-length@https://registry.npmjs.org/typed-array-byte-length/-/typed-array-byte-length-1.0.3.tgz 0ms (cache hit)
54 http cache type-check@https://registry.npmjs.org/type-check/-/type-check-0.4.0.tgz 0ms (cache hit)
55 http cache ts-api-utils@https://registry.npmjs.org/ts-api-utils/-/ts-api-utils-2.4.0.tgz 0ms (cache hit)
56 http cache trough@https://registry.npmjs.org/trough/-/trough-2.2.0.tgz 0ms (cache hit)
57 http cache trim-lines@https://registry.npmjs.org/trim-lines/-/trim-lines-3.0.1.tgz 0ms (cache hit)
58 http cache tsconfig-paths@https://registry.npmjs.org/tsconfig-paths/-/tsconfig-paths-3.15.0.tgz 0ms (cache hit)
59 http cache tinyspy@https://registry.npmjs.org/tinyspy/-/tinyspy-4.0.4.tgz 0ms (cache hit)
60 http cache tslib@https://registry.npmjs.org/tslib/-/tslib-2.8.1.tgz 0ms (cache hit)
61 http cache to-regex-range@https://registry.npmjs.org/to-regex-range/-/to-regex-range-5.0.1.tgz 0ms (cache hit)
62 http cache tinyrainbow@https://registry.npmjs.org/tinyrainbow/-/tinyrainbow-2.0.0.tgz 0ms (cache hit)
63 http cache tinyglobby@https://registry.npmjs.org/tinyglobby/-/tinyglobby-0.2.15.tgz 0ms (cache hit)
64 http cache tinybench@https://registry.npmjs.org/tinybench/-/tinybench-2.9.0.tgz 0ms (cache hit)
65 http cache tinypool@https://registry.npmjs.org/tinypool/-/tinypool-1.1.1.tgz 0ms (cache hit)
66 http cache tailwindcss@https://registry.npmjs.org/tailwindcss/-/tailwindcss-4.2.1.tgz 0ms (cache hit)
67 http cache supports-preserve-symlinks-flag@https://registry.npmjs.org/supports-preserve-symlinks-flag/-/supports-preserve-symlinks-flag-1.0.0.tgz 0ms (cache hit)
68 http cache supports-color@https://registry.npmjs.org/supports-color/-/supports-color-7.2.0.tgz 0ms (cache hit)
69 http cache styled-jsx@https://registry.npmjs.org/styled-jsx/-/styled-jsx-5.1.6.tgz 0ms (cache hit)
70 http cache style-to-object@https://registry.npmjs.org/style-to-object/-/style-to-object-1.0.14.tgz 0ms (cache hit)
71 http cache tinyexec@https://registry.npmjs.org/tinyexec/-/tinyexec-0.3.2.tgz 0ms (cache hit)
72 http cache style-to-js@https://registry.npmjs.org/style-to-js/-/style-to-js-1.1.21.tgz 0ms (cache hit)
73 http cache strip-literal@https://registry.npmjs.org/strip-literal/-/strip-literal-3.1.0.tgz 0ms (cache hit)
74 http cache strip-bom-string@https://registry.npmjs.org/strip-bom-string/-/strip-bom-string-1.0.0.tgz 0ms (cache hit)
75 http cache stringify-entities@https://registry.npmjs.org/stringify-entities/-/stringify-entities-4.0.4.tgz 0ms (cache hit)
76 http cache tapable@https://registry.npmjs.org/tapable/-/tapable-2.3.0.tgz 0ms (cache hit)
77 http cache string.prototype.trimstart@https://registry.npmjs.org/string.prototype.trimstart/-/string.prototype.trimstart-1.0.8.tgz 0ms (cache hit)
78 http cache string.prototype.trimend@https://registry.npmjs.org/string.prototype.trimend/-/string.prototype.trimend-1.0.9.tgz 0ms (cache hit)
79 http cache string.prototype.repeat@https://registry.npmjs.org/string.prototype.repeat/-/string.prototype.repeat-1.0.0.tgz 0ms (cache hit)
80 http cache string.prototype.trim@https://registry.npmjs.org/string.prototype.trim/-/string.prototype.trim-1.2.10.tgz 0ms (cache hit)
81 http cache strip-bom@https://registry.npmjs.org/strip-bom/-/strip-bom-3.0.0.tgz 0ms (cache hit)
82 http cache string.prototype.matchall@https://registry.npmjs.org/string.prototype.matchall/-/string.prototype.matchall-4.0.12.tgz 0ms (cache hit)
83 http cache strip-json-comments@https://registry.npmjs.org/strip-json-comments/-/strip-json-comments-3.1.1.tgz 0ms (cache hit)
84 http cache stop-iteration-iterator@https://registry.npmjs.org/stop-iteration-iterator/-/stop-iteration-iterator-1.1.0.tgz 0ms (cache hit)
85 http cache std-env@https://registry.npmjs.org/std-env/-/std-env-3.10.0.tgz 0ms (cache hit)
86 http cache string.prototype.includes@https://registry.npmjs.org/string.prototype.includes/-/string.prototype.includes-2.0.1.tgz 0ms (cache hit)
87 http cache stable-hash@https://registry.npmjs.org/stable-hash/-/stable-hash-0.0.5.tgz 0ms (cache hit)
88 http cache stackback@https://registry.npmjs.org/stackback/-/stackback-0.0.2.tgz 0ms (cache hit)
89 http cache space-separated-tokens@https://registry.npmjs.org/space-separated-tokens/-/space-separated-tokens-2.0.2.tgz 0ms (cache hit)
90 http cache siginfo@https://registry.npmjs.org/siginfo/-/siginfo-2.0.0.tgz 0ms (cache hit)
91 http cache source-map@https://registry.npmjs.org/source-map/-/source-map-0.7.6.tgz 0ms (cache hit)
92 http cache side-channel-weakmap@https://registry.npmjs.org/side-channel-weakmap/-/side-channel-weakmap-1.0.2.tgz 0ms (cache hit)
93 http cache side-channel-map@https://registry.npmjs.org/side-channel-map/-/side-channel-map-1.0.1.tgz 0ms (cache hit)
94 http cache sprintf-js@https://registry.npmjs.org/sprintf-js/-/sprintf-js-1.0.3.tgz 0ms (cache hit)
95 http cache side-channel-list@https://registry.npmjs.org/side-channel-list/-/side-channel-list-1.0.0.tgz 0ms (cache hit)
96 http cache shebang-regex@https://registry.npmjs.org/shebang-regex/-/shebang-regex-3.0.0.tgz 0ms (cache hit)
97 http cache shebang-command@https://registry.npmjs.org/shebang-command/-/shebang-command-2.0.0.tgz 0ms (cache hit)
98 http cache source-map-js@https://registry.npmjs.org/source-map-js/-/source-map-js-1.2.1.tgz 0ms (cache hit)
99 http cache side-channel@https://registry.npmjs.org/side-channel/-/side-channel-1.1.0.tgz 0ms (cache hit)
100 http cache sharp@https://registry.npmjs.org/sharp/-/sharp-0.34.5.tgz 0ms (cache hit)
101 http cache set-function-length@https://registry.npmjs.org/set-function-length/-/set-function-length-1.2.2.tgz 0ms (cache hit)
102 http cache set-function-name@https://registry.npmjs.org/set-function-name/-/set-function-name-2.0.2.tgz 0ms (cache hit)
103 http cache semver@https://registry.npmjs.org/semver/-/semver-6.3.1.tgz 0ms (cache hit)
104 http cache scheduler@https://registry.npmjs.org/scheduler/-/scheduler-0.27.0.tgz 0ms (cache hit)
105 http cache section-matter@https://registry.npmjs.org/section-matter/-/section-matter-1.0.0.tgz 0ms (cache hit)
106 http cache set-proto@https://registry.npmjs.org/set-proto/-/set-proto-1.0.0.tgz 0ms (cache hit)
107 http cache safe-push-apply@https://registry.npmjs.org/safe-push-apply/-/safe-push-apply-1.0.0.tgz 0ms (cache hit)
108 http cache safe-regex-test@https://registry.npmjs.org/safe-regex-test/-/safe-regex-test-1.1.0.tgz 0ms (cache hit)
109 http cache safe-array-concat@https://registry.npmjs.org/safe-array-concat/-/safe-array-concat-1.1.3.tgz 0ms (cache hit)
110 http cache rollup@https://registry.npmjs.org/rollup/-/rollup-4.59.1.tgz 0ms (cache hit)
111 http cache run-parallel@https://registry.npmjs.org/run-parallel/-/run-parallel-1.2.0.tgz 0ms (cache hit)
112 http cache resolve-pkg-maps@https://registry.npmjs.org/resolve-pkg-maps/-/resolve-pkg-maps-1.0.0.tgz 0ms (cache hit)
113 http cache reusify@https://registry.npmjs.org/reusify/-/reusify-1.1.0.tgz 0ms (cache hit)
114 http cache remark-stringify@https://registry.npmjs.org/remark-stringify/-/remark-stringify-11.0.0.tgz 0ms (cache hit)
115 http cache resolve-from@https://registry.npmjs.org/resolve-from/-/resolve-from-4.0.0.tgz 0ms (cache hit)
116 http cache remark-rehype@https://registry.npmjs.org/remark-rehype/-/remark-rehype-11.1.2.tgz 0ms (cache hit)
117 http cache remark-gfm@https://registry.npmjs.org/remark-gfm/-/remark-gfm-4.0.1.tgz 0ms (cache hit)
118 http cache remark-mdx@https://registry.npmjs.org/remark-mdx/-/remark-mdx-3.1.1.tgz 0ms (cache hit)
119 http cache rehype-sanitize@https://registry.npmjs.org/rehype-sanitize/-/rehype-sanitize-6.0.0.tgz 0ms (cache hit)
120 http cache rehype-recma@https://registry.npmjs.org/rehype-recma/-/rehype-recma-1.0.0.tgz 0ms (cache hit)
121 http cache regexp.prototype.flags@https://registry.npmjs.org/regexp.prototype.flags/-/regexp.prototype.flags-1.5.4.tgz 0ms (cache hit)
122 http cache reflect.getprototypeof@https://registry.npmjs.org/reflect.getprototypeof/-/reflect.getprototypeof-1.0.10.tgz 0ms (cache hit)
123 http cache recma-stringify@https://registry.npmjs.org/recma-stringify/-/recma-stringify-1.0.0.tgz 0ms (cache hit)
124 http cache remark-parse@https://registry.npmjs.org/remark-parse/-/remark-parse-11.0.0.tgz 0ms (cache hit)
125 http cache recma-parse@https://registry.npmjs.org/recma-parse/-/recma-parse-1.0.0.tgz 0ms (cache hit)
126 http cache recma-build-jsx@https://registry.npmjs.org/recma-build-jsx/-/recma-build-jsx-1.0.0.tgz 0ms (cache hit)
127 http cache reading-time@https://registry.npmjs.org/reading-time/-/reading-time-1.5.0.tgz 0ms (cache hit)
128 http cache react-dom@https://registry.npmjs.org/react-dom/-/react-dom-19.2.3.tgz 0ms (cache hit)
129 http cache resolve@https://registry.npmjs.org/resolve/-/resolve-1.22.11.tgz 0ms (cache hit)
130 http cache react@https://registry.npmjs.org/react/-/react-19.2.3.tgz 0ms (cache hit)
131 http cache recma-jsx@https://registry.npmjs.org/recma-jsx/-/recma-jsx-1.0.1.tgz 0ms (cache hit)
132 http cache punycode@https://registry.npmjs.org/punycode/-/punycode-2.3.1.tgz 0ms (cache hit)
133 http cache react-is@https://registry.npmjs.org/react-is/-/react-is-16.13.1.tgz 0ms (cache hit)
134 http cache property-information@https://registry.npmjs.org/property-information/-/property-information-7.1.0.tgz 0ms (cache hit)
135 http cache prop-types@https://registry.npmjs.org/prop-types/-/prop-types-15.8.1.tgz 0ms (cache hit)
136 http cache queue-microtask@https://registry.npmjs.org/queue-microtask/-/queue-microtask-1.2.3.tgz 0ms (cache hit)
137 http cache postcss@https://registry.npmjs.org/postcss/-/postcss-8.5.8.tgz 0ms (cache hit)
138 http cache prelude-ls@https://registry.npmjs.org/prelude-ls/-/prelude-ls-1.2.1.tgz 0ms (cache hit)
139 http cache possible-typed-array-names@https://registry.npmjs.org/possible-typed-array-names/-/possible-typed-array-names-1.1.0.tgz 0ms (cache hit)
140 http cache picocolors@https://registry.npmjs.org/picocolors/-/picocolors-1.1.1.tgz 0ms (cache hit)
141 http cache pathval@https://registry.npmjs.org/pathval/-/pathval-2.0.1.tgz 0ms (cache hit)
142 http cache path-parse@https://registry.npmjs.org/path-parse/-/path-parse-1.0.7.tgz 0ms (cache hit)
143 http cache pathe@https://registry.npmjs.org/pathe/-/pathe-2.0.3.tgz 0ms (cache hit)
144 http cache picomatch@https://registry.npmjs.org/picomatch/-/picomatch-2.3.1.tgz 0ms (cache hit)
145 http cache path-exists@https://registry.npmjs.org/path-exists/-/path-exists-4.0.0.tgz 0ms (cache hit)
146 http cache parse-entities@https://registry.npmjs.org/parse-entities/-/parse-entities-4.0.2.tgz 0ms (cache hit)
147 http cache parent-module@https://registry.npmjs.org/parent-module/-/parent-module-1.0.1.tgz 0ms (cache hit)
148 http cache p-limit@https://registry.npmjs.org/p-limit/-/p-limit-3.1.0.tgz 0ms (cache hit)
149 http cache optionator@https://registry.npmjs.org/optionator/-/optionator-0.9.4.tgz 0ms (cache hit)
150 http cache p-locate@https://registry.npmjs.org/p-locate/-/p-locate-5.0.0.tgz 0ms (cache hit)
151 http cache path-key@https://registry.npmjs.org/path-key/-/path-key-3.1.1.tgz 0ms (cache hit)
152 http cache object.values@https://registry.npmjs.org/object.values/-/object.values-1.2.1.tgz 0ms (cache hit)
153 http cache object.fromentries@https://registry.npmjs.org/object.fromentries/-/object.fromentries-2.0.8.tgz 0ms (cache hit)
154 http cache object.entries@https://registry.npmjs.org/object.entries/-/object.entries-1.1.9.tgz 0ms (cache hit)
155 http cache object.groupby@https://registry.npmjs.org/object.groupby/-/object.groupby-1.0.3.tgz 0ms (cache hit)
156 http cache object.assign@https://registry.npmjs.org/object.assign/-/object.assign-4.1.7.tgz 0ms (cache hit)
157 http cache own-keys@https://registry.npmjs.org/own-keys/-/own-keys-1.0.1.tgz 0ms (cache hit)
158 http cache object-inspect@https://registry.npmjs.org/object-inspect/-/object-inspect-1.13.4.tgz 0ms (cache hit)
159 http cache object-assign@https://registry.npmjs.org/object-assign/-/object-assign-4.1.1.tgz 0ms (cache hit)
160 http cache object-keys@https://registry.npmjs.org/object-keys/-/object-keys-1.1.1.tgz 0ms (cache hit)
161 http cache next-mdx-remote@https://registry.npmjs.org/next-mdx-remote/-/next-mdx-remote-6.0.0.tgz 0ms (cache hit)
162 http cache node-releases@https://registry.npmjs.org/node-releases/-/node-releases-2.0.36.tgz 0ms (cache hit)
163 http cache node-exports-info@https://registry.npmjs.org/node-exports-info/-/node-exports-info-1.6.0.tgz 0ms (cache hit)
164 http cache natural-compare@https://registry.npmjs.org/natural-compare/-/natural-compare-1.4.0.tgz 0ms (cache hit)
165 http cache next@https://registry.npmjs.org/next/-/next-16.1.7.tgz 0ms (cache hit)
166 http cache napi-postinstall@https://registry.npmjs.org/napi-postinstall/-/napi-postinstall-0.3.4.tgz 0ms (cache hit)
167 http cache minimist@https://registry.npmjs.org/minimist/-/minimist-1.2.8.tgz 0ms (cache hit)
168 http cache ms@https://registry.npmjs.org/ms/-/ms-2.1.3.tgz 0ms (cache hit)
169 http cache minimatch@https://registry.npmjs.org/minimatch/-/minimatch-3.1.5.tgz 0ms (cache hit)
170 http cache nanoid@https://registry.npmjs.org/nanoid/-/nanoid-3.3.11.tgz 0ms (cache hit)
171 http cache micromatch@https://registry.npmjs.org/micromatch/-/micromatch-4.0.8.tgz 0ms (cache hit)
172 http cache micromark-util-types@https://registry.npmjs.org/micromark-util-types/-/micromark-util-types-2.0.2.tgz 0ms (cache hit)
173 http cache micromark-util-subtokenize@https://registry.npmjs.org/micromark-util-subtokenize/-/micromark-util-subtokenize-2.1.0.tgz 0ms (cache hit)
174 http cache micromark-util-sanitize-uri@https://registry.npmjs.org/micromark-util-sanitize-uri/-/micromark-util-sanitize-uri-2.0.1.tgz 0ms (cache hit)
175 http cache micromark-util-resolve-all@https://registry.npmjs.org/micromark-util-resolve-all/-/micromark-util-resolve-all-2.0.1.tgz 0ms (cache hit)
176 http cache micromark-util-normalize-identifier@https://registry.npmjs.org/micromark-util-normalize-identifier/-/micromark-util-normalize-identifier-2.0.1.tgz 0ms (cache hit)
177 http cache micromark-util-html-tag-name@https://registry.npmjs.org/micromark-util-html-tag-name/-/micromark-util-html-tag-name-2.0.1.tgz 0ms (cache hit)
178 http cache micromark-util-events-to-acorn@https://registry.npmjs.org/micromark-util-events-to-acorn/-/micromark-util-events-to-acorn-2.0.3.tgz 0ms (cache hit)
179 http cache micromark-util-symbol@https://registry.npmjs.org/micromark-util-symbol/-/micromark-util-symbol-2.0.1.tgz 0ms (cache hit)
180 http cache micromark-util-encode@https://registry.npmjs.org/micromark-util-encode/-/micromark-util-encode-2.0.1.tgz 0ms (cache hit)
181 http cache micromark-util-decode-numeric-character-reference@https://registry.npmjs.org/micromark-util-decode-numeric-character-reference/-/micromark-util-decode-numeric-character-reference-2.0.2.tgz 0ms (cache hit)
182 http cache micromark-util-classify-character@https://registry.npmjs.org/micromark-util-classify-character/-/micromark-util-classify-character-2.0.1.tgz 0ms (cache hit)
183 http cache micromark-util-character@https://registry.npmjs.org/micromark-util-character/-/micromark-util-character-2.1.1.tgz 0ms (cache hit)
184 http cache micromark-util-chunked@https://registry.npmjs.org/micromark-util-chunked/-/micromark-util-chunked-2.0.1.tgz 0ms (cache hit)
185 http cache micromark-util-combine-extensions@https://registry.npmjs.org/micromark-util-combine-extensions/-/micromark-util-combine-extensions-2.0.1.tgz 0ms (cache hit)
186 http cache micromark-util-decode-string@https://registry.npmjs.org/micromark-util-decode-string/-/micromark-util-decode-string-2.0.1.tgz 0ms (cache hit)
187 http cache micromark-factory-whitespace@https://registry.npmjs.org/micromark-factory-whitespace/-/micromark-factory-whitespace-2.0.1.tgz 0ms (cache hit)
188 http cache micromark-factory-title@https://registry.npmjs.org/micromark-factory-title/-/micromark-factory-title-2.0.1.tgz 0ms (cache hit)
189 http cache micromark-factory-label@https://registry.npmjs.org/micromark-factory-label/-/micromark-factory-label-2.0.1.tgz 0ms (cache hit)
190 http cache micromark-factory-destination@https://registry.npmjs.org/micromark-factory-destination/-/micromark-factory-destination-2.0.1.tgz 0ms (cache hit)
191 http cache micromark-factory-mdx-expression@https://registry.npmjs.org/micromark-factory-mdx-expression/-/micromark-factory-mdx-expression-2.0.3.tgz 0ms (cache hit)
192 http cache micromark-factory-space@https://registry.npmjs.org/micromark-factory-space/-/micromark-factory-space-2.0.1.tgz 0ms (cache hit)
193 http cache micromark-extension-mdxjs-esm@https://registry.npmjs.org/micromark-extension-mdxjs-esm/-/micromark-extension-mdxjs-esm-3.0.0.tgz 0ms (cache hit)
194 http cache micromark-extension-mdxjs@https://registry.npmjs.org/micromark-extension-mdxjs/-/micromark-extension-mdxjs-3.0.0.tgz 0ms (cache hit)
195 http cache micromark-extension-mdx-jsx@https://registry.npmjs.org/micromark-extension-mdx-jsx/-/micromark-extension-mdx-jsx-3.0.2.tgz 0ms (cache hit)
196 http cache micromark-extension-mdx-expression@https://registry.npmjs.org/micromark-extension-mdx-expression/-/micromark-extension-mdx-expression-3.0.1.tgz 0ms (cache hit)
197 http cache micromark-extension-gfm-task-list-item@https://registry.npmjs.org/micromark-extension-gfm-task-list-item/-/micromark-extension-gfm-task-list-item-2.1.0.tgz 0ms (cache hit)
198 http cache micromark-extension-gfm-tagfilter@https://registry.npmjs.org/micromark-extension-gfm-tagfilter/-/micromark-extension-gfm-tagfilter-2.0.0.tgz 0ms (cache hit)
199 http cache micromark-extension-mdx-md@https://registry.npmjs.org/micromark-extension-mdx-md/-/micromark-extension-mdx-md-2.0.0.tgz 0ms (cache hit)
200 http cache micromark-extension-gfm-table@https://registry.npmjs.org/micromark-extension-gfm-table/-/micromark-extension-gfm-table-2.1.1.tgz 0ms (cache hit)
201 http cache micromark-extension-gfm-strikethrough@https://registry.npmjs.org/micromark-extension-gfm-strikethrough/-/micromark-extension-gfm-strikethrough-2.1.0.tgz 0ms (cache hit)
202 http cache micromark-extension-gfm-autolink-literal@https://registry.npmjs.org/micromark-extension-gfm-autolink-literal/-/micromark-extension-gfm-autolink-literal-2.1.0.tgz 0ms (cache hit)
203 http cache micromark-extension-gfm-footnote@https://registry.npmjs.org/micromark-extension-gfm-footnote/-/micromark-extension-gfm-footnote-2.1.0.tgz 0ms (cache hit)
204 http cache micromark-extension-gfm@https://registry.npmjs.org/micromark-extension-gfm/-/micromark-extension-gfm-3.0.0.tgz 0ms (cache hit)
205 http cache micromark@https://registry.npmjs.org/micromark/-/micromark-4.0.2.tgz 0ms (cache hit)
206 http cache merge2@https://registry.npmjs.org/merge2/-/merge2-1.4.1.tgz 0ms (cache hit)
207 http cache micromark-core-commonmark@https://registry.npmjs.org/micromark-core-commonmark/-/micromark-core-commonmark-2.0.3.tgz 0ms (cache hit)
208 http cache mdast-util-to-string@https://registry.npmjs.org/mdast-util-to-string/-/mdast-util-to-string-4.0.0.tgz 0ms (cache hit)
209 http cache mdast-util-to-hast@https://registry.npmjs.org/mdast-util-to-hast/-/mdast-util-to-hast-13.2.1.tgz 0ms (cache hit)
210 http cache mdast-util-mdxjs-esm@https://registry.npmjs.org/mdast-util-mdxjs-esm/-/mdast-util-mdxjs-esm-2.0.1.tgz 0ms (cache hit)
211 http cache mdast-util-mdx-jsx@https://registry.npmjs.org/mdast-util-mdx-jsx/-/mdast-util-mdx-jsx-3.2.0.tgz 0ms (cache hit)
212 http cache mdast-util-mdx-expression@https://registry.npmjs.org/mdast-util-mdx-expression/-/mdast-util-mdx-expression-2.0.1.tgz 0ms (cache hit)
213 http cache mdast-util-phrasing@https://registry.npmjs.org/mdast-util-phrasing/-/mdast-util-phrasing-4.1.0.tgz 0ms (cache hit)
214 http cache mdast-util-mdx@https://registry.npmjs.org/mdast-util-mdx/-/mdast-util-mdx-3.0.0.tgz 0ms (cache hit)
215 http cache mdast-util-gfm-strikethrough@https://registry.npmjs.org/mdast-util-gfm-strikethrough/-/mdast-util-gfm-strikethrough-2.0.0.tgz 0ms (cache hit)
216 http cache mdast-util-gfm-task-list-item@https://registry.npmjs.org/mdast-util-gfm-task-list-item/-/mdast-util-gfm-task-list-item-2.0.0.tgz 0ms (cache hit)
217 http cache mdast-util-gfm-table@https://registry.npmjs.org/mdast-util-gfm-table/-/mdast-util-gfm-table-2.0.0.tgz 0ms (cache hit)
218 http cache mdast-util-gfm-footnote@https://registry.npmjs.org/mdast-util-gfm-footnote/-/mdast-util-gfm-footnote-2.1.0.tgz 0ms (cache hit)
219 http cache mdast-util-from-markdown@https://registry.npmjs.org/mdast-util-from-markdown/-/mdast-util-from-markdown-2.0.3.tgz 0ms (cache hit)
220 http cache mdast-util-gfm-autolink-literal@https://registry.npmjs.org/mdast-util-gfm-autolink-literal/-/mdast-util-gfm-autolink-literal-2.0.1.tgz 0ms (cache hit)
221 http cache math-intrinsics@https://registry.npmjs.org/math-intrinsics/-/math-intrinsics-1.1.0.tgz 0ms (cache hit)
222 http cache mdast-util-to-markdown@https://registry.npmjs.org/mdast-util-to-markdown/-/mdast-util-to-markdown-2.1.2.tgz 0ms (cache hit)
223 http cache mdast-util-find-and-replace@https://registry.npmjs.org/mdast-util-find-and-replace/-/mdast-util-find-and-replace-3.0.2.tgz 0ms (cache hit)
224 http cache mdast-util-gfm@https://registry.npmjs.org/mdast-util-gfm/-/mdast-util-gfm-3.1.0.tgz 0ms (cache hit)
225 http cache markdown-table@https://registry.npmjs.org/markdown-table/-/markdown-table-3.0.4.tgz 0ms (cache hit)
226 http cache loupe@https://registry.npmjs.org/loupe/-/loupe-3.2.1.tgz 0ms (cache hit)
227 http cache lru-cache@https://registry.npmjs.org/lru-cache/-/lru-cache-5.1.1.tgz 0ms (cache hit)
228 http cache loose-envify@https://registry.npmjs.org/loose-envify/-/loose-envify-1.4.0.tgz 0ms (cache hit)
229 http cache magic-string@https://registry.npmjs.org/magic-string/-/magic-string-0.30.21.tgz 0ms (cache hit)
230 http cache lodash.merge@https://registry.npmjs.org/lodash.merge/-/lodash.merge-4.6.2.tgz 0ms (cache hit)
231 http cache locate-path@https://registry.npmjs.org/locate-path/-/locate-path-6.0.0.tgz 0ms (cache hit)
232 http cache lightningcss@https://registry.npmjs.org/lightningcss/-/lightningcss-1.31.1.tgz 0ms (cache hit)
233 http cache lightningcss-darwin-arm64@https://registry.npmjs.org/lightningcss-darwin-arm64/-/lightningcss-darwin-arm64-1.31.1.tgz 0ms (cache hit)
234 http cache longest-streak@https://registry.npmjs.org/longest-streak/-/longest-streak-3.1.0.tgz 0ms (cache hit)
235 http cache markdown-extensions@https://registry.npmjs.org/markdown-extensions/-/markdown-extensions-2.0.0.tgz 0ms (cache hit)
236 http cache language-tags@https://registry.npmjs.org/language-tags/-/language-tags-1.0.9.tgz 0ms (cache hit)
237 http cache language-subtag-registry@https://registry.npmjs.org/language-subtag-registry/-/language-subtag-registry-0.3.23.tgz 0ms (cache hit)
238 http cache keyv@https://registry.npmjs.org/keyv/-/keyv-4.5.4.tgz 0ms (cache hit)
239 http cache kind-of@https://registry.npmjs.org/kind-of/-/kind-of-6.0.3.tgz 0ms (cache hit)
240 http cache levn@https://registry.npmjs.org/levn/-/levn-0.4.1.tgz 0ms (cache hit)
241 http cache jsx-ast-utils@https://registry.npmjs.org/jsx-ast-utils/-/jsx-ast-utils-3.3.5.tgz 0ms (cache hit)
242 http cache json5@https://registry.npmjs.org/json5/-/json5-2.2.3.tgz 0ms (cache hit)
243 http cache json-buffer@https://registry.npmjs.org/json-buffer/-/json-buffer-3.0.1.tgz 0ms (cache hit)
244 http cache json-schema-traverse@https://registry.npmjs.org/json-schema-traverse/-/json-schema-traverse-0.4.1.tgz 0ms (cache hit)
245 http cache jsesc@https://registry.npmjs.org/jsesc/-/jsesc-3.1.0.tgz 0ms (cache hit)
246 http cache js-tokens@https://registry.npmjs.org/js-tokens/-/js-tokens-4.0.0.tgz 0ms (cache hit)
247 http cache json-stable-stringify-without-jsonify@https://registry.npmjs.org/json-stable-stringify-without-jsonify/-/json-stable-stringify-without-jsonify-1.0.1.tgz 0ms (cache hit)
248 http cache js-yaml@https://registry.npmjs.org/js-yaml/-/js-yaml-4.1.1.tgz 0ms (cache hit)
249 http cache jiti@https://registry.npmjs.org/jiti/-/jiti-2.6.1.tgz 0ms (cache hit)
250 http cache isarray@https://registry.npmjs.org/isarray/-/isarray-2.0.5.tgz 0ms (cache hit)
251 http cache is-weakset@https://registry.npmjs.org/is-weakset/-/is-weakset-2.0.4.tgz 0ms (cache hit)
252 http cache is-weakref@https://registry.npmjs.org/is-weakref/-/is-weakref-1.1.1.tgz 0ms (cache hit)
253 http cache is-weakmap@https://registry.npmjs.org/is-weakmap/-/is-weakmap-2.0.2.tgz 0ms (cache hit)
254 http cache isexe@https://registry.npmjs.org/isexe/-/isexe-2.0.0.tgz 0ms (cache hit)
255 http cache is-typed-array@https://registry.npmjs.org/is-typed-array/-/is-typed-array-1.1.15.tgz 0ms (cache hit)
256 http cache is-symbol@https://registry.npmjs.org/is-symbol/-/is-symbol-1.1.1.tgz 0ms (cache hit)
257 http cache is-set@https://registry.npmjs.org/is-set/-/is-set-2.0.3.tgz 0ms (cache hit)
258 http cache is-shared-array-buffer@https://registry.npmjs.org/is-shared-array-buffer/-/is-shared-array-buffer-1.0.4.tgz 0ms (cache hit)
259 http cache is-plain-obj@https://registry.npmjs.org/is-plain-obj/-/is-plain-obj-4.1.0.tgz 0ms (cache hit)
260 http cache is-regex@https://registry.npmjs.org/is-regex/-/is-regex-1.2.1.tgz 0ms (cache hit)
261 http cache is-string@https://registry.npmjs.org/is-string/-/is-string-1.1.1.tgz 0ms (cache hit)
262 http cache is-number-object@https://registry.npmjs.org/is-number-object/-/is-number-object-1.1.1.tgz 0ms (cache hit)
263 http cache iterator.prototype@https://registry.npmjs.org/iterator.prototype/-/iterator.prototype-1.1.5.tgz 0ms (cache hit)
264 http cache is-negative-zero@https://registry.npmjs.org/is-negative-zero/-/is-negative-zero-2.0.3.tgz 0ms (cache hit)
265 http cache is-map@https://registry.npmjs.org/is-map/-/is-map-2.0.3.tgz 0ms (cache hit)
266 http cache is-hexadecimal@https://registry.npmjs.org/is-hexadecimal/-/is-hexadecimal-2.0.1.tgz 0ms (cache hit)
267 http cache is-number@https://registry.npmjs.org/is-number/-/is-number-7.0.0.tgz 0ms (cache hit)
268 http cache is-glob@https://registry.npmjs.org/is-glob/-/is-glob-4.0.3.tgz 0ms (cache hit)
269 http cache is-generator-function@https://registry.npmjs.org/is-generator-function/-/is-generator-function-1.1.2.tgz 0ms (cache hit)
270 http cache is-extglob@https://registry.npmjs.org/is-extglob/-/is-extglob-2.1.1.tgz 0ms (cache hit)
271 http cache is-extendable@https://registry.npmjs.org/is-extendable/-/is-extendable-0.1.1.tgz 0ms (cache hit)
272 http cache is-finalizationregistry@https://registry.npmjs.org/is-finalizationregistry/-/is-finalizationregistry-1.1.1.tgz 0ms (cache hit)
273 http cache is-date-object@https://registry.npmjs.org/is-date-object/-/is-date-object-1.1.0.tgz 0ms (cache hit)
274 http cache is-data-view@https://registry.npmjs.org/is-data-view/-/is-data-view-1.0.2.tgz 0ms (cache hit)
275 http cache is-core-module@https://registry.npmjs.org/is-core-module/-/is-core-module-2.16.1.tgz 0ms (cache hit)
276 http cache is-bun-module@https://registry.npmjs.org/is-bun-module/-/is-bun-module-2.0.0.tgz 0ms (cache hit)
277 http cache is-boolean-object@https://registry.npmjs.org/is-boolean-object/-/is-boolean-object-1.2.2.tgz 0ms (cache hit)
278 http cache is-bigint@https://registry.npmjs.org/is-bigint/-/is-bigint-1.1.0.tgz 0ms (cache hit)
279 http cache is-async-function@https://registry.npmjs.org/is-async-function/-/is-async-function-2.1.1.tgz 0ms (cache hit)
280 http cache is-decimal@https://registry.npmjs.org/is-decimal/-/is-decimal-2.0.1.tgz 0ms (cache hit)
281 http cache is-callable@https://registry.npmjs.org/is-callable/-/is-callable-1.2.7.tgz 0ms (cache hit)
282 http cache is-array-buffer@https://registry.npmjs.org/is-array-buffer/-/is-array-buffer-3.0.5.tgz 0ms (cache hit)
283 http cache is-alphanumerical@https://registry.npmjs.org/is-alphanumerical/-/is-alphanumerical-2.0.1.tgz 0ms (cache hit)
284 http cache imurmurhash@https://registry.npmjs.org/imurmurhash/-/imurmurhash-0.1.4.tgz 0ms (cache hit)
285 http cache inline-style-parser@https://registry.npmjs.org/inline-style-parser/-/inline-style-parser-0.2.7.tgz 0ms (cache hit)
286 http cache internal-slot@https://registry.npmjs.org/internal-slot/-/internal-slot-1.1.0.tgz 0ms (cache hit)
287 http cache import-fresh@https://registry.npmjs.org/import-fresh/-/import-fresh-3.3.1.tgz 0ms (cache hit)
288 http cache is-alphabetical@https://registry.npmjs.org/is-alphabetical/-/is-alphabetical-2.0.1.tgz 0ms (cache hit)
289 http cache hast-util-to-jsx-runtime@https://registry.npmjs.org/hast-util-to-jsx-runtime/-/hast-util-to-jsx-runtime-2.3.6.tgz 0ms (cache hit)
290 http cache hermes-estree@https://registry.npmjs.org/hermes-estree/-/hermes-estree-0.25.1.tgz 0ms (cache hit)
291 http cache hast-util-whitespace@https://registry.npmjs.org/hast-util-whitespace/-/hast-util-whitespace-3.0.0.tgz 0ms (cache hit)
292 http cache ignore@https://registry.npmjs.org/ignore/-/ignore-5.3.2.tgz 0ms (cache hit)
293 http cache hermes-parser@https://registry.npmjs.org/hermes-parser/-/hermes-parser-0.25.1.tgz 0ms (cache hit)
294 http cache hast-util-to-estree@https://registry.npmjs.org/hast-util-to-estree/-/hast-util-to-estree-3.1.3.tgz 0ms (cache hit)
295 http cache hast-util-sanitize@https://registry.npmjs.org/hast-util-sanitize/-/hast-util-sanitize-5.0.2.tgz 0ms (cache hit)
296 http cache has-tostringtag@https://registry.npmjs.org/has-tostringtag/-/has-tostringtag-1.0.2.tgz 0ms (cache hit)
297 http cache has-symbols@https://registry.npmjs.org/has-symbols/-/has-symbols-1.1.0.tgz 0ms (cache hit)
298 http cache hasown@https://registry.npmjs.org/hasown/-/hasown-2.0.2.tgz 0ms (cache hit)
299 http cache has-flag@https://registry.npmjs.org/has-flag/-/has-flag-4.0.0.tgz 0ms (cache hit)
300 http cache gray-matter@https://registry.npmjs.org/gray-matter/-/gray-matter-4.0.3.tgz 0ms (cache hit)
301 http cache graceful-fs@https://registry.npmjs.org/graceful-fs/-/graceful-fs-4.2.11.tgz 0ms (cache hit)
302 http cache has-proto@https://registry.npmjs.org/has-proto/-/has-proto-1.2.0.tgz 0ms (cache hit)
303 http cache has-bigints@https://registry.npmjs.org/has-bigints/-/has-bigints-1.1.0.tgz 0ms (cache hit)
304 http cache globalthis@https://registry.npmjs.org/globalthis/-/globalthis-1.0.4.tgz 0ms (cache hit)
305 http cache glob-parent@https://registry.npmjs.org/glob-parent/-/glob-parent-6.0.2.tgz 0ms (cache hit)
306 http cache gopd@https://registry.npmjs.org/gopd/-/gopd-1.2.0.tgz 0ms (cache hit)
307 http cache has-property-descriptors@https://registry.npmjs.org/has-property-descriptors/-/has-property-descriptors-1.0.2.tgz 0ms (cache hit)
308 http cache get-tsconfig@https://registry.npmjs.org/get-tsconfig/-/get-tsconfig-4.13.6.tgz 0ms (cache hit)
309 http cache get-proto@https://registry.npmjs.org/get-proto/-/get-proto-1.0.1.tgz 0ms (cache hit)
310 http cache globals@https://registry.npmjs.org/globals/-/globals-14.0.0.tgz 0ms (cache hit)
311 http cache get-symbol-description@https://registry.npmjs.org/get-symbol-description/-/get-symbol-description-1.1.0.tgz 0ms (cache hit)
312 http cache get-intrinsic@https://registry.npmjs.org/get-intrinsic/-/get-intrinsic-1.3.0.tgz 0ms (cache hit)
313 http cache gensync@https://registry.npmjs.org/gensync/-/gensync-1.0.0-beta.2.tgz 0ms (cache hit)
314 http cache functions-have-names@https://registry.npmjs.org/functions-have-names/-/functions-have-names-1.2.3.tgz 0ms (cache hit)
315 http cache function-bind@https://registry.npmjs.org/function-bind/-/function-bind-1.1.2.tgz 0ms (cache hit)
316 http cache fsevents@https://registry.npmjs.org/fsevents/-/fsevents-2.3.3.tgz 0ms (cache hit)
317 http cache function.prototype.name@https://registry.npmjs.org/function.prototype.name/-/function.prototype.name-1.1.8.tgz 0ms (cache hit)
318 http cache for-each@https://registry.npmjs.org/for-each/-/for-each-0.3.5.tgz 0ms (cache hit)
319 http cache flat-cache@https://registry.npmjs.org/flat-cache/-/flat-cache-4.0.1.tgz 0ms (cache hit)
320 http cache fill-range@https://registry.npmjs.org/fill-range/-/fill-range-7.1.1.tgz 0ms (cache hit)
321 http cache find-up@https://registry.npmjs.org/find-up/-/find-up-5.0.0.tgz 0ms (cache hit)
322 http cache file-entry-cache@https://registry.npmjs.org/file-entry-cache/-/file-entry-cache-8.0.0.tgz 0ms (cache hit)
323 http cache fastq@https://registry.npmjs.org/fastq/-/fastq-1.20.1.tgz 0ms (cache hit)
324 http cache flatted@https://registry.npmjs.org/flatted/-/flatted-3.4.2.tgz 0ms (cache hit)
325 http cache fast-levenshtein@https://registry.npmjs.org/fast-levenshtein/-/fast-levenshtein-2.0.6.tgz 0ms (cache hit)
326 http cache fast-json-stable-stringify@https://registry.npmjs.org/fast-json-stable-stringify/-/fast-json-stable-stringify-2.1.0.tgz 0ms (cache hit)
327 http cache fast-deep-equal@https://registry.npmjs.org/fast-deep-equal/-/fast-deep-equal-3.1.3.tgz 0ms (cache hit)
328 http cache fast-glob@https://registry.npmjs.org/fast-glob/-/fast-glob-3.3.1.tgz 0ms (cache hit)
329 http cache generator-function@https://registry.npmjs.org/generator-function/-/generator-function-2.0.1.tgz 0ms (cache hit)
330 http cache expect-type@https://registry.npmjs.org/expect-type/-/expect-type-1.3.0.tgz 0ms (cache hit)
331 http cache esutils@https://registry.npmjs.org/esutils/-/esutils-2.0.3.tgz 0ms (cache hit)
332 http cache extend-shallow@https://registry.npmjs.org/extend-shallow/-/extend-shallow-2.0.1.tgz 0ms (cache hit)
333 http cache estree-util-to-js@https://registry.npmjs.org/estree-util-to-js/-/estree-util-to-js-2.0.0.tgz 0ms (cache hit)
334 http cache estree-util-visit@https://registry.npmjs.org/estree-util-visit/-/estree-util-visit-2.0.0.tgz 0ms (cache hit)
335 http cache estree-util-scope@https://registry.npmjs.org/estree-util-scope/-/estree-util-scope-1.0.0.tgz 0ms (cache hit)
336 http cache estree-util-is-identifier-name@https://registry.npmjs.org/estree-util-is-identifier-name/-/estree-util-is-identifier-name-3.0.0.tgz 0ms (cache hit)
337 http cache estree-util-build-jsx@https://registry.npmjs.org/estree-util-build-jsx/-/estree-util-build-jsx-3.0.1.tgz 0ms (cache hit)
338 http cache estree-util-attach-comments@https://registry.npmjs.org/estree-util-attach-comments/-/estree-util-attach-comments-3.0.0.tgz 0ms (cache hit)
339 http cache estraverse@https://registry.npmjs.org/estraverse/-/estraverse-5.3.0.tgz 0ms (cache hit)
340 http cache estree-walker@https://registry.npmjs.org/estree-walker/-/estree-walker-3.0.3.tgz 0ms (cache hit)
341 http cache extend@https://registry.npmjs.org/extend/-/extend-3.0.2.tgz 0ms (cache hit)
342 http cache esrecurse@https://registry.npmjs.org/esrecurse/-/esrecurse-4.3.0.tgz 0ms (cache hit)
343 http cache esquery@https://registry.npmjs.org/esquery/-/esquery-1.7.0.tgz 0ms (cache hit)
344 http cache esprima@https://registry.npmjs.org/esprima/-/esprima-4.0.1.tgz 0ms (cache hit)
345 http cache eslint-visitor-keys@https://registry.npmjs.org/eslint-visitor-keys/-/eslint-visitor-keys-4.2.1.tgz 0ms (cache hit)
346 http cache eslint-scope@https://registry.npmjs.org/eslint-scope/-/eslint-scope-8.4.0.tgz 0ms (cache hit)
347 http cache espree@https://registry.npmjs.org/espree/-/espree-10.4.0.tgz 0ms (cache hit)
348 http cache eslint-plugin-react@https://registry.npmjs.org/eslint-plugin-react/-/eslint-plugin-react-7.37.5.tgz 0ms (cache hit)
349 http cache eslint-plugin-import@https://registry.npmjs.org/eslint-plugin-import/-/eslint-plugin-import-2.32.0.tgz 0ms (cache hit)
350 http cache eslint-import-resolver-typescript@https://registry.npmjs.org/eslint-import-resolver-typescript/-/eslint-import-resolver-typescript-3.10.1.tgz 0ms (cache hit)
351 http cache eslint-import-resolver-node@https://registry.npmjs.org/eslint-import-resolver-node/-/eslint-import-resolver-node-0.3.9.tgz 0ms (cache hit)
352 http cache eslint-module-utils@https://registry.npmjs.org/eslint-module-utils/-/eslint-module-utils-2.12.1.tgz 0ms (cache hit)
353 http cache eslint-plugin-jsx-a11y@https://registry.npmjs.org/eslint-plugin-jsx-a11y/-/eslint-plugin-jsx-a11y-6.10.2.tgz 0ms (cache hit)
354 http cache eslint-config-next@https://registry.npmjs.org/eslint-config-next/-/eslint-config-next-16.1.7.tgz 0ms (cache hit)
355 http cache eslint-plugin-react-hooks@https://registry.npmjs.org/eslint-plugin-react-hooks/-/eslint-plugin-react-hooks-7.0.1.tgz 0ms (cache hit)
356 http cache eslint@https://registry.npmjs.org/eslint/-/eslint-9.39.4.tgz 0ms (cache hit)
357 http cache escape-string-regexp@https://registry.npmjs.org/escape-string-regexp/-/escape-string-regexp-4.0.0.tgz 0ms (cache hit)
358 http cache escalade@https://registry.npmjs.org/escalade/-/escalade-3.2.0.tgz 0ms (cache hit)
359 http cache esast-util-from-estree@https://registry.npmjs.org/esast-util-from-estree/-/esast-util-from-estree-2.0.0.tgz 0ms (cache hit)
360 http cache es-to-primitive@https://registry.npmjs.org/es-to-primitive/-/es-to-primitive-1.3.0.tgz 0ms (cache hit)
361 http cache es-shim-unscopables@https://registry.npmjs.org/es-shim-unscopables/-/es-shim-unscopables-1.1.0.tgz 0ms (cache hit)
362 http cache esbuild@https://registry.npmjs.org/esbuild/-/esbuild-0.27.4.tgz 0ms (cache hit)
363 http cache es-set-tostringtag@https://registry.npmjs.org/es-set-tostringtag/-/es-set-tostringtag-2.1.0.tgz 0ms (cache hit)
364 http cache es-module-lexer@https://registry.npmjs.org/es-module-lexer/-/es-module-lexer-1.7.0.tgz 0ms (cache hit)
365 http cache es-object-atoms@https://registry.npmjs.org/es-object-atoms/-/es-object-atoms-1.1.1.tgz 0ms (cache hit)
366 http cache es-iterator-helpers@https://registry.npmjs.org/es-iterator-helpers/-/es-iterator-helpers-1.3.1.tgz 0ms (cache hit)
367 http cache es-errors@https://registry.npmjs.org/es-errors/-/es-errors-1.3.0.tgz 0ms (cache hit)
368 http cache esast-util-from-js@https://registry.npmjs.org/esast-util-from-js/-/esast-util-from-js-2.0.1.tgz 0ms (cache hit)
369 http cache es-define-property@https://registry.npmjs.org/es-define-property/-/es-define-property-1.0.1.tgz 0ms (cache hit)
370 http cache es-abstract@https://registry.npmjs.org/es-abstract/-/es-abstract-1.24.1.tgz 0ms (cache hit)
371 http cache emoji-regex@https://registry.npmjs.org/emoji-regex/-/emoji-regex-9.2.2.tgz 0ms (cache hit)
372 http cache enhanced-resolve@https://registry.npmjs.org/enhanced-resolve/-/enhanced-resolve-5.20.1.tgz 0ms (cache hit)
373 http cache electron-to-chromium@https://registry.npmjs.org/electron-to-chromium/-/electron-to-chromium-1.5.313.tgz 0ms (cache hit)
374 http cache dunder-proto@https://registry.npmjs.org/dunder-proto/-/dunder-proto-1.0.1.tgz 0ms (cache hit)
375 http cache doctrine@https://registry.npmjs.org/doctrine/-/doctrine-2.1.0.tgz 0ms (cache hit)
376 http cache detect-libc@https://registry.npmjs.org/detect-libc/-/detect-libc-2.1.2.tgz 0ms (cache hit)
377 http cache dequal@https://registry.npmjs.org/dequal/-/dequal-2.0.3.tgz 0ms (cache hit)
378 http cache devlop@https://registry.npmjs.org/devlop/-/devlop-1.1.0.tgz 0ms (cache hit)
379 http cache define-properties@https://registry.npmjs.org/define-properties/-/define-properties-1.2.1.tgz 0ms (cache hit)
380 http cache define-data-property@https://registry.npmjs.org/define-data-property/-/define-data-property-1.1.4.tgz 0ms (cache hit)
381 http cache deep-eql@https://registry.npmjs.org/deep-eql/-/deep-eql-5.0.2.tgz 0ms (cache hit)
382 http cache deep-is@https://registry.npmjs.org/deep-is/-/deep-is-0.1.4.tgz 0ms (cache hit)
383 http cache decode-named-character-reference@https://registry.npmjs.org/decode-named-character-reference/-/decode-named-character-reference-1.3.0.tgz 0ms (cache hit)
384 http cache debug@https://registry.npmjs.org/debug/-/debug-4.4.3.tgz 0ms (cache hit)
385 http cache data-view-byte-length@https://registry.npmjs.org/data-view-byte-length/-/data-view-byte-length-1.0.2.tgz 0ms (cache hit)
386 http cache data-view-buffer@https://registry.npmjs.org/data-view-buffer/-/data-view-buffer-1.0.2.tgz 0ms (cache hit)
387 http cache damerau-levenshtein@https://registry.npmjs.org/damerau-levenshtein/-/damerau-levenshtein-1.0.8.tgz 0ms (cache hit)
388 http cache csstype@https://registry.npmjs.org/csstype/-/csstype-3.2.3.tgz 0ms (cache hit)
389 http cache cross-spawn@https://registry.npmjs.org/cross-spawn/-/cross-spawn-7.0.6.tgz 0ms (cache hit)
390 http cache convert-source-map@https://registry.npmjs.org/convert-source-map/-/convert-source-map-2.0.0.tgz 0ms (cache hit)
391 http cache concat-map@https://registry.npmjs.org/concat-map/-/concat-map-0.0.1.tgz 0ms (cache hit)
392 http cache comma-separated-tokens@https://registry.npmjs.org/comma-separated-tokens/-/comma-separated-tokens-2.0.3.tgz 0ms (cache hit)
393 http cache color-name@https://registry.npmjs.org/color-name/-/color-name-1.1.4.tgz 0ms (cache hit)
394 http cache data-view-byte-offset@https://registry.npmjs.org/data-view-byte-offset/-/data-view-byte-offset-1.0.1.tgz 0ms (cache hit)
395 http cache collapse-white-space@https://registry.npmjs.org/collapse-white-space/-/collapse-white-space-2.1.0.tgz 0ms (cache hit)
396 http cache client-only@https://registry.npmjs.org/client-only/-/client-only-0.0.1.tgz 0ms (cache hit)
397 http cache character-reference-invalid@https://registry.npmjs.org/character-reference-invalid/-/character-reference-invalid-2.0.1.tgz 0ms (cache hit)
398 http cache character-entities-legacy@https://registry.npmjs.org/character-entities-legacy/-/character-entities-legacy-3.0.0.tgz 0ms (cache hit)
399 http cache color-convert@https://registry.npmjs.org/color-convert/-/color-convert-2.0.1.tgz 0ms (cache hit)
400 http cache character-entities-html4@https://registry.npmjs.org/character-entities-html4/-/character-entities-html4-2.1.0.tgz 0ms (cache hit)
401 http cache character-entities@https://registry.npmjs.org/character-entities/-/character-entities-2.0.2.tgz 0ms (cache hit)
402 http cache chalk@https://registry.npmjs.org/chalk/-/chalk-4.1.2.tgz 0ms (cache hit)
403 http cache chai@https://registry.npmjs.org/chai/-/chai-5.3.3.tgz 0ms (cache hit)
404 http cache ccount@https://registry.npmjs.org/ccount/-/ccount-2.0.1.tgz 0ms (cache hit)
405 http cache caniuse-lite@https://registry.npmjs.org/caniuse-lite/-/caniuse-lite-1.0.30001780.tgz 0ms (cache hit)
406 http cache check-error@https://registry.npmjs.org/check-error/-/check-error-2.1.3.tgz 0ms (cache hit)
407 http cache callsites@https://registry.npmjs.org/callsites/-/callsites-3.1.0.tgz 0ms (cache hit)
408 http cache call-bound@https://registry.npmjs.org/call-bound/-/call-bound-1.0.4.tgz 0ms (cache hit)
409 http cache call-bind-apply-helpers@https://registry.npmjs.org/call-bind-apply-helpers/-/call-bind-apply-helpers-1.0.2.tgz 0ms (cache hit)
410 http cache browserslist@https://registry.npmjs.org/browserslist/-/browserslist-4.28.1.tgz 0ms (cache hit)
411 http cache cac@https://registry.npmjs.org/cac/-/cac-6.7.14.tgz 0ms (cache hit)
412 http cache call-bind@https://registry.npmjs.org/call-bind/-/call-bind-1.0.8.tgz 0ms (cache hit)
413 http cache braces@https://registry.npmjs.org/braces/-/braces-3.0.3.tgz 0ms (cache hit)
414 http cache baseline-browser-mapping@https://registry.npmjs.org/baseline-browser-mapping/-/baseline-browser-mapping-2.10.8.tgz 0ms (cache hit)
415 http cache brace-expansion@https://registry.npmjs.org/brace-expansion/-/brace-expansion-1.1.12.tgz 0ms (cache hit)
416 http cache balanced-match@https://registry.npmjs.org/balanced-match/-/balanced-match-1.0.2.tgz 0ms (cache hit)
417 http cache axobject-query@https://registry.npmjs.org/axobject-query/-/axobject-query-4.1.0.tgz 0ms (cache hit)
418 http cache async-function@https://registry.npmjs.org/async-function/-/async-function-1.0.0.tgz 0ms (cache hit)
419 http cache available-typed-arrays@https://registry.npmjs.org/available-typed-arrays/-/available-typed-arrays-1.0.7.tgz 0ms (cache hit)
420 http cache bail@https://registry.npmjs.org/bail/-/bail-2.0.2.tgz 0ms (cache hit)
421 http cache astring@https://registry.npmjs.org/astring/-/astring-1.9.0.tgz 0ms (cache hit)
422 http cache axe-core@https://registry.npmjs.org/axe-core/-/axe-core-4.11.1.tgz 0ms (cache hit)
423 http cache assertion-error@https://registry.npmjs.org/assertion-error/-/assertion-error-2.0.1.tgz 0ms (cache hit)
424 http cache arraybuffer.prototype.slice@https://registry.npmjs.org/arraybuffer.prototype.slice/-/arraybuffer.prototype.slice-1.0.4.tgz 0ms (cache hit)
425 http cache ast-types-flow@https://registry.npmjs.org/ast-types-flow/-/ast-types-flow-0.0.8.tgz 0ms (cache hit)
426 http cache array.prototype.tosorted@https://registry.npmjs.org/array.prototype.tosorted/-/array.prototype.tosorted-1.1.4.tgz 0ms (cache hit)
427 http cache array.prototype.flatmap@https://registry.npmjs.org/array.prototype.flatmap/-/array.prototype.flatmap-1.3.3.tgz 0ms (cache hit)
428 http cache array.prototype.findlastindex@https://registry.npmjs.org/array.prototype.findlastindex/-/array.prototype.findlastindex-1.2.6.tgz 0ms (cache hit)
429 http cache array.prototype.findlast@https://registry.npmjs.org/array.prototype.findlast/-/array.prototype.findlast-1.2.5.tgz 0ms (cache hit)
430 http cache array.prototype.flat@https://registry.npmjs.org/array.prototype.flat/-/array.prototype.flat-1.3.3.tgz 0ms (cache hit)
431 http cache array-includes@https://registry.npmjs.org/array-includes/-/array-includes-3.1.9.tgz 0ms (cache hit)
432 http cache array-buffer-byte-length@https://registry.npmjs.org/array-buffer-byte-length/-/array-buffer-byte-length-1.0.2.tgz 0ms (cache hit)
433 http cache aria-query@https://registry.npmjs.org/aria-query/-/aria-query-5.3.2.tgz 0ms (cache hit)
434 http cache argparse@https://registry.npmjs.org/argparse/-/argparse-2.0.1.tgz 0ms (cache hit)
435 http cache ansi-styles@https://registry.npmjs.org/ansi-styles/-/ansi-styles-4.3.0.tgz 0ms (cache hit)
436 http cache ajv@https://registry.npmjs.org/ajv/-/ajv-6.14.0.tgz 0ms (cache hit)
437 http cache acorn-jsx@https://registry.npmjs.org/acorn-jsx/-/acorn-jsx-5.3.2.tgz 0ms (cache hit)
438 http cache @vitest/utils@https://registry.npmjs.org/@vitest/utils/-/utils-3.2.4.tgz 0ms (cache hit)
439 http cache @vitest/spy@https://registry.npmjs.org/@vitest/spy/-/spy-3.2.4.tgz 0ms (cache hit)
440 http cache acorn@https://registry.npmjs.org/acorn/-/acorn-8.16.0.tgz 0ms (cache hit)
441 http cache @vitest/snapshot@https://registry.npmjs.org/@vitest/snapshot/-/snapshot-3.2.4.tgz 0ms (cache hit)
442 http cache @vitest/runner@https://registry.npmjs.org/@vitest/runner/-/runner-3.2.4.tgz 0ms (cache hit)
443 http cache @vitest/expect@https://registry.npmjs.org/@vitest/expect/-/expect-3.2.4.tgz 0ms (cache hit)
444 http cache @vitest/mocker@https://registry.npmjs.org/@vitest/mocker/-/mocker-3.2.4.tgz 0ms (cache hit)
445 http cache @unrs/resolver-binding-darwin-arm64@https://registry.npmjs.org/@unrs/resolver-binding-darwin-arm64/-/resolver-binding-darwin-arm64-1.11.1.tgz 0ms (cache hit)
446 http cache @typescript-eslint/visitor-keys@https://registry.npmjs.org/@typescript-eslint/visitor-keys/-/visitor-keys-8.57.1.tgz 0ms (cache hit)
447 http cache @ungap/structured-clone@https://registry.npmjs.org/@ungap/structured-clone/-/structured-clone-1.3.0.tgz 0ms (cache hit)
448 http cache @typescript-eslint/utils@https://registry.npmjs.org/@typescript-eslint/utils/-/utils-8.57.1.tgz 0ms (cache hit)
449 http cache @typescript-eslint/typescript-estree@https://registry.npmjs.org/@typescript-eslint/typescript-estree/-/typescript-estree-8.57.1.tgz 0ms (cache hit)
450 http cache @typescript-eslint/type-utils@https://registry.npmjs.org/@typescript-eslint/type-utils/-/type-utils-8.57.1.tgz 0ms (cache hit)
451 http cache @typescript-eslint/tsconfig-utils@https://registry.npmjs.org/@typescript-eslint/tsconfig-utils/-/tsconfig-utils-8.57.1.tgz 0ms (cache hit)
452 http cache @typescript-eslint/scope-manager@https://registry.npmjs.org/@typescript-eslint/scope-manager/-/scope-manager-8.57.1.tgz 0ms (cache hit)
453 http cache @typescript-eslint/project-service@https://registry.npmjs.org/@typescript-eslint/project-service/-/project-service-8.57.1.tgz 0ms (cache hit)
454 http cache @typescript-eslint/parser@https://registry.npmjs.org/@typescript-eslint/parser/-/parser-8.57.1.tgz 0ms (cache hit)
455 http cache @typescript-eslint/types@https://registry.npmjs.org/@typescript-eslint/types/-/types-8.57.1.tgz 0ms (cache hit)
456 http cache @typescript-eslint/eslint-plugin@https://registry.npmjs.org/@typescript-eslint/eslint-plugin/-/eslint-plugin-8.57.1.tgz 0ms (cache hit)
457 http cache @types/react-dom@https://registry.npmjs.org/@types/react-dom/-/react-dom-19.2.3.tgz 0ms (cache hit)
458 http cache @types/react@https://registry.npmjs.org/@types/react/-/react-19.2.14.tgz 0ms (cache hit)
459 http cache @types/node@https://registry.npmjs.org/@types/node/-/node-20.19.37.tgz 0ms (cache hit)
460 http cache @types/unist@https://registry.npmjs.org/@types/unist/-/unist-3.0.3.tgz 0ms (cache hit)
461 http cache @types/ms@https://registry.npmjs.org/@types/ms/-/ms-2.1.0.tgz 0ms (cache hit)
462 http cache @vitest/pretty-format@https://registry.npmjs.org/@vitest/pretty-format/-/pretty-format-3.2.4.tgz 0ms (cache hit)
463 http cache @types/mdx@https://registry.npmjs.org/@types/mdx/-/mdx-2.0.13.tgz 0ms (cache hit)
464 http cache @types/mdast@https://registry.npmjs.org/@types/mdast/-/mdast-4.0.4.tgz 0ms (cache hit)
465 http cache @types/json-schema@https://registry.npmjs.org/@types/json-schema/-/json-schema-7.0.15.tgz 0ms (cache hit)
466 http cache @types/hast@https://registry.npmjs.org/@types/hast/-/hast-3.0.4.tgz 0ms (cache hit)
467 http cache @types/estree-jsx@https://registry.npmjs.org/@types/estree-jsx/-/estree-jsx-1.0.5.tgz 0ms (cache hit)
468 http cache @types/estree@https://registry.npmjs.org/@types/estree/-/estree-1.0.8.tgz 0ms (cache hit)
469 http cache @types/json5@https://registry.npmjs.org/@types/json5/-/json5-0.0.29.tgz 0ms (cache hit)
470 http cache @types/deep-eql@https://registry.npmjs.org/@types/deep-eql/-/deep-eql-4.0.2.tgz 0ms (cache hit)
471 http cache @types/debug@https://registry.npmjs.org/@types/debug/-/debug-4.1.12.tgz 0ms (cache hit)
472 http cache @types/chai@https://registry.npmjs.org/@types/chai/-/chai-5.2.3.tgz 0ms (cache hit)
473 http cache @tybys/wasm-util@https://registry.npmjs.org/@tybys/wasm-util/-/wasm-util-0.10.1.tgz 0ms (cache hit)
474 http cache @tailwindcss/postcss@https://registry.npmjs.org/@tailwindcss/postcss/-/postcss-4.2.1.tgz 0ms (cache hit)
475 http cache @tailwindcss/oxide-darwin-arm64@https://registry.npmjs.org/@tailwindcss/oxide-darwin-arm64/-/oxide-darwin-arm64-4.2.1.tgz 0ms (cache hit)
476 http cache @tailwindcss/oxide@https://registry.npmjs.org/@tailwindcss/oxide/-/oxide-4.2.1.tgz 0ms (cache hit)
477 http cache @tailwindcss/node@https://registry.npmjs.org/@tailwindcss/node/-/node-4.2.1.tgz 0ms (cache hit)
478 http cache @rtsao/scc@https://registry.npmjs.org/@rtsao/scc/-/scc-1.1.0.tgz 0ms (cache hit)
479 http cache @rollup/rollup-darwin-arm64@https://registry.npmjs.org/@rollup/rollup-darwin-arm64/-/rollup-darwin-arm64-4.59.1.tgz 0ms (cache hit)
480 http cache @swc/helpers@https://registry.npmjs.org/@swc/helpers/-/helpers-0.5.15.tgz 0ms (cache hit)
481 http cache @nolyfill/is-core-module@https://registry.npmjs.org/@nolyfill/is-core-module/-/is-core-module-1.0.39.tgz 0ms (cache hit)
482 http cache @nodelib/fs.walk@https://registry.npmjs.org/@nodelib/fs.walk/-/fs.walk-1.2.8.tgz 0ms (cache hit)
483 http cache @nodelib/fs.scandir@https://registry.npmjs.org/@nodelib/fs.scandir/-/fs.scandir-2.1.5.tgz 0ms (cache hit)
484 http cache @nodelib/fs.stat@https://registry.npmjs.org/@nodelib/fs.stat/-/fs.stat-2.0.5.tgz 0ms (cache hit)
485 http cache @next/swc-darwin-arm64@https://registry.npmjs.org/@next/swc-darwin-arm64/-/swc-darwin-arm64-16.1.7.tgz 0ms (cache hit)
486 http cache @next/eslint-plugin-next@https://registry.npmjs.org/@next/eslint-plugin-next/-/eslint-plugin-next-16.1.7.tgz 0ms (cache hit)
487 http cache @napi-rs/wasm-runtime@https://registry.npmjs.org/@napi-rs/wasm-runtime/-/wasm-runtime-0.2.12.tgz 0ms (cache hit)
488 http cache @next/env@https://registry.npmjs.org/@next/env/-/env-16.1.7.tgz 0ms (cache hit)
489 http cache @mdx-js/react@https://registry.npmjs.org/@mdx-js/react/-/react-3.1.1.tgz 0ms (cache hit)
490 http cache @jridgewell/trace-mapping@https://registry.npmjs.org/@jridgewell/trace-mapping/-/trace-mapping-0.3.31.tgz 0ms (cache hit)
491 http cache @jridgewell/sourcemap-codec@https://registry.npmjs.org/@jridgewell/sourcemap-codec/-/sourcemap-codec-1.5.5.tgz 0ms (cache hit)
492 http cache @jridgewell/resolve-uri@https://registry.npmjs.org/@jridgewell/resolve-uri/-/resolve-uri-3.1.2.tgz 0ms (cache hit)
493 http cache @img/sharp-libvips-darwin-arm64@https://registry.npmjs.org/@img/sharp-libvips-darwin-arm64/-/sharp-libvips-darwin-arm64-1.2.4.tgz 0ms (cache hit)
494 http cache @jridgewell/remapping@https://registry.npmjs.org/@jridgewell/remapping/-/remapping-2.3.5.tgz 0ms (cache hit)
495 http cache @jridgewell/gen-mapping@https://registry.npmjs.org/@jridgewell/gen-mapping/-/gen-mapping-0.3.13.tgz 0ms (cache hit)
496 http cache @img/sharp-darwin-arm64@https://registry.npmjs.org/@img/sharp-darwin-arm64/-/sharp-darwin-arm64-0.34.5.tgz 0ms (cache hit)
497 http cache @img/colour@https://registry.npmjs.org/@img/colour/-/colour-1.1.0.tgz 0ms (cache hit)
498 http cache @humanwhocodes/retry@https://registry.npmjs.org/@humanwhocodes/retry/-/retry-0.4.3.tgz 0ms (cache hit)
499 http cache @mdx-js/mdx@https://registry.npmjs.org/@mdx-js/mdx/-/mdx-3.1.1.tgz 0ms (cache hit)
500 http cache @humanwhocodes/module-importer@https://registry.npmjs.org/@humanwhocodes/module-importer/-/module-importer-1.0.1.tgz 0ms (cache hit)
501 http cache @humanfs/node@https://registry.npmjs.org/@humanfs/node/-/node-0.16.7.tgz 0ms (cache hit)
502 http cache @eslint/object-schema@https://registry.npmjs.org/@eslint/object-schema/-/object-schema-2.1.7.tgz 0ms (cache hit)
503 http cache @eslint/js@https://registry.npmjs.org/@eslint/js/-/js-9.39.4.tgz 0ms (cache hit)
504 http cache @eslint/eslintrc@https://registry.npmjs.org/@eslint/eslintrc/-/eslintrc-3.3.5.tgz 0ms (cache hit)
505 http cache @eslint/plugin-kit@https://registry.npmjs.org/@eslint/plugin-kit/-/plugin-kit-0.4.1.tgz 0ms (cache hit)
506 http cache @eslint/core@https://registry.npmjs.org/@eslint/core/-/core-0.17.0.tgz 0ms (cache hit)
507 http cache @eslint/config-helpers@https://registry.npmjs.org/@eslint/config-helpers/-/config-helpers-0.4.2.tgz 0ms (cache hit)
508 http cache @eslint-community/regexpp@https://registry.npmjs.org/@eslint-community/regexpp/-/regexpp-4.12.2.tgz 0ms (cache hit)
509 http cache @eslint-community/eslint-utils@https://registry.npmjs.org/@eslint-community/eslint-utils/-/eslint-utils-4.9.1.tgz 0ms (cache hit)
510 http cache @eslint/config-array@https://registry.npmjs.org/@eslint/config-array/-/config-array-0.21.2.tgz 0ms (cache hit)
511 http cache @esbuild/darwin-arm64@https://registry.npmjs.org/@esbuild/darwin-arm64/-/darwin-arm64-0.27.4.tgz 0ms (cache hit)
512 http cache @emnapi/runtime@https://registry.npmjs.org/@emnapi/runtime/-/runtime-1.9.0.tgz 0ms (cache hit)
513 http cache @emnapi/core@https://registry.npmjs.org/@emnapi/core/-/core-1.9.0.tgz 0ms (cache hit)
514 http cache @humanfs/core@https://registry.npmjs.org/@humanfs/core/-/core-0.19.1.tgz 0ms (cache hit)
515 http cache @babel/traverse@https://registry.npmjs.org/@babel/traverse/-/traverse-7.29.0.tgz 0ms (cache hit)
516 http cache @babel/template@https://registry.npmjs.org/@babel/template/-/template-7.28.6.tgz 0ms (cache hit)
517 http cache @babel/parser@https://registry.npmjs.org/@babel/parser/-/parser-7.29.2.tgz 0ms (cache hit)
518 http cache @babel/types@https://registry.npmjs.org/@babel/types/-/types-7.29.0.tgz 0ms (cache hit)
519 http cache @babel/helpers@https://registry.npmjs.org/@babel/helpers/-/helpers-7.29.2.tgz 0ms (cache hit)
520 http cache @babel/helper-validator-option@https://registry.npmjs.org/@babel/helper-validator-option/-/helper-validator-option-7.27.1.tgz 0ms (cache hit)
521 http cache @babel/helper-string-parser@https://registry.npmjs.org/@babel/helper-string-parser/-/helper-string-parser-7.27.1.tgz 0ms (cache hit)
522 http cache @babel/helper-module-transforms@https://registry.npmjs.org/@babel/helper-module-transforms/-/helper-module-transforms-7.28.6.tgz 0ms (cache hit)
523 http cache @babel/helper-module-imports@https://registry.npmjs.org/@babel/helper-module-imports/-/helper-module-imports-7.28.6.tgz 0ms (cache hit)
524 http cache @babel/helper-compilation-targets@https://registry.npmjs.org/@babel/helper-compilation-targets/-/helper-compilation-targets-7.28.6.tgz 0ms (cache hit)
525 http cache @emnapi/wasi-threads@https://registry.npmjs.org/@emnapi/wasi-threads/-/wasi-threads-1.2.0.tgz 0ms (cache hit)
526 http cache @babel/generator@https://registry.npmjs.org/@babel/generator/-/generator-7.29.1.tgz 0ms (cache hit)
527 http cache @alloc/quick-lru@https://registry.npmjs.org/@alloc/quick-lru/-/quick-lru-5.2.0.tgz 0ms (cache hit)
528 http cache @babel/helper-globals@https://registry.npmjs.org/@babel/helper-globals/-/helper-globals-7.28.0.tgz 0ms (cache hit)
529 http cache @babel/code-frame@https://registry.npmjs.org/@babel/code-frame/-/code-frame-7.29.0.tgz 0ms (cache hit)
530 http cache @babel/helper-validator-identifier@https://registry.npmjs.org/@babel/helper-validator-identifier/-/helper-validator-identifier-7.28.5.tgz 0ms (cache hit)
531 http cache @babel/core@https://registry.npmjs.org/@babel/core/-/core-7.29.0.tgz 0ms (cache hit)
532 http cache @babel/compat-data@https://registry.npmjs.org/@babel/compat-data/-/compat-data-7.29.0.tgz 0ms (cache hit)
533 http cache picomatch@https://registry.npmjs.org/picomatch/-/picomatch-4.0.3.tgz 0ms (cache hit)
534 http cache json5@https://registry.npmjs.org/json5/-/json5-1.0.2.tgz 0ms (cache hit)
535 http cache picomatch@https://registry.npmjs.org/picomatch/-/picomatch-4.0.3.tgz 0ms (cache hit)
536 http cache picomatch@https://registry.npmjs.org/picomatch/-/picomatch-4.0.3.tgz 0ms (cache hit)
537 http cache semver@https://registry.npmjs.org/semver/-/semver-7.7.4.tgz 0ms (cache hit)
538 http cache fdir@https://registry.npmjs.org/fdir/-/fdir-6.5.0.tgz 0ms (cache hit)
539 http cache fdir@https://registry.npmjs.org/fdir/-/fdir-6.5.0.tgz 0ms (cache hit)
540 http cache @types/unist@https://registry.npmjs.org/@types/unist/-/unist-2.0.11.tgz 0ms (cache hit)
541 http cache postcss@https://registry.npmjs.org/postcss/-/postcss-8.4.31.tgz 0ms (cache hit)
542 http cache js-yaml@https://registry.npmjs.org/js-yaml/-/js-yaml-3.14.2.tgz 0ms (cache hit)
543 http cache semver@https://registry.npmjs.org/semver/-/semver-7.7.4.tgz 0ms (cache hit)
544 http cache js-tokens@https://registry.npmjs.org/js-tokens/-/js-tokens-9.0.1.tgz 0ms (cache hit)
545 http cache glob-parent@https://registry.npmjs.org/glob-parent/-/glob-parent-5.1.2.tgz 0ms (cache hit)
546 http cache resolve@https://registry.npmjs.org/resolve/-/resolve-2.0.0-next.6.tgz 0ms (cache hit)
547 http cache debug@https://registry.npmjs.org/debug/-/debug-3.2.7.tgz 0ms (cache hit)
548 http cache debug@https://registry.npmjs.org/debug/-/debug-3.2.7.tgz 0ms (cache hit)
549 http cache debug@https://registry.npmjs.org/debug/-/debug-3.2.7.tgz 0ms (cache hit)
550 http cache globals@https://registry.npmjs.org/globals/-/globals-16.4.0.tgz 0ms (cache hit)
551 http cache eslint-visitor-keys@https://registry.npmjs.org/eslint-visitor-keys/-/eslint-visitor-keys-5.0.1.tgz 0ms (cache hit)
552 http cache escape-string-regexp@https://registry.npmjs.org/escape-string-regexp/-/escape-string-regexp-5.0.0.tgz 0ms (cache hit)
553 http cache semver@https://registry.npmjs.org/semver/-/semver-7.7.4.tgz 0ms (cache hit)
554 http cache argparse@https://registry.npmjs.org/argparse/-/argparse-1.0.10.tgz 0ms (cache hit)
555 http cache minimatch@https://registry.npmjs.org/minimatch/-/minimatch-10.2.4.tgz 0ms (cache hit)
556 http cache balanced-match@https://registry.npmjs.org/balanced-match/-/balanced-match-4.0.4.tgz 0ms (cache hit)
557 http cache ignore@https://registry.npmjs.org/ignore/-/ignore-7.0.5.tgz 0ms (cache hit)
558 http cache eslint-visitor-keys@https://registry.npmjs.org/eslint-visitor-keys/-/eslint-visitor-keys-3.4.3.tgz 0ms (cache hit)
559 http cache brace-expansion@https://registry.npmjs.org/brace-expansion/-/brace-expansion-5.0.4.tgz 0ms (cache hit)
560 http fetch POST 200 https://registry.npmjs.org/-/npm/v1/security/advisories/bulk 828ms
561 silly audit report {
561 silly audit report   'brace-expansion': [
561 silly audit report     {
561 silly audit report       id: 1115540,
561 silly audit report       url: 'https://github.com/advisories/GHSA-f886-m6hf-6m8v',
561 silly audit report       title: 'brace-expansion: Zero-step sequence causes process hang and memory exhaustion',
561 silly audit report       severity: 'moderate',
561 silly audit report       vulnerable_versions: '<1.1.13',
561 silly audit report       cwe: [Array],
561 silly audit report       cvss: [Object]
561 silly audit report     },
561 silly audit report     {
561 silly audit report       id: 1115543,
561 silly audit report       url: 'https://github.com/advisories/GHSA-f886-m6hf-6m8v',
561 silly audit report       title: 'brace-expansion: Zero-step sequence causes process hang and memory exhaustion',
561 silly audit report       severity: 'moderate',
561 silly audit report       vulnerable_versions: '>=4.0.0 <5.0.5',
561 silly audit report       cwe: [Array],
561 silly audit report       cvss: [Object]
561 silly audit report     }
561 silly audit report   ],
561 silly audit report   picomatch: [
561 silly audit report     {
561 silly audit report       id: 1115549,
561 silly audit report       url: 'https://github.com/advisories/GHSA-3v7f-55p6-f55p',
561 silly audit report       title: 'Picomatch: Method Injection in POSIX Character Classes causes incorrect Glob Matching',
561 silly audit report       severity: 'moderate',
561 silly audit report       vulnerable_versions: '<2.3.2',
561 silly audit report       cwe: [Array],
561 silly audit report       cvss: [Object]
561 silly audit report     },
561 silly audit report     {
561 silly audit report       id: 1115551,
561 silly audit report       url: 'https://github.com/advisories/GHSA-3v7f-55p6-f55p',
561 silly audit report       title: 'Picomatch: Method Injection in POSIX Character Classes causes incorrect Glob Matching',
561 silly audit report       severity: 'moderate',
561 silly audit report       vulnerable_versions: '>=4.0.0 <4.0.4',
561 silly audit report       cwe: [Array],
561 silly audit report       cvss: [Object]
561 silly audit report     },
561 silly audit report     {
561 silly audit report       id: 1115552,
561 silly audit report       url: 'https://github.com/advisories/GHSA-c2c7-rcm5-vvqj',
561 silly audit report       title: 'Picomatch has a ReDoS vulnerability via extglob quantifiers',
561 silly audit report       severity: 'high',
561 silly audit report       vulnerable_versions: '<2.3.2',
561 silly audit report       cwe: [Array],
561 silly audit report       cvss: [Object]
561 silly audit report     },
561 silly audit report     {
561 silly audit report       id: 1115554,
561 silly audit report       url: 'https://github.com/advisories/GHSA-c2c7-rcm5-vvqj',
561 silly audit report       title: 'Picomatch has a ReDoS vulnerability via extglob quantifiers',
561 silly audit report       severity: 'high',
561 silly audit report       vulnerable_versions: '>=4.0.0 <4.0.4',
561 silly audit report       cwe: [Array],
561 silly audit report       cvss: [Object]
561 silly audit report     }
561 silly audit report   ]
561 silly audit report }
562 silly packumentCache corgi:https://registry.npmjs.org/brace-expansion cache-miss
563 silly packumentCache corgi:https://registry.npmjs.org/picomatch cache-miss
564 http fetch GET 200 https://registry.npmjs.org/picomatch 84ms (cache revalidated)
565 silly packumentCache corgi:https://registry.npmjs.org/picomatch set size:44414 disposed:false
566 http fetch GET 200 https://registry.npmjs.org/brace-expansion 155ms (cache revalidated)
567 silly packumentCache corgi:https://registry.npmjs.org/brace-expansion set size:21298 disposed:false
568 silly packumentCache corgi:https://registry.npmjs.org/minimatch cache-miss
569 http fetch GET 200 https://registry.npmjs.org/minimatch 61ms (cache revalidated)
570 silly packumentCache corgi:https://registry.npmjs.org/minimatch set size:167610 disposed:false
571 silly packumentCache corgi:https://registry.npmjs.org/micromatch cache-miss
572 http fetch GET 200 https://registry.npmjs.org/micromatch 45ms (cache revalidated)
573 silly packumentCache corgi:https://registry.npmjs.org/micromatch set size:71776 disposed:false
574 silly packumentCache corgi:https://registry.npmjs.org/tinyglobby cache-miss
575 silly packumentCache corgi:https://registry.npmjs.org/fdir cache-miss
576 silly packumentCache corgi:https://registry.npmjs.org/vite cache-miss
577 silly packumentCache corgi:https://registry.npmjs.org/vitest cache-miss
578 http fetch GET 200 https://registry.npmjs.org/vite 52ms (cache revalidated)
579 silly packumentCache corgi:https://registry.npmjs.org/vite set size:2208349 disposed:false
580 http fetch GET 200 https://registry.npmjs.org/vitest 61ms (cache revalidated)
581 silly packumentCache corgi:https://registry.npmjs.org/vitest set size:1212939 disposed:false
582 http fetch GET 200 https://registry.npmjs.org/tinyglobby 149ms (cache revalidated)
583 silly packumentCache corgi:https://registry.npmjs.org/tinyglobby set size:17847 disposed:false
584 http fetch GET 200 https://registry.npmjs.org/fdir 159ms (cache revalidated)
585 silly packumentCache corgi:https://registry.npmjs.org/fdir set size:76905 disposed:false
586 info run sharp@0.34.5 install node_modules/sharp node install/check.js || npm run build
587 info run sharp@0.34.5 install { code: 0, signal: null }
588 info run esbuild@0.27.4 postinstall node_modules/esbuild node install.js
589 info run unrs-resolver@1.11.1 postinstall node_modules/unrs-resolver napi-postinstall unrs-resolver 1.11.1 check
590 info run unrs-resolver@1.11.1 postinstall { code: 0, signal: null }
591 info run esbuild@0.27.4 postinstall { code: 0, signal: null }
592 silly ADD node_modules/zwitch
593 silly ADD node_modules/zod-validation-error
594 silly ADD node_modules/zod
595 silly ADD node_modules/yocto-queue
596 silly ADD node_modules/yaml
597 silly ADD node_modules/yallist
598 silly ADD node_modules/word-wrap
599 silly ADD node_modules/why-is-node-running
600 silly ADD node_modules/which-typed-array
601 silly ADD node_modules/which-collection
602 silly ADD node_modules/which-builtin-type
603 silly ADD node_modules/which-boxed-primitive
604 silly ADD node_modules/which
605 silly ADD node_modules/vitest
606 silly ADD node_modules/vitest/node_modules/picomatch
607 silly ADD node_modules/vite-node
608 silly ADD node_modules/vite
609 silly ADD node_modules/vite/node_modules/picomatch
610 silly ADD node_modules/vite/node_modules/fdir
611 silly ADD node_modules/vfile-message
612 silly ADD node_modules/vfile-matter
613 silly ADD node_modules/vfile
614 silly ADD node_modules/uri-js
615 silly ADD node_modules/update-browserslist-db
616 silly ADD node_modules/unrs-resolver
617 silly ADD node_modules/unist-util-visit-parents
618 silly ADD node_modules/unist-util-visit
619 silly ADD node_modules/unist-util-stringify-position
620 silly ADD node_modules/unist-util-remove
621 silly ADD node_modules/unist-util-position-from-estree
622 silly ADD node_modules/unist-util-position
623 silly ADD node_modules/unist-util-is
624 silly ADD node_modules/unified
625 silly ADD node_modules/undici-types
626 silly ADD node_modules/unbox-primitive
627 silly ADD node_modules/typescript-eslint
628 silly ADD node_modules/typescript
629 silly ADD node_modules/typed-array-length
630 silly ADD node_modules/typed-array-byte-offset
631 silly ADD node_modules/typed-array-byte-length
632 silly ADD node_modules/typed-array-buffer
633 silly ADD node_modules/type-check
634 silly ADD node_modules/tslib
635 silly ADD node_modules/tsconfig-paths
636 silly ADD node_modules/tsconfig-paths/node_modules/json5
637 silly ADD node_modules/ts-api-utils
638 silly ADD node_modules/trough
639 silly ADD node_modules/trim-lines
640 silly ADD node_modules/to-regex-range
641 silly ADD node_modules/tinyspy
642 silly ADD node_modules/tinyrainbow
643 silly ADD node_modules/tinypool
644 silly ADD node_modules/tinyglobby
645 silly ADD node_modules/tinyglobby/node_modules/picomatch
646 silly ADD node_modules/tinyglobby/node_modules/fdir
647 silly ADD node_modules/tinyexec
648 silly ADD node_modules/tinybench
649 silly ADD node_modules/tapable
650 silly ADD node_modules/tailwindcss
651 silly ADD node_modules/supports-preserve-symlinks-flag
652 silly ADD node_modules/supports-color
653 silly ADD node_modules/styled-jsx
654 silly ADD node_modules/style-to-object
655 silly ADD node_modules/style-to-js
656 silly ADD node_modules/strip-literal
657 silly ADD node_modules/strip-literal/node_modules/js-tokens
658 silly ADD node_modules/strip-json-comments
659 silly ADD node_modules/strip-bom-string
660 silly ADD node_modules/strip-bom
661 silly ADD node_modules/stringify-entities
662 silly ADD node_modules/string.prototype.trimstart
663 silly ADD node_modules/string.prototype.trimend
664 silly ADD node_modules/string.prototype.trim
665 silly ADD node_modules/string.prototype.repeat
666 silly ADD node_modules/string.prototype.matchall
667 silly ADD node_modules/string.prototype.includes
668 silly ADD node_modules/stop-iteration-iterator
669 silly ADD node_modules/std-env
670 silly ADD node_modules/stackback
671 silly ADD node_modules/stable-hash
672 silly ADD node_modules/sprintf-js
673 silly ADD node_modules/space-separated-tokens
674 silly ADD node_modules/source-map-js
675 silly ADD node_modules/source-map
676 silly ADD node_modules/siginfo
677 silly ADD node_modules/side-channel-weakmap
678 silly ADD node_modules/side-channel-map
679 silly ADD node_modules/side-channel-list
680 silly ADD node_modules/side-channel
681 silly ADD node_modules/shebang-regex
682 silly ADD node_modules/shebang-command
683 silly ADD node_modules/sharp
684 silly ADD node_modules/sharp/node_modules/semver
685 silly ADD node_modules/set-proto
686 silly ADD node_modules/set-function-name
687 silly ADD node_modules/set-function-length
688 silly ADD node_modules/semver
689 silly ADD node_modules/section-matter
690 silly ADD node_modules/scheduler
691 silly ADD node_modules/safe-regex-test
692 silly ADD node_modules/safe-push-apply
693 silly ADD node_modules/safe-array-concat
694 silly ADD node_modules/run-parallel
695 silly ADD node_modules/rollup
696 silly ADD node_modules/reusify
697 silly ADD node_modules/resolve-pkg-maps
698 silly ADD node_modules/resolve-from
699 silly ADD node_modules/resolve
700 silly ADD node_modules/remark-stringify
701 silly ADD node_modules/remark-rehype
702 silly ADD node_modules/remark-parse
703 silly ADD node_modules/remark-mdx
704 silly ADD node_modules/remark-gfm
705 silly ADD node_modules/rehype-sanitize
706 silly ADD node_modules/rehype-recma
707 silly ADD node_modules/regexp.prototype.flags
708 silly ADD node_modules/reflect.getprototypeof
709 silly ADD node_modules/recma-stringify
710 silly ADD node_modules/recma-parse
711 silly ADD node_modules/recma-jsx
712 silly ADD node_modules/recma-build-jsx
713 silly ADD node_modules/reading-time
714 silly ADD node_modules/react-is
715 silly ADD node_modules/react-dom
716 silly ADD node_modules/react
717 silly ADD node_modules/queue-microtask
718 silly ADD node_modules/punycode
719 silly ADD node_modules/property-information
720 silly ADD node_modules/prop-types
721 silly ADD node_modules/prelude-ls
722 silly ADD node_modules/postcss
723 silly ADD node_modules/possible-typed-array-names
724 silly ADD node_modules/picomatch
725 silly ADD node_modules/picocolors
726 silly ADD node_modules/pathval
727 silly ADD node_modules/pathe
728 silly ADD node_modules/path-parse
729 silly ADD node_modules/path-key
730 silly ADD node_modules/path-exists
731 silly ADD node_modules/parse-entities
732 silly ADD node_modules/parse-entities/node_modules/@types/unist
733 silly ADD node_modules/parent-module
734 silly ADD node_modules/p-locate
735 silly ADD node_modules/p-limit
736 silly ADD node_modules/own-keys
737 silly ADD node_modules/optionator
738 silly ADD node_modules/object.values
739 silly ADD node_modules/object.groupby
740 silly ADD node_modules/object.fromentries
741 silly ADD node_modules/object.entries
742 silly ADD node_modules/object.assign
743 silly ADD node_modules/object-keys
744 silly ADD node_modules/object-inspect
745 silly ADD node_modules/object-assign
746 silly ADD node_modules/node-releases
747 silly ADD node_modules/node-exports-info
748 silly ADD node_modules/next-mdx-remote
749 silly ADD node_modules/next
750 silly ADD node_modules/next/node_modules/postcss
751 silly ADD node_modules/natural-compare
752 silly ADD node_modules/napi-postinstall
753 silly ADD node_modules/nanoid
754 silly ADD node_modules/ms
755 silly ADD node_modules/minimist
756 silly ADD node_modules/minimatch
757 silly ADD node_modules/micromatch
758 silly ADD node_modules/micromark-util-types
759 silly ADD node_modules/micromark-util-symbol
760 silly ADD node_modules/micromark-util-subtokenize
761 silly ADD node_modules/micromark-util-sanitize-uri
762 silly ADD node_modules/micromark-util-resolve-all
763 silly ADD node_modules/micromark-util-normalize-identifier
764 silly ADD node_modules/micromark-util-html-tag-name
765 silly ADD node_modules/micromark-util-events-to-acorn
766 silly ADD node_modules/micromark-util-encode
767 silly ADD node_modules/micromark-util-decode-string
768 silly ADD node_modules/micromark-util-decode-numeric-character-reference
769 silly ADD node_modules/micromark-util-combine-extensions
770 silly ADD node_modules/micromark-util-classify-character
771 silly ADD node_modules/micromark-util-chunked
772 silly ADD node_modules/micromark-util-character
773 silly ADD node_modules/micromark-factory-whitespace
774 silly ADD node_modules/micromark-factory-title
775 silly ADD node_modules/micromark-factory-space
776 silly ADD node_modules/micromark-factory-mdx-expression
777 silly ADD node_modules/micromark-factory-label
778 silly ADD node_modules/micromark-factory-destination
779 silly ADD node_modules/micromark-extension-mdxjs-esm
780 silly ADD node_modules/micromark-extension-mdxjs
781 silly ADD node_modules/micromark-extension-mdx-md
782 silly ADD node_modules/micromark-extension-mdx-jsx
783 silly ADD node_modules/micromark-extension-mdx-expression
784 silly ADD node_modules/micromark-extension-gfm-task-list-item
785 silly ADD node_modules/micromark-extension-gfm-tagfilter
786 silly ADD node_modules/micromark-extension-gfm-table
787 silly ADD node_modules/micromark-extension-gfm-strikethrough
788 silly ADD node_modules/micromark-extension-gfm-footnote
789 silly ADD node_modules/micromark-extension-gfm-autolink-literal
790 silly ADD node_modules/micromark-extension-gfm
791 silly ADD node_modules/micromark-core-commonmark
792 silly ADD node_modules/micromark
793 silly ADD node_modules/merge2
794 silly ADD node_modules/mdast-util-to-string
795 silly ADD node_modules/mdast-util-to-markdown
796 silly ADD node_modules/mdast-util-to-hast
797 silly ADD node_modules/mdast-util-phrasing
798 silly ADD node_modules/mdast-util-mdxjs-esm
799 silly ADD node_modules/mdast-util-mdx-jsx
800 silly ADD node_modules/mdast-util-mdx-expression
801 silly ADD node_modules/mdast-util-mdx
802 silly ADD node_modules/mdast-util-gfm-task-list-item
803 silly ADD node_modules/mdast-util-gfm-table
804 silly ADD node_modules/mdast-util-gfm-strikethrough
805 silly ADD node_modules/mdast-util-gfm-footnote
806 silly ADD node_modules/mdast-util-gfm-autolink-literal
807 silly ADD node_modules/mdast-util-gfm
808 silly ADD node_modules/mdast-util-from-markdown
809 silly ADD node_modules/mdast-util-find-and-replace
810 silly ADD node_modules/mdast-util-find-and-replace/node_modules/escape-string-regexp
811 silly ADD node_modules/math-intrinsics
812 silly ADD node_modules/markdown-table
813 silly ADD node_modules/markdown-extensions
814 silly ADD node_modules/magic-string
815 silly ADD node_modules/lru-cache
816 silly ADD node_modules/loupe
817 silly ADD node_modules/loose-envify
818 silly ADD node_modules/longest-streak
819 silly ADD node_modules/lodash.merge
820 silly ADD node_modules/locate-path
821 silly ADD node_modules/lightningcss-darwin-arm64
822 silly ADD node_modules/lightningcss
823 silly ADD node_modules/levn
824 silly ADD node_modules/language-tags
825 silly ADD node_modules/language-subtag-registry
826 silly ADD node_modules/kind-of
827 silly ADD node_modules/keyv
828 silly ADD node_modules/jsx-ast-utils
829 silly ADD node_modules/json5
830 silly ADD node_modules/json-stable-stringify-without-jsonify
831 silly ADD node_modules/json-schema-traverse
832 silly ADD node_modules/json-buffer
833 silly ADD node_modules/jsesc
834 silly ADD node_modules/js-yaml
835 silly ADD node_modules/js-tokens
836 silly ADD node_modules/jiti
837 silly ADD node_modules/iterator.prototype
838 silly ADD node_modules/isexe
839 silly ADD node_modules/isarray
840 silly ADD node_modules/is-weakset
841 silly ADD node_modules/is-weakref
842 silly ADD node_modules/is-weakmap
843 silly ADD node_modules/is-typed-array
844 silly ADD node_modules/is-symbol
845 silly ADD node_modules/is-string
846 silly ADD node_modules/is-shared-array-buffer
847 silly ADD node_modules/is-set
848 silly ADD node_modules/is-regex
849 silly ADD node_modules/is-plain-obj
850 silly ADD node_modules/is-number-object
851 silly ADD node_modules/is-number
852 silly ADD node_modules/is-negative-zero
853 silly ADD node_modules/is-map
854 silly ADD node_modules/is-hexadecimal
855 silly ADD node_modules/is-glob
856 silly ADD node_modules/is-generator-function
857 silly ADD node_modules/is-finalizationregistry
858 silly ADD node_modules/is-extglob
859 silly ADD node_modules/is-extendable
860 silly ADD node_modules/is-decimal
861 silly ADD node_modules/is-date-object
862 silly ADD node_modules/is-data-view
863 silly ADD node_modules/is-core-module
864 silly ADD node_modules/is-callable
865 silly ADD node_modules/is-bun-module
866 silly ADD node_modules/is-bun-module/node_modules/semver
867 silly ADD node_modules/is-boolean-object
868 silly ADD node_modules/is-bigint
869 silly ADD node_modules/is-async-function
870 silly ADD node_modules/is-array-buffer
871 silly ADD node_modules/is-alphanumerical
872 silly ADD node_modules/is-alphabetical
873 silly ADD node_modules/internal-slot
874 silly ADD node_modules/inline-style-parser
875 silly ADD node_modules/imurmurhash
876 silly ADD node_modules/import-fresh
877 silly ADD node_modules/ignore
878 silly ADD node_modules/hermes-parser
879 silly ADD node_modules/hermes-estree
880 silly ADD node_modules/hast-util-whitespace
881 silly ADD node_modules/hast-util-to-jsx-runtime
882 silly ADD node_modules/hast-util-to-estree
883 silly ADD node_modules/hast-util-sanitize
884 silly ADD node_modules/hasown
885 silly ADD node_modules/has-tostringtag
886 silly ADD node_modules/has-symbols
887 silly ADD node_modules/has-proto
888 silly ADD node_modules/has-property-descriptors
889 silly ADD node_modules/has-flag
890 silly ADD node_modules/has-bigints
891 silly ADD node_modules/gray-matter
892 silly ADD node_modules/gray-matter/node_modules/js-yaml
893 silly ADD node_modules/gray-matter/node_modules/argparse
894 silly ADD node_modules/graceful-fs
895 silly ADD node_modules/gopd
896 silly ADD node_modules/globalthis
897 silly ADD node_modules/globals
898 silly ADD node_modules/glob-parent
899 silly ADD node_modules/get-tsconfig
900 silly ADD node_modules/get-symbol-description
901 silly ADD node_modules/get-proto
902 silly ADD node_modules/get-intrinsic
903 silly ADD node_modules/gensync
904 silly ADD node_modules/generator-function
905 silly ADD node_modules/functions-have-names
906 silly ADD node_modules/function.prototype.name
907 silly ADD node_modules/function-bind
908 silly ADD node_modules/fsevents
909 silly ADD node_modules/for-each
910 silly ADD node_modules/flatted
911 silly ADD node_modules/flat-cache
912 silly ADD node_modules/find-up
913 silly ADD node_modules/fill-range
914 silly ADD node_modules/file-entry-cache
915 silly ADD node_modules/fastq
916 silly ADD node_modules/fast-levenshtein
917 silly ADD node_modules/fast-json-stable-stringify
918 silly ADD node_modules/fast-glob
919 silly ADD node_modules/fast-glob/node_modules/glob-parent
920 silly ADD node_modules/fast-deep-equal
921 silly ADD node_modules/extend-shallow
922 silly ADD node_modules/extend
923 silly ADD node_modules/expect-type
924 silly ADD node_modules/esutils
925 silly ADD node_modules/estree-walker
926 silly ADD node_modules/estree-util-visit
927 silly ADD node_modules/estree-util-to-js
928 silly ADD node_modules/estree-util-scope
929 silly ADD node_modules/estree-util-is-identifier-name
930 silly ADD node_modules/estree-util-build-jsx
931 silly ADD node_modules/estree-util-attach-comments
932 silly ADD node_modules/estraverse
933 silly ADD node_modules/esrecurse
934 silly ADD node_modules/esquery
935 silly ADD node_modules/esprima
936 silly ADD node_modules/espree
937 silly ADD node_modules/eslint-visitor-keys
938 silly ADD node_modules/eslint-scope
939 silly ADD node_modules/eslint-plugin-react-hooks
940 silly ADD node_modules/eslint-plugin-react
941 silly ADD node_modules/eslint-plugin-react/node_modules/resolve
942 silly ADD node_modules/eslint-plugin-jsx-a11y
943 silly ADD node_modules/eslint-plugin-import
944 silly ADD node_modules/eslint-plugin-import/node_modules/debug
945 silly ADD node_modules/eslint-module-utils
946 silly ADD node_modules/eslint-module-utils/node_modules/debug
947 silly ADD node_modules/eslint-import-resolver-typescript
948 silly ADD node_modules/eslint-import-resolver-node
949 silly ADD node_modules/eslint-import-resolver-node/node_modules/debug
950 silly ADD node_modules/eslint-config-next
951 silly ADD node_modules/eslint-config-next/node_modules/globals
952 silly ADD node_modules/eslint
953 silly ADD node_modules/escape-string-regexp
954 silly ADD node_modules/escalade
955 silly ADD node_modules/esbuild
956 silly ADD node_modules/esast-util-from-js
957 silly ADD node_modules/esast-util-from-estree
958 silly ADD node_modules/es-to-primitive
959 silly ADD node_modules/es-shim-unscopables
960 silly ADD node_modules/es-set-tostringtag
961 silly ADD node_modules/es-object-atoms
962 silly ADD node_modules/es-module-lexer
963 silly ADD node_modules/es-iterator-helpers
964 silly ADD node_modules/es-errors
965 silly ADD node_modules/es-define-property
966 silly ADD node_modules/es-abstract
967 silly ADD node_modules/enhanced-resolve
968 silly ADD node_modules/emoji-regex
969 silly ADD node_modules/electron-to-chromium
970 silly ADD node_modules/dunder-proto
971 silly ADD node_modules/doctrine
972 silly ADD node_modules/devlop
973 silly ADD node_modules/detect-libc
974 silly ADD node_modules/dequal
975 silly ADD node_modules/define-properties
976 silly ADD node_modules/define-data-property
977 silly ADD node_modules/deep-is
978 silly ADD node_modules/deep-eql
979 silly ADD node_modules/decode-named-character-reference
980 silly ADD node_modules/debug
981 silly ADD node_modules/data-view-byte-offset
982 silly ADD node_modules/data-view-byte-length
983 silly ADD node_modules/data-view-buffer
984 silly ADD node_modules/damerau-levenshtein
985 silly ADD node_modules/csstype
986 silly ADD node_modules/cross-spawn
987 silly ADD node_modules/convert-source-map
988 silly ADD node_modules/concat-map
989 silly ADD node_modules/comma-separated-tokens
990 silly ADD node_modules/color-name
991 silly ADD node_modules/color-convert
992 silly ADD node_modules/collapse-white-space
993 silly ADD node_modules/client-only
994 silly ADD node_modules/check-error
995 silly ADD node_modules/character-reference-invalid
996 silly ADD node_modules/character-entities-legacy
997 silly ADD node_modules/character-entities-html4
998 silly ADD node_modules/character-entities
999 silly ADD node_modules/chalk
1000 silly ADD node_modules/chai
1001 silly ADD node_modules/ccount
1002 silly ADD node_modules/caniuse-lite
1003 silly ADD node_modules/callsites
1004 silly ADD node_modules/call-bound
1005 silly ADD node_modules/call-bind-apply-helpers
1006 silly ADD node_modules/call-bind
1007 silly ADD node_modules/cac
1008 silly ADD node_modules/browserslist
1009 silly ADD node_modules/braces
1010 silly ADD node_modules/brace-expansion
1011 silly ADD node_modules/baseline-browser-mapping
1012 silly ADD node_modules/balanced-match
1013 silly ADD node_modules/bail
1014 silly ADD node_modules/axobject-query
1015 silly ADD node_modules/axe-core
1016 silly ADD node_modules/available-typed-arrays
1017 silly ADD node_modules/async-function
1018 silly ADD node_modules/astring
1019 silly ADD node_modules/ast-types-flow
1020 silly ADD node_modules/assertion-error
1021 silly ADD node_modules/arraybuffer.prototype.slice
1022 silly ADD node_modules/array.prototype.tosorted
1023 silly ADD node_modules/array.prototype.flatmap
1024 silly ADD node_modules/array.prototype.flat
1025 silly ADD node_modules/array.prototype.findlastindex
1026 silly ADD node_modules/array.prototype.findlast
1027 silly ADD node_modules/array-includes
1028 silly ADD node_modules/array-buffer-byte-length
1029 silly ADD node_modules/aria-query
1030 silly ADD node_modules/argparse
1031 silly ADD node_modules/ansi-styles
1032 silly ADD node_modules/ajv
1033 silly ADD node_modules/acorn-jsx
1034 silly ADD node_modules/acorn
1035 silly ADD node_modules/@vitest/utils
1036 silly ADD node_modules/@vitest/spy
1037 silly ADD node_modules/@vitest/snapshot
1038 silly ADD node_modules/@vitest/runner
1039 silly ADD node_modules/@vitest/pretty-format
1040 silly ADD node_modules/@vitest/mocker
1041 silly ADD node_modules/@vitest/expect
1042 silly ADD node_modules/@unrs/resolver-binding-darwin-arm64
1043 silly ADD node_modules/@ungap/structured-clone
1044 silly ADD node_modules/@typescript-eslint/visitor-keys
1045 silly ADD node_modules/@typescript-eslint/visitor-keys/node_modules/eslint-visitor-keys
1046 silly ADD node_modules/@typescript-eslint/utils
1047 silly ADD node_modules/@typescript-eslint/typescript-estree
1048 silly ADD node_modules/@typescript-eslint/typescript-estree/node_modules/semver
1049 silly ADD node_modules/@typescript-eslint/typescript-estree/node_modules/minimatch
1050 silly ADD node_modules/@typescript-eslint/typescript-estree/node_modules/brace-expansion
1051 silly ADD node_modules/@typescript-eslint/typescript-estree/node_modules/balanced-match
1052 silly ADD node_modules/@typescript-eslint/types
1053 silly ADD node_modules/@typescript-eslint/type-utils
1054 silly ADD node_modules/@typescript-eslint/tsconfig-utils
1055 silly ADD node_modules/@typescript-eslint/scope-manager
1056 silly ADD node_modules/@typescript-eslint/project-service
1057 silly ADD node_modules/@typescript-eslint/parser
1058 silly ADD node_modules/@typescript-eslint/eslint-plugin
1059 silly ADD node_modules/@typescript-eslint/eslint-plugin/node_modules/ignore
1060 silly ADD node_modules/@types/unist
1061 silly ADD node_modules/@types/react-dom
1062 silly ADD node_modules/@types/react
1063 silly ADD node_modules/@types/node
1064 silly ADD node_modules/@types/ms
1065 silly ADD node_modules/@types/mdx
1066 silly ADD node_modules/@types/mdast
1067 silly ADD node_modules/@types/json5
1068 silly ADD node_modules/@types/json-schema
1069 silly ADD node_modules/@types/hast
1070 silly ADD node_modules/@types/estree-jsx
1071 silly ADD node_modules/@types/estree
1072 silly ADD node_modules/@types/deep-eql
1073 silly ADD node_modules/@types/debug
1074 silly ADD node_modules/@types/chai
1075 silly ADD node_modules/@tybys/wasm-util
1076 silly ADD node_modules/@tailwindcss/postcss
1077 silly ADD node_modules/@tailwindcss/oxide-darwin-arm64
1078 silly ADD node_modules/@tailwindcss/oxide
1079 silly ADD node_modules/@tailwindcss/node
1080 silly ADD node_modules/@swc/helpers
1081 silly ADD node_modules/@rtsao/scc
1082 silly ADD node_modules/@rollup/rollup-darwin-arm64
1083 silly ADD node_modules/@nolyfill/is-core-module
1084 silly ADD node_modules/@nodelib/fs.walk
1085 silly ADD node_modules/@nodelib/fs.stat
1086 silly ADD node_modules/@nodelib/fs.scandir
1087 silly ADD node_modules/@next/swc-darwin-arm64
1088 silly ADD node_modules/@next/eslint-plugin-next
1089 silly ADD node_modules/@next/env
1090 silly ADD node_modules/@napi-rs/wasm-runtime
1091 silly ADD node_modules/@mdx-js/react
1092 silly ADD node_modules/@mdx-js/mdx
1093 silly ADD node_modules/@jridgewell/trace-mapping
1094 silly ADD node_modules/@jridgewell/sourcemap-codec
1095 silly ADD node_modules/@jridgewell/resolve-uri
1096 silly ADD node_modules/@jridgewell/remapping
1097 silly ADD node_modules/@jridgewell/gen-mapping
1098 silly ADD node_modules/@img/sharp-libvips-darwin-arm64
1099 silly ADD node_modules/@img/sharp-darwin-arm64
1100 silly ADD node_modules/@img/colour
1101 silly ADD node_modules/@humanwhocodes/retry
1102 silly ADD node_modules/@humanwhocodes/module-importer
1103 silly ADD node_modules/@humanfs/node
1104 silly ADD node_modules/@humanfs/core
1105 silly ADD node_modules/@eslint/plugin-kit
1106 silly ADD node_modules/@eslint/object-schema
1107 silly ADD node_modules/@eslint/js
1108 silly ADD node_modules/@eslint/eslintrc
1109 silly ADD node_modules/@eslint/core
1110 silly ADD node_modules/@eslint/config-helpers
1111 silly ADD node_modules/@eslint/config-array
1112 silly ADD node_modules/@eslint-community/regexpp
1113 silly ADD node_modules/@eslint-community/eslint-utils
1114 silly ADD node_modules/@eslint-community/eslint-utils/node_modules/eslint-visitor-keys
1115 silly ADD node_modules/@esbuild/darwin-arm64
1116 silly ADD node_modules/@emnapi/wasi-threads
1117 silly ADD node_modules/@emnapi/runtime
1118 silly ADD node_modules/@emnapi/core
1119 silly ADD node_modules/@babel/types
1120 silly ADD node_modules/@babel/traverse
1121 silly ADD node_modules/@babel/template
1122 silly ADD node_modules/@babel/parser
1123 silly ADD node_modules/@babel/helpers
1124 silly ADD node_modules/@babel/helper-validator-option
1125 silly ADD node_modules/@babel/helper-validator-identifier
1126 silly ADD node_modules/@babel/helper-string-parser
1127 silly ADD node_modules/@babel/helper-module-transforms
1128 silly ADD node_modules/@babel/helper-module-imports
1129 silly ADD node_modules/@babel/helper-globals
1130 silly ADD node_modules/@babel/helper-compilation-targets
1131 silly ADD node_modules/@babel/generator
1132 silly ADD node_modules/@babel/core
1133 silly ADD node_modules/@babel/compat-data
1134 silly ADD node_modules/@babel/code-frame
1135 silly ADD node_modules/@alloc/quick-lru
1136 verbose cwd /Users/josephstewart/Documents/JLPolicyConsulting
1137 verbose os Darwin 25.4.0
1138 verbose node v25.8.1
1139 verbose npm  v11.11.0
1140 verbose exit 0
1141 info ok
