0 verbose cli /opt/homebrew/Cellar/node/25.8.1_1/bin/node /opt/homebrew/bin/npm
1 info using npm@11.11.0
2 info using node@v25.8.1
3 silly config load:file:/opt/homebrew/lib/node_modules/npm/npmrc
4 silly config load:file:/Users/josephstewart/Documents/JLPolicyConsulting/Enhance Branding Implementation Plan/.npmrc
5 silly config load:file:/Users/josephstewart/.npmrc
6 silly config load:file:/opt/homebrew/etc/npmrc
7 verbose title npm install
8 verbose argv "install" "--cache" ".npm-cache"
9 verbose logfile logs-max:10 dir:/Users/josephstewart/Documents/JLPolicyConsulting/Enhance Branding Implementation Plan/.npm-cache/_logs/2026-03-20T14_47_30_735Z-
10 verbose logfile /Users/josephstewart/Documents/JLPolicyConsulting/Enhance Branding Implementation Plan/.npm-cache/_logs/2026-03-20T14_47_30_735Z-debug-0.log
11 silly logfile done cleaning log files
12 silly packumentCache heap:4496293888 maxSize:1124073472 maxEntrySize:562036736
13 silly idealTree buildDeps
14 silly fetch manifest @emotion/react@11.14.0
15 silly packumentCache full:https://registry.npmjs.org/@emotion%2freact cache-miss
16 http fetch GET 200 https://registry.npmjs.org/@emotion%2freact 152ms (cache miss)
17 silly packumentCache full:https://registry.npmjs.org/@emotion%2freact set size:undefined disposed:false
18 silly fetch manifest react@18.3.1
19 silly packumentCache full:https://registry.npmjs.org/react cache-miss
20 http fetch GET 200 https://registry.npmjs.org/npm 201ms
21 http fetch GET 200 https://registry.npmjs.org/react 183ms (cache miss)
22 silly packumentCache full:https://registry.npmjs.org/react set size:undefined disposed:false
23 silly fetch manifest @emotion/styled@11.14.1
24 silly packumentCache full:https://registry.npmjs.org/@emotion%2fstyled cache-miss
25 http fetch GET 200 https://registry.npmjs.org/@emotion%2fstyled 78ms (cache miss)
26 silly packumentCache full:https://registry.npmjs.org/@emotion%2fstyled set size:undefined disposed:false
27 silly fetch manifest @mui/icons-material@7.3.5
28 silly packumentCache full:https://registry.npmjs.org/@mui%2ficons-material cache-miss
29 http fetch GET 200 https://registry.npmjs.org/@mui%2ficons-material 452ms (cache miss)
30 silly packumentCache full:https://registry.npmjs.org/@mui%2ficons-material set size:undefined disposed:false
31 silly fetch manifest @mui/material@7.3.5
32 silly packumentCache full:https://registry.npmjs.org/@mui%2fmaterial cache-miss
33 http fetch GET 200 https://registry.npmjs.org/@mui%2fmaterial 75ms (cache miss)
34 silly packumentCache full:https://registry.npmjs.org/@mui%2fmaterial set size:undefined disposed:false
35 silly fetch manifest @mui/material-pigment-css@^7.3.5
36 silly packumentCache full:https://registry.npmjs.org/@mui%2fmaterial-pigment-css cache-miss
37 http fetch GET 200 https://registry.npmjs.org/@mui%2fmaterial-pigment-css 84ms (cache miss)
38 silly packumentCache full:https://registry.npmjs.org/@mui%2fmaterial-pigment-css set size:undefined disposed:false
39 silly fetch manifest @pigment-css/react@^0.0.30
40 silly packumentCache full:https://registry.npmjs.org/@pigment-css%2freact cache-miss
41 http fetch GET 200 https://registry.npmjs.org/@pigment-css%2freact 68ms (cache miss)
42 silly packumentCache full:https://registry.npmjs.org/@pigment-css%2freact set size:undefined disposed:false
43 silly fetch manifest @types/react@^17.0.0 || ^18.0.0 || ^19.0.0
44 silly packumentCache full:https://registry.npmjs.org/@types%2freact cache-miss
45 http fetch GET 200 https://registry.npmjs.org/@types%2freact 80ms (cache miss)
46 silly packumentCache full:https://registry.npmjs.org/@types%2freact set size:undefined disposed:false
47 silly fetch manifest react-dom@18.3.1
48 silly packumentCache full:https://registry.npmjs.org/react-dom cache-miss
49 http fetch GET 200 https://registry.npmjs.org/react-dom 177ms (cache miss)
50 silly packumentCache full:https://registry.npmjs.org/react-dom set size:undefined disposed:false
51 silly fetch manifest @popperjs/core@2.11.8
52 silly packumentCache full:https://registry.npmjs.org/@popperjs%2fcore cache-miss
53 http fetch GET 200 https://registry.npmjs.org/@popperjs%2fcore 77ms (cache miss)
54 silly packumentCache full:https://registry.npmjs.org/@popperjs%2fcore set size:undefined disposed:false
55 silly fetch manifest @radix-ui/react-accordion@1.2.3
56 silly packumentCache full:https://registry.npmjs.org/@radix-ui%2freact-accordion cache-miss
57 http fetch GET 200 https://registry.npmjs.org/@radix-ui%2freact-accordion 225ms (cache miss)
58 silly packumentCache full:https://registry.npmjs.org/@radix-ui%2freact-accordion set size:undefined disposed:false
59 silly fetch manifest @types/react@*
60 silly packumentCache full:https://registry.npmjs.org/@types%2freact cache-miss
61 http cache https://registry.npmjs.org/@types%2freact 10ms (cache hit)
62 silly packumentCache full:https://registry.npmjs.org/@types%2freact set size:2588986 disposed:false
63 silly fetch manifest @types/react-dom@*
64 silly packumentCache full:https://registry.npmjs.org/@types%2freact-dom cache-miss
65 http fetch GET 200 https://registry.npmjs.org/@types%2freact-dom 70ms (cache miss)
66 silly packumentCache full:https://registry.npmjs.org/@types%2freact-dom set size:undefined disposed:false
67 silly fetch manifest @radix-ui/react-alert-dialog@1.1.6
68 silly packumentCache full:https://registry.npmjs.org/@radix-ui%2freact-alert-dialog cache-miss
69 http fetch GET 200 https://registry.npmjs.org/@radix-ui%2freact-alert-dialog 74ms (cache miss)
70 silly packumentCache full:https://registry.npmjs.org/@radix-ui%2freact-alert-dialog set size:undefined disposed:false
71 silly fetch manifest @radix-ui/react-aspect-ratio@1.1.2
72 silly packumentCache full:https://registry.npmjs.org/@radix-ui%2freact-aspect-ratio cache-miss
73 http fetch GET 200 https://registry.npmjs.org/@radix-ui%2freact-aspect-ratio 63ms (cache miss)
74 silly packumentCache full:https://registry.npmjs.org/@radix-ui%2freact-aspect-ratio set size:undefined disposed:false
75 silly fetch manifest @radix-ui/react-avatar@1.1.3
76 silly packumentCache full:https://registry.npmjs.org/@radix-ui%2freact-avatar cache-miss
77 http fetch GET 200 https://registry.npmjs.org/@radix-ui%2freact-avatar 78ms (cache miss)
78 silly packumentCache full:https://registry.npmjs.org/@radix-ui%2freact-avatar set size:undefined disposed:false
79 silly fetch manifest @radix-ui/react-checkbox@1.1.4
80 silly packumentCache full:https://registry.npmjs.org/@radix-ui%2freact-checkbox cache-miss
81 http fetch GET 200 https://registry.npmjs.org/@radix-ui%2freact-checkbox 84ms (cache miss)
82 silly packumentCache full:https://registry.npmjs.org/@radix-ui%2freact-checkbox set size:undefined disposed:false
83 silly fetch manifest @radix-ui/react-collapsible@1.1.3
84 silly packumentCache full:https://registry.npmjs.org/@radix-ui%2freact-collapsible cache-miss
85 http fetch GET 200 https://registry.npmjs.org/@radix-ui%2freact-collapsible 73ms (cache miss)
86 silly packumentCache full:https://registry.npmjs.org/@radix-ui%2freact-collapsible set size:undefined disposed:false
87 silly fetch manifest @radix-ui/react-context-menu@2.2.6
88 silly packumentCache full:https://registry.npmjs.org/@radix-ui%2freact-context-menu cache-miss
89 http fetch GET 200 https://registry.npmjs.org/@radix-ui%2freact-context-menu 88ms (cache miss)
90 silly packumentCache full:https://registry.npmjs.org/@radix-ui%2freact-context-menu set size:undefined disposed:false
91 silly fetch manifest @radix-ui/react-dialog@1.1.6
92 silly packumentCache full:https://registry.npmjs.org/@radix-ui%2freact-dialog cache-miss
93 http fetch GET 200 https://registry.npmjs.org/@radix-ui%2freact-dialog 83ms (cache miss)
94 silly packumentCache full:https://registry.npmjs.org/@radix-ui%2freact-dialog set size:undefined disposed:false
95 silly fetch manifest @radix-ui/react-dropdown-menu@2.1.6
96 silly packumentCache full:https://registry.npmjs.org/@radix-ui%2freact-dropdown-menu cache-miss
97 http fetch GET 200 https://registry.npmjs.org/@radix-ui%2freact-dropdown-menu 71ms (cache miss)
98 silly packumentCache full:https://registry.npmjs.org/@radix-ui%2freact-dropdown-menu set size:undefined disposed:false
99 silly fetch manifest @radix-ui/react-hover-card@1.1.6
100 silly packumentCache full:https://registry.npmjs.org/@radix-ui%2freact-hover-card cache-miss
101 http fetch GET 200 https://registry.npmjs.org/@radix-ui%2freact-hover-card 79ms (cache miss)
102 silly packumentCache full:https://registry.npmjs.org/@radix-ui%2freact-hover-card set size:undefined disposed:false
103 silly fetch manifest @radix-ui/react-label@2.1.2
104 silly packumentCache full:https://registry.npmjs.org/@radix-ui%2freact-label cache-miss
105 http fetch GET 200 https://registry.npmjs.org/@radix-ui%2freact-label 95ms (cache miss)
106 silly packumentCache full:https://registry.npmjs.org/@radix-ui%2freact-label set size:undefined disposed:false
107 silly fetch manifest @radix-ui/react-menubar@1.1.6
108 silly packumentCache full:https://registry.npmjs.org/@radix-ui%2freact-menubar cache-miss
109 http fetch GET 200 https://registry.npmjs.org/@radix-ui%2freact-menubar 72ms (cache miss)
110 silly packumentCache full:https://registry.npmjs.org/@radix-ui%2freact-menubar set size:undefined disposed:false
111 silly fetch manifest @radix-ui/react-navigation-menu@1.2.5
112 silly packumentCache full:https://registry.npmjs.org/@radix-ui%2freact-navigation-menu cache-miss
113 http fetch GET 200 https://registry.npmjs.org/@radix-ui%2freact-navigation-menu 82ms (cache miss)
114 silly packumentCache full:https://registry.npmjs.org/@radix-ui%2freact-navigation-menu set size:undefined disposed:false
115 silly fetch manifest @radix-ui/react-popover@1.1.6
116 silly packumentCache full:https://registry.npmjs.org/@radix-ui%2freact-popover cache-miss
117 http fetch GET 200 https://registry.npmjs.org/@radix-ui%2freact-popover 83ms (cache miss)
118 silly packumentCache full:https://registry.npmjs.org/@radix-ui%2freact-popover set size:undefined disposed:false
119 silly fetch manifest @radix-ui/react-progress@1.1.2
120 silly packumentCache full:https://registry.npmjs.org/@radix-ui%2freact-progress cache-miss
121 http fetch GET 200 https://registry.npmjs.org/@radix-ui%2freact-progress 71ms (cache miss)
122 silly packumentCache full:https://registry.npmjs.org/@radix-ui%2freact-progress set size:undefined disposed:false
123 silly fetch manifest @radix-ui/react-radio-group@1.2.3
124 silly packumentCache full:https://registry.npmjs.org/@radix-ui%2freact-radio-group cache-miss
125 http fetch GET 200 https://registry.npmjs.org/@radix-ui%2freact-radio-group 79ms (cache miss)
126 silly packumentCache full:https://registry.npmjs.org/@radix-ui%2freact-radio-group set size:undefined disposed:false
127 silly fetch manifest @radix-ui/react-scroll-area@1.2.3
128 silly packumentCache full:https://registry.npmjs.org/@radix-ui%2freact-scroll-area cache-miss
129 http fetch GET 200 https://registry.npmjs.org/@radix-ui%2freact-scroll-area 77ms (cache miss)
130 silly packumentCache full:https://registry.npmjs.org/@radix-ui%2freact-scroll-area set size:undefined disposed:false
131 silly fetch manifest @radix-ui/react-select@2.1.6
132 silly packumentCache full:https://registry.npmjs.org/@radix-ui%2freact-select cache-miss
133 http fetch GET 200 https://registry.npmjs.org/@radix-ui%2freact-select 68ms (cache miss)
134 silly packumentCache full:https://registry.npmjs.org/@radix-ui%2freact-select set size:undefined disposed:false
135 silly fetch manifest @radix-ui/react-separator@1.1.2
136 silly packumentCache full:https://registry.npmjs.org/@radix-ui%2freact-separator cache-miss
137 http fetch GET 200 https://registry.npmjs.org/@radix-ui%2freact-separator 79ms (cache miss)
138 silly packumentCache full:https://registry.npmjs.org/@radix-ui%2freact-separator set size:undefined disposed:false
139 silly fetch manifest @radix-ui/react-slider@1.2.3
140 silly packumentCache full:https://registry.npmjs.org/@radix-ui%2freact-slider cache-miss
141 http fetch GET 200 https://registry.npmjs.org/@radix-ui%2freact-slider 75ms (cache miss)
142 silly packumentCache full:https://registry.npmjs.org/@radix-ui%2freact-slider set size:undefined disposed:false
143 silly fetch manifest @radix-ui/react-slot@1.1.2
144 silly packumentCache full:https://registry.npmjs.org/@radix-ui%2freact-slot cache-miss
145 http fetch GET 200 https://registry.npmjs.org/@radix-ui%2freact-slot 79ms (cache miss)
146 silly packumentCache full:https://registry.npmjs.org/@radix-ui%2freact-slot set size:undefined disposed:false
147 silly fetch manifest @radix-ui/react-switch@1.1.3
148 silly packumentCache full:https://registry.npmjs.org/@radix-ui%2freact-switch cache-miss
149 http fetch GET 200 https://registry.npmjs.org/@radix-ui%2freact-switch 67ms (cache miss)
150 silly packumentCache full:https://registry.npmjs.org/@radix-ui%2freact-switch set size:undefined disposed:false
151 silly fetch manifest @radix-ui/react-tabs@1.1.3
152 silly packumentCache full:https://registry.npmjs.org/@radix-ui%2freact-tabs cache-miss
153 http fetch GET 200 https://registry.npmjs.org/@radix-ui%2freact-tabs 77ms (cache miss)
154 silly packumentCache full:https://registry.npmjs.org/@radix-ui%2freact-tabs set size:undefined disposed:false
155 silly fetch manifest @radix-ui/react-toggle-group@1.1.2
156 silly packumentCache full:https://registry.npmjs.org/@radix-ui%2freact-toggle-group cache-miss
157 http fetch GET 200 https://registry.npmjs.org/@radix-ui%2freact-toggle-group 136ms (cache miss)
158 silly packumentCache full:https://registry.npmjs.org/@radix-ui%2freact-toggle-group set size:undefined disposed:false
159 silly fetch manifest @radix-ui/react-toggle@1.1.2
160 silly packumentCache full:https://registry.npmjs.org/@radix-ui%2freact-toggle cache-miss
161 http fetch GET 200 https://registry.npmjs.org/@radix-ui%2freact-toggle 91ms (cache miss)
162 silly packumentCache full:https://registry.npmjs.org/@radix-ui%2freact-toggle set size:undefined disposed:false
163 silly fetch manifest @radix-ui/react-tooltip@1.1.8
164 silly packumentCache full:https://registry.npmjs.org/@radix-ui%2freact-tooltip cache-miss
165 http fetch GET 200 https://registry.npmjs.org/@radix-ui%2freact-tooltip 119ms (cache miss)
166 silly packumentCache full:https://registry.npmjs.org/@radix-ui%2freact-tooltip set size:undefined disposed:false
167 silly fetch manifest canvas-confetti@1.9.4
168 silly packumentCache full:https://registry.npmjs.org/canvas-confetti cache-miss
169 http fetch GET 200 https://registry.npmjs.org/canvas-confetti 48ms (cache miss)
170 silly packumentCache full:https://registry.npmjs.org/canvas-confetti set size:undefined disposed:false
171 silly fetch manifest class-variance-authority@0.7.1
172 silly packumentCache full:https://registry.npmjs.org/class-variance-authority cache-miss
173 http fetch GET 200 https://registry.npmjs.org/class-variance-authority 45ms (cache miss)
174 silly packumentCache full:https://registry.npmjs.org/class-variance-authority set size:undefined disposed:false
175 silly fetch manifest clsx@2.1.1
176 silly packumentCache full:https://registry.npmjs.org/clsx cache-miss
177 http fetch GET 200 https://registry.npmjs.org/clsx 50ms (cache miss)
178 silly packumentCache full:https://registry.npmjs.org/clsx set size:undefined disposed:false
179 silly fetch manifest cmdk@1.1.1
180 silly packumentCache full:https://registry.npmjs.org/cmdk cache-miss
181 http fetch GET 200 https://registry.npmjs.org/cmdk 45ms (cache miss)
182 silly packumentCache full:https://registry.npmjs.org/cmdk set size:undefined disposed:false
183 silly fetch manifest date-fns@3.6.0
184 silly packumentCache full:https://registry.npmjs.org/date-fns cache-miss
185 http fetch GET 200 https://registry.npmjs.org/date-fns 173ms (cache miss)
186 silly packumentCache full:https://registry.npmjs.org/date-fns set size:undefined disposed:false
187 silly fetch manifest embla-carousel-react@8.6.0
188 silly packumentCache full:https://registry.npmjs.org/embla-carousel-react cache-miss
189 http fetch GET 200 https://registry.npmjs.org/embla-carousel-react 47ms (cache miss)
190 silly packumentCache full:https://registry.npmjs.org/embla-carousel-react set size:undefined disposed:false
191 silly fetch manifest input-otp@1.4.2
192 silly packumentCache full:https://registry.npmjs.org/input-otp cache-miss
193 http fetch GET 200 https://registry.npmjs.org/input-otp 133ms (cache miss)
194 silly packumentCache full:https://registry.npmjs.org/input-otp set size:undefined disposed:false
195 silly fetch manifest lucide-react@0.487.0
196 silly packumentCache full:https://registry.npmjs.org/lucide-react cache-miss
197 http fetch GET 200 https://registry.npmjs.org/lucide-react 74ms (cache miss)
198 silly packumentCache full:https://registry.npmjs.org/lucide-react set size:undefined disposed:false
199 silly fetch manifest motion@12.23.24
200 silly packumentCache full:https://registry.npmjs.org/motion cache-miss
201 http fetch GET 200 https://registry.npmjs.org/motion 93ms (cache miss)
202 silly packumentCache full:https://registry.npmjs.org/motion set size:undefined disposed:false
203 silly fetch manifest @emotion/is-prop-valid@*
204 silly packumentCache full:https://registry.npmjs.org/@emotion%2fis-prop-valid cache-miss
205 http fetch GET 200 https://registry.npmjs.org/@emotion%2fis-prop-valid 84ms (cache miss)
206 silly packumentCache full:https://registry.npmjs.org/@emotion%2fis-prop-valid set size:undefined disposed:false
207 silly fetch manifest next-themes@0.4.6
208 silly packumentCache full:https://registry.npmjs.org/next-themes cache-miss
209 http fetch GET 200 https://registry.npmjs.org/next-themes 59ms (cache miss)
210 silly packumentCache full:https://registry.npmjs.org/next-themes set size:undefined disposed:false
211 silly fetch manifest react-day-picker@8.10.1
212 silly packumentCache full:https://registry.npmjs.org/react-day-picker cache-miss
213 http fetch GET 200 https://registry.npmjs.org/react-day-picker 49ms (cache miss)
214 silly packumentCache full:https://registry.npmjs.org/react-day-picker set size:undefined disposed:false
215 silly fetch manifest react-dnd@16.0.1
216 silly packumentCache full:https://registry.npmjs.org/react-dnd cache-miss
217 http fetch GET 200 https://registry.npmjs.org/react-dnd 51ms (cache miss)
218 silly packumentCache full:https://registry.npmjs.org/react-dnd set size:undefined disposed:false
219 silly fetch manifest @types/hoist-non-react-statics@>= 3.3.1
220 silly packumentCache full:https://registry.npmjs.org/@types%2fhoist-non-react-statics cache-miss
221 http fetch GET 200 https://registry.npmjs.org/@types%2fhoist-non-react-statics 55ms (cache miss)
222 silly packumentCache full:https://registry.npmjs.org/@types%2fhoist-non-react-statics set size:undefined disposed:false
223 silly fetch manifest @types/node@>= 12
224 silly packumentCache full:https://registry.npmjs.org/@types%2fnode cache-miss
225 http fetch GET 200 https://registry.npmjs.org/@types%2fnode 184ms (cache miss)
226 silly packumentCache full:https://registry.npmjs.org/@types%2fnode set size:undefined disposed:false
227 silly fetch manifest react-dnd-html5-backend@16.0.1
228 silly packumentCache full:https://registry.npmjs.org/react-dnd-html5-backend cache-miss
229 http fetch GET 200 https://registry.npmjs.org/react-dnd-html5-backend 52ms (cache miss)
230 silly packumentCache full:https://registry.npmjs.org/react-dnd-html5-backend set size:undefined disposed:false
231 silly fetch manifest react-hook-form@7.55.0
232 silly packumentCache full:https://registry.npmjs.org/react-hook-form cache-miss
233 http fetch GET 200 https://registry.npmjs.org/react-hook-form 125ms (cache miss)
234 silly packumentCache full:https://registry.npmjs.org/react-hook-form set size:undefined disposed:false
235 silly fetch manifest react-popper@2.3.0
236 silly packumentCache full:https://registry.npmjs.org/react-popper cache-miss
237 http fetch GET 200 https://registry.npmjs.org/react-popper 49ms (cache miss)
238 silly packumentCache full:https://registry.npmjs.org/react-popper set size:undefined disposed:false
239 silly fetch manifest react-resizable-panels@2.1.7
240 silly packumentCache full:https://registry.npmjs.org/react-resizable-panels cache-miss
241 http fetch GET 200 https://registry.npmjs.org/react-resizable-panels 49ms (cache miss)
242 silly packumentCache full:https://registry.npmjs.org/react-resizable-panels set size:undefined disposed:false
243 silly fetch manifest react-responsive-masonry@2.7.1
244 silly packumentCache full:https://registry.npmjs.org/react-responsive-masonry cache-miss
245 http fetch GET 200 https://registry.npmjs.org/react-responsive-masonry 47ms (cache miss)
246 silly packumentCache full:https://registry.npmjs.org/react-responsive-masonry set size:undefined disposed:false
247 silly fetch manifest react-router@7.13.0
248 silly packumentCache full:https://registry.npmjs.org/react-router cache-miss
249 http fetch GET 200 https://registry.npmjs.org/react-router 82ms (cache miss)
250 silly packumentCache full:https://registry.npmjs.org/react-router set size:undefined disposed:false
251 silly fetch manifest react-slick@0.31.0
252 silly packumentCache full:https://registry.npmjs.org/react-slick cache-miss
253 http fetch GET 200 https://registry.npmjs.org/react-slick 77ms (cache miss)
254 silly packumentCache full:https://registry.npmjs.org/react-slick set size:undefined disposed:false
255 silly fetch manifest recharts@2.15.2
256 silly packumentCache full:https://registry.npmjs.org/recharts cache-miss
257 http fetch GET 200 https://registry.npmjs.org/recharts 56ms (cache miss)
258 silly packumentCache full:https://registry.npmjs.org/recharts set size:undefined disposed:false
259 silly fetch manifest sonner@2.0.3
260 silly packumentCache full:https://registry.npmjs.org/sonner cache-miss
261 http fetch GET 200 https://registry.npmjs.org/sonner 43ms (cache miss)
262 silly packumentCache full:https://registry.npmjs.org/sonner set size:undefined disposed:false
263 silly fetch manifest tailwind-merge@3.2.0
264 silly packumentCache full:https://registry.npmjs.org/tailwind-merge cache-miss
265 http fetch GET 200 https://registry.npmjs.org/tailwind-merge 131ms (cache miss)
266 silly packumentCache full:https://registry.npmjs.org/tailwind-merge set size:undefined disposed:false
267 silly fetch manifest tw-animate-css@1.3.8
268 silly packumentCache full:https://registry.npmjs.org/tw-animate-css cache-miss
269 http fetch GET 200 https://registry.npmjs.org/tw-animate-css 41ms (cache miss)
270 silly packumentCache full:https://registry.npmjs.org/tw-animate-css set size:undefined disposed:false
271 silly fetch manifest vaul@1.1.2
272 silly packumentCache full:https://registry.npmjs.org/vaul cache-miss
273 http fetch GET 200 https://registry.npmjs.org/vaul 48ms (cache miss)
274 silly packumentCache full:https://registry.npmjs.org/vaul set size:undefined disposed:false
275 silly fetch manifest @tailwindcss/vite@4.1.12
276 silly packumentCache full:https://registry.npmjs.org/@tailwindcss%2fvite cache-miss
277 http fetch GET 200 https://registry.npmjs.org/@tailwindcss%2fvite 83ms (cache miss)
278 silly packumentCache full:https://registry.npmjs.org/@tailwindcss%2fvite set size:undefined disposed:false
279 silly fetch manifest vite@6.3.5
280 silly packumentCache full:https://registry.npmjs.org/vite cache-miss
281 http fetch GET 200 https://registry.npmjs.org/vite 693ms (cache miss)
282 silly packumentCache full:https://registry.npmjs.org/vite set size:undefined disposed:false
283 silly fetch manifest @types/node@^18.0.0 || ^20.0.0 || >=22.0.0
284 silly packumentCache full:https://registry.npmjs.org/@types%2fnode cache-miss
285 http cache https://registry.npmjs.org/@types%2fnode 10ms (cache hit)
286 silly packumentCache full:https://registry.npmjs.org/@types%2fnode set size:10939971 disposed:false
287 silly fetch manifest jiti@>=1.21.0
288 silly packumentCache full:https://registry.npmjs.org/jiti cache-miss
289 http fetch GET 200 https://registry.npmjs.org/jiti 45ms (cache miss)
290 silly packumentCache full:https://registry.npmjs.org/jiti set size:undefined disposed:false
291 silly fetch manifest less@*
292 silly packumentCache full:https://registry.npmjs.org/less cache-miss
293 http fetch GET 200 https://registry.npmjs.org/less 55ms (cache miss)
294 silly packumentCache full:https://registry.npmjs.org/less set size:undefined disposed:false
295 silly fetch manifest lightningcss@^1.21.0
296 silly packumentCache full:https://registry.npmjs.org/lightningcss cache-miss
297 http fetch GET 200 https://registry.npmjs.org/lightningcss 44ms (cache miss)
298 silly packumentCache full:https://registry.npmjs.org/lightningcss set size:undefined disposed:false
299 silly fetch manifest sass@*
300 silly packumentCache full:https://registry.npmjs.org/sass cache-miss
301 http fetch GET 200 https://registry.npmjs.org/sass 57ms (cache miss)
302 silly packumentCache full:https://registry.npmjs.org/sass set size:undefined disposed:false
303 silly fetch manifest sass-embedded@*
304 silly packumentCache full:https://registry.npmjs.org/sass-embedded cache-miss
305 http fetch GET 200 https://registry.npmjs.org/sass-embedded 57ms (cache miss)
306 silly packumentCache full:https://registry.npmjs.org/sass-embedded set size:undefined disposed:false
307 silly fetch manifest stylus@*
308 silly packumentCache full:https://registry.npmjs.org/stylus cache-miss
309 http fetch GET 200 https://registry.npmjs.org/stylus 61ms (cache miss)
310 silly packumentCache full:https://registry.npmjs.org/stylus set size:undefined disposed:false
311 silly fetch manifest sugarss@*
312 silly packumentCache full:https://registry.npmjs.org/sugarss cache-miss
313 http fetch GET 200 https://registry.npmjs.org/sugarss 44ms (cache miss)
314 silly packumentCache full:https://registry.npmjs.org/sugarss set size:undefined disposed:false
315 silly fetch manifest postcss@^8.3.3
316 silly packumentCache full:https://registry.npmjs.org/postcss cache-miss
317 http fetch GET 200 https://registry.npmjs.org/postcss 59ms (cache miss)
318 silly packumentCache full:https://registry.npmjs.org/postcss set size:undefined disposed:false
319 silly fetch manifest terser@^5.16.0
320 silly packumentCache full:https://registry.npmjs.org/terser cache-miss
321 http fetch GET 200 https://registry.npmjs.org/terser 59ms (cache miss)
322 silly packumentCache full:https://registry.npmjs.org/terser set size:undefined disposed:false
323 silly fetch manifest tsx@^4.8.1
324 silly packumentCache full:https://registry.npmjs.org/tsx cache-miss
325 http fetch GET 200 https://registry.npmjs.org/tsx 49ms (cache miss)
326 silly packumentCache full:https://registry.npmjs.org/tsx set size:undefined disposed:false
327 silly fetch manifest yaml@^2.4.2
328 silly packumentCache full:https://registry.npmjs.org/yaml cache-miss
329 http fetch GET 200 https://registry.npmjs.org/yaml 53ms (cache miss)
330 silly packumentCache full:https://registry.npmjs.org/yaml set size:undefined disposed:false
331 silly fetch manifest @vitejs/plugin-react@4.7.0
332 silly packumentCache full:https://registry.npmjs.org/@vitejs%2fplugin-react cache-miss
333 http fetch GET 200 https://registry.npmjs.org/@vitejs%2fplugin-react 64ms (cache miss)
334 silly packumentCache full:https://registry.npmjs.org/@vitejs%2fplugin-react set size:undefined disposed:false
335 silly fetch manifest tailwindcss@4.1.12
336 silly packumentCache full:https://registry.npmjs.org/tailwindcss cache-miss
337 http fetch GET 200 https://registry.npmjs.org/tailwindcss 184ms (cache miss)
338 silly packumentCache full:https://registry.npmjs.org/tailwindcss set size:undefined disposed:false
339 silly placeDep ROOT @emotion/react@11.14.0 OK for: @figma/my-make-file@0.0.1 want: 11.14.0
340 silly placeDep ROOT react@18.3.1 OK for: @emotion/react@11.14.0 want: >=16.8.0
341 silly placeDep ROOT @emotion/styled@11.14.1 OK for: @figma/my-make-file@0.0.1 want: 11.14.1
342 silly placeDep ROOT @mui/icons-material@7.3.5 OK for: @figma/my-make-file@0.0.1 want: 7.3.5
343 silly placeDep ROOT @mui/material@7.3.5 OK for: @mui/icons-material@7.3.5 want: ^7.3.5
344 silly placeDep ROOT react-dom@18.3.1 OK for: @mui/material@7.3.5 want: ^17.0.0 || ^18.0.0 || ^19.0.0
345 silly placeDep ROOT @popperjs/core@2.11.8 OK for: @figma/my-make-file@0.0.1 want: 2.11.8
346 silly placeDep ROOT @radix-ui/react-accordion@1.2.3 OK for: @figma/my-make-file@0.0.1 want: 1.2.3
347 silly placeDep ROOT @radix-ui/react-alert-dialog@1.1.6 OK for: @figma/my-make-file@0.0.1 want: 1.1.6
348 silly placeDep ROOT @radix-ui/react-aspect-ratio@1.1.2 OK for: @figma/my-make-file@0.0.1 want: 1.1.2
349 silly placeDep ROOT @radix-ui/react-avatar@1.1.3 OK for: @figma/my-make-file@0.0.1 want: 1.1.3
350 silly placeDep ROOT @radix-ui/react-checkbox@1.1.4 OK for: @figma/my-make-file@0.0.1 want: 1.1.4
351 silly placeDep ROOT @radix-ui/react-collapsible@1.1.3 OK for: @figma/my-make-file@0.0.1 want: 1.1.3
352 silly placeDep ROOT @radix-ui/react-context-menu@2.2.6 OK for: @figma/my-make-file@0.0.1 want: 2.2.6
353 silly placeDep ROOT @radix-ui/react-dialog@1.1.6 OK for: @figma/my-make-file@0.0.1 want: 1.1.6
354 silly placeDep ROOT @radix-ui/react-dropdown-menu@2.1.6 OK for: @figma/my-make-file@0.0.1 want: 2.1.6
355 silly placeDep ROOT @radix-ui/react-hover-card@1.1.6 OK for: @figma/my-make-file@0.0.1 want: 1.1.6
356 silly placeDep ROOT @radix-ui/react-label@2.1.2 OK for: @figma/my-make-file@0.0.1 want: 2.1.2
357 silly placeDep ROOT @radix-ui/react-menubar@1.1.6 OK for: @figma/my-make-file@0.0.1 want: 1.1.6
358 silly placeDep ROOT @radix-ui/react-navigation-menu@1.2.5 OK for: @figma/my-make-file@0.0.1 want: 1.2.5
359 silly placeDep ROOT @radix-ui/react-popover@1.1.6 OK for: @figma/my-make-file@0.0.1 want: 1.1.6
360 silly placeDep ROOT @radix-ui/react-progress@1.1.2 OK for: @figma/my-make-file@0.0.1 want: 1.1.2
361 silly placeDep ROOT @radix-ui/react-radio-group@1.2.3 OK for: @figma/my-make-file@0.0.1 want: 1.2.3
362 silly placeDep ROOT @radix-ui/react-scroll-area@1.2.3 OK for: @figma/my-make-file@0.0.1 want: 1.2.3
363 silly placeDep ROOT @radix-ui/react-select@2.1.6 OK for: @figma/my-make-file@0.0.1 want: 2.1.6
364 silly placeDep ROOT @radix-ui/react-separator@1.1.2 OK for: @figma/my-make-file@0.0.1 want: 1.1.2
365 silly placeDep ROOT @radix-ui/react-slider@1.2.3 OK for: @figma/my-make-file@0.0.1 want: 1.2.3
366 silly placeDep ROOT @radix-ui/react-slot@1.1.2 OK for: @figma/my-make-file@0.0.1 want: 1.1.2
367 silly placeDep ROOT @radix-ui/react-switch@1.1.3 OK for: @figma/my-make-file@0.0.1 want: 1.1.3
368 silly placeDep ROOT @radix-ui/react-tabs@1.1.3 OK for: @figma/my-make-file@0.0.1 want: 1.1.3
369 silly placeDep ROOT @radix-ui/react-toggle@1.1.2 OK for: @figma/my-make-file@0.0.1 want: 1.1.2
370 silly placeDep ROOT @radix-ui/react-toggle-group@1.1.2 OK for: @figma/my-make-file@0.0.1 want: 1.1.2
371 silly placeDep ROOT @radix-ui/react-tooltip@1.1.8 OK for: @figma/my-make-file@0.0.1 want: 1.1.8
372 silly placeDep ROOT @tailwindcss/vite@4.1.12 OK for: @figma/my-make-file@0.0.1 want: 4.1.12
373 silly placeDep ROOT vite@6.3.5 OK for: @tailwindcss/vite@4.1.12 want: ^5.2.0 || ^6 || ^7
374 silly placeDep ROOT @vitejs/plugin-react@4.7.0 OK for: @figma/my-make-file@0.0.1 want: 4.7.0
375 silly placeDep ROOT canvas-confetti@1.9.4 OK for: @figma/my-make-file@0.0.1 want: 1.9.4
376 silly placeDep ROOT class-variance-authority@0.7.1 OK for: @figma/my-make-file@0.0.1 want: 0.7.1
377 silly placeDep ROOT clsx@2.1.1 OK for: @figma/my-make-file@0.0.1 want: 2.1.1
378 silly placeDep ROOT cmdk@1.1.1 OK for: @figma/my-make-file@0.0.1 want: 1.1.1
379 silly placeDep ROOT date-fns@3.6.0 OK for: @figma/my-make-file@0.0.1 want: 3.6.0
380 silly placeDep ROOT embla-carousel-react@8.6.0 OK for: @figma/my-make-file@0.0.1 want: 8.6.0
381 silly placeDep ROOT input-otp@1.4.2 OK for: @figma/my-make-file@0.0.1 want: 1.4.2
382 silly placeDep ROOT lucide-react@0.487.0 OK for: @figma/my-make-file@0.0.1 want: 0.487.0
383 silly placeDep ROOT motion@12.23.24 OK for: @figma/my-make-file@0.0.1 want: 12.23.24
384 silly placeDep ROOT next-themes@0.4.6 OK for: @figma/my-make-file@0.0.1 want: 0.4.6
385 silly placeDep ROOT react-day-picker@8.10.1 OK for: @figma/my-make-file@0.0.1 want: 8.10.1
386 silly placeDep ROOT react-dnd@16.0.1 OK for: @figma/my-make-file@0.0.1 want: 16.0.1
387 silly placeDep ROOT react-dnd-html5-backend@16.0.1 OK for: @figma/my-make-file@0.0.1 want: 16.0.1
388 silly placeDep ROOT react-hook-form@7.55.0 OK for: @figma/my-make-file@0.0.1 want: 7.55.0
389 silly placeDep ROOT react-popper@2.3.0 OK for: @figma/my-make-file@0.0.1 want: 2.3.0
390 silly placeDep ROOT react-resizable-panels@2.1.7 OK for: @figma/my-make-file@0.0.1 want: 2.1.7
391 silly placeDep ROOT react-responsive-masonry@2.7.1 OK for: @figma/my-make-file@0.0.1 want: 2.7.1
392 silly placeDep ROOT react-router@7.13.0 OK for: @figma/my-make-file@0.0.1 want: 7.13.0
393 silly placeDep ROOT react-slick@0.31.0 OK for: @figma/my-make-file@0.0.1 want: 0.31.0
394 silly placeDep ROOT recharts@2.15.2 OK for: @figma/my-make-file@0.0.1 want: 2.15.2
395 silly placeDep ROOT sonner@2.0.3 OK for: @figma/my-make-file@0.0.1 want: 2.0.3
396 silly placeDep ROOT tailwind-merge@3.2.0 OK for: @figma/my-make-file@0.0.1 want: 3.2.0
397 silly placeDep ROOT tailwindcss@4.1.12 OK for: @figma/my-make-file@0.0.1 want: 4.1.12
398 silly placeDep ROOT tw-animate-css@1.3.8 OK for: @figma/my-make-file@0.0.1 want: 1.3.8
399 silly placeDep ROOT vaul@1.1.2 OK for: @figma/my-make-file@0.0.1 want: 1.1.2
400 silly fetch manifest @babel/runtime@^7.18.3
401 silly packumentCache full:https://registry.npmjs.org/@babel%2fruntime cache-miss
402 silly fetch manifest @emotion/babel-plugin@^11.13.5
403 silly packumentCache full:https://registry.npmjs.org/@emotion%2fbabel-plugin cache-miss
404 silly fetch manifest @emotion/cache@^11.14.0
405 silly packumentCache full:https://registry.npmjs.org/@emotion%2fcache cache-miss
406 silly fetch manifest @emotion/serialize@^1.3.3
407 silly packumentCache full:https://registry.npmjs.org/@emotion%2fserialize cache-miss
408 silly fetch manifest @emotion/use-insertion-effect-with-fallbacks@^1.2.0
409 silly packumentCache full:https://registry.npmjs.org/@emotion%2fuse-insertion-effect-with-fallbacks cache-miss
410 silly fetch manifest @emotion/utils@^1.4.2
411 silly packumentCache full:https://registry.npmjs.org/@emotion%2futils cache-miss
412 silly fetch manifest @emotion/weak-memoize@^0.4.0
413 silly packumentCache full:https://registry.npmjs.org/@emotion%2fweak-memoize cache-miss
414 silly fetch manifest hoist-non-react-statics@^3.3.1
415 silly packumentCache full:https://registry.npmjs.org/hoist-non-react-statics cache-miss
416 silly fetch manifest loose-envify@^1.1.0
417 silly packumentCache full:https://registry.npmjs.org/loose-envify cache-miss
418 http fetch GET 200 https://registry.npmjs.org/@emotion%2fbabel-plugin 71ms (cache miss)
419 silly packumentCache full:https://registry.npmjs.org/@emotion%2fbabel-plugin set size:undefined disposed:false
420 silly fetch manifest @babel/runtime@^7.18.3
421 silly packumentCache full:https://registry.npmjs.org/@babel%2fruntime cache-miss
422 http fetch GET 200 https://registry.npmjs.org/@emotion%2fcache 154ms (cache miss)
423 silly packumentCache full:https://registry.npmjs.org/@emotion%2fcache set size:undefined disposed:false
424 silly fetch manifest @emotion/is-prop-valid@^1.3.0
425 silly packumentCache full:https://registry.npmjs.org/@emotion%2fis-prop-valid cache-miss
426 http cache https://registry.npmjs.org/@emotion%2fis-prop-valid 1ms (cache hit)
427 silly packumentCache full:https://registry.npmjs.org/@emotion%2fis-prop-valid set size:96664 disposed:false
428 silly fetch manifest @emotion/serialize@^1.3.3
429 silly packumentCache full:https://registry.npmjs.org/@emotion%2fserialize cache-miss
430 http fetch GET 200 https://registry.npmjs.org/hoist-non-react-statics 169ms (cache miss)
431 silly packumentCache full:https://registry.npmjs.org/hoist-non-react-statics set size:undefined disposed:false
432 silly fetch manifest @emotion/use-insertion-effect-with-fallbacks@^1.2.0
433 silly packumentCache full:https://registry.npmjs.org/@emotion%2fuse-insertion-effect-with-fallbacks cache-miss
434 http fetch GET 200 https://registry.npmjs.org/@emotion%2fuse-insertion-effect-with-fallbacks 184ms (cache miss)
435 silly packumentCache full:https://registry.npmjs.org/@emotion%2fuse-insertion-effect-with-fallbacks set size:undefined disposed:false
436 silly fetch manifest @emotion/utils@^1.4.2
437 silly packumentCache full:https://registry.npmjs.org/@emotion%2futils cache-miss
438 http fetch GET 200 https://registry.npmjs.org/@emotion%2fweak-memoize 185ms (cache miss)
439 silly packumentCache full:https://registry.npmjs.org/@emotion%2fweak-memoize set size:undefined disposed:false
440 silly fetch manifest @babel/runtime@^7.28.4
441 silly packumentCache full:https://registry.npmjs.org/@babel%2fruntime cache-miss
442 http fetch GET 200 https://registry.npmjs.org/loose-envify 186ms (cache miss)
443 silly packumentCache full:https://registry.npmjs.org/loose-envify set size:undefined disposed:false
444 silly fetch manifest clsx@^2.1.1
445 silly packumentCache full:https://registry.npmjs.org/clsx cache-miss
446 http fetch GET 200 https://registry.npmjs.org/@emotion%2futils 187ms (cache miss)
447 silly packumentCache full:https://registry.npmjs.org/@emotion%2futils set size:undefined disposed:false
448 silly fetch manifest csstype@^3.1.3
449 silly packumentCache full:https://registry.npmjs.org/csstype cache-miss
450 http cache https://registry.npmjs.org/@emotion%2futils 5ms (cache hit)
451 silly packumentCache full:https://registry.npmjs.org/@emotion%2futils set size:84286 disposed:false
452 silly fetch manifest react-is@^19.2.0
453 silly packumentCache full:https://registry.npmjs.org/react-is cache-miss
454 http cache https://registry.npmjs.org/clsx 4ms (cache hit)
455 silly packumentCache full:https://registry.npmjs.org/clsx set size:42506 disposed:false
456 silly fetch manifest @mui/types@^7.4.8
457 silly packumentCache full:https://registry.npmjs.org/@mui%2ftypes cache-miss
458 http fetch GET 200 https://registry.npmjs.org/@emotion%2fserialize 196ms (cache miss)
459 silly packumentCache full:https://registry.npmjs.org/@emotion%2fserialize set size:undefined disposed:false
460 silly fetch manifest @mui/utils@^7.3.5
461 silly packumentCache full:https://registry.npmjs.org/@mui%2futils cache-miss
462 http fetch GET 200 https://registry.npmjs.org/@emotion%2fserialize 74ms (cache miss)
463 silly packumentCache full:https://registry.npmjs.org/@emotion%2fserialize set size:undefined disposed:false
464 silly fetch manifest prop-types@^15.8.1
465 silly packumentCache full:https://registry.npmjs.org/prop-types cache-miss
466 http fetch GET 200 https://registry.npmjs.org/@emotion%2fuse-insertion-effect-with-fallbacks 66ms (cache miss)
467 silly packumentCache full:https://registry.npmjs.org/@emotion%2fuse-insertion-effect-with-fallbacks set size:undefined disposed:false
468 silly fetch manifest @mui/system@^7.3.5
469 silly packumentCache full:https://registry.npmjs.org/@mui%2fsystem cache-miss
470 http fetch GET 200 https://registry.npmjs.org/@babel%2fruntime 183ms (cache miss)
471 silly packumentCache full:https://registry.npmjs.org/@babel%2fruntime set size:undefined disposed:false
472 silly fetch manifest @babel/runtime@^7.28.4
473 silly packumentCache full:https://registry.npmjs.org/@babel%2fruntime cache-miss
474 http fetch GET 200 https://registry.npmjs.org/@babel%2fruntime 269ms (cache miss)
475 silly packumentCache full:https://registry.npmjs.org/@babel%2fruntime set size:undefined disposed:false
476 silly fetch manifest @popperjs/core@^2.11.8
477 silly packumentCache full:https://registry.npmjs.org/@popperjs%2fcore cache-miss
478 http cache https://registry.npmjs.org/@babel%2fruntime 15ms (cache hit)
479 silly packumentCache full:https://registry.npmjs.org/@babel%2fruntime set size:3372292 disposed:false
480 silly fetch manifest react-transition-group@^4.4.5
481 silly packumentCache full:https://registry.npmjs.org/react-transition-group cache-miss
482 http fetch GET 200 https://registry.npmjs.org/@mui%2ftypes 105ms (cache miss)
483 silly packumentCache full:https://registry.npmjs.org/@mui%2ftypes set size:undefined disposed:false
484 silly fetch manifest @mui/core-downloads-tracker@^7.3.5
485 silly packumentCache full:https://registry.npmjs.org/@mui%2fcore-downloads-tracker cache-miss
486 http cache https://registry.npmjs.org/@popperjs%2fcore 20ms (cache hit)
487 silly packumentCache full:https://registry.npmjs.org/@popperjs%2fcore set size:579534 disposed:false
488 silly fetch manifest @types/react-transition-group@^4.4.12
489 silly packumentCache full:https://registry.npmjs.org/@types%2freact-transition-group cache-miss
490 http fetch GET 200 https://registry.npmjs.org/prop-types 66ms (cache miss)
491 silly packumentCache full:https://registry.npmjs.org/prop-types set size:undefined disposed:false
492 silly fetch manifest scheduler@^0.23.2
493 silly packumentCache full:https://registry.npmjs.org/scheduler cache-miss
494 http fetch GET 200 https://registry.npmjs.org/@mui%2futils 106ms (cache miss)
495 silly packumentCache full:https://registry.npmjs.org/@mui%2futils set size:undefined disposed:false
496 silly fetch manifest @radix-ui/react-id@1.1.0
497 silly packumentCache full:https://registry.npmjs.org/@radix-ui%2freact-id cache-miss
498 http fetch GET 200 https://registry.npmjs.org/@babel%2fruntime 123ms (cache miss)
499 silly packumentCache full:https://registry.npmjs.org/@babel%2fruntime set size:undefined disposed:false
500 silly fetch manifest @radix-ui/primitive@1.1.1
501 silly packumentCache full:https://registry.npmjs.org/@radix-ui%2fprimitive cache-miss
502 http fetch GET 200 https://registry.npmjs.org/csstype 133ms (cache miss)
503 silly packumentCache full:https://registry.npmjs.org/csstype set size:undefined disposed:false
504 silly fetch manifest @radix-ui/react-context@1.1.1
505 silly packumentCache full:https://registry.npmjs.org/@radix-ui%2freact-context cache-miss
506 http fetch GET 200 https://registry.npmjs.org/react-transition-group 47ms (cache miss)
507 silly packumentCache full:https://registry.npmjs.org/react-transition-group set size:undefined disposed:false
508 silly fetch manifest @radix-ui/react-direction@1.1.0
509 silly packumentCache full:https://registry.npmjs.org/@radix-ui%2freact-direction cache-miss
510 http fetch GET 200 https://registry.npmjs.org/@mui%2fcore-downloads-tracker 73ms (cache miss)
511 silly packumentCache full:https://registry.npmjs.org/@mui%2fcore-downloads-tracker set size:undefined disposed:false
512 silly fetch manifest @radix-ui/react-primitive@2.0.2
513 silly packumentCache full:https://registry.npmjs.org/@radix-ui%2freact-primitive cache-miss
514 http fetch GET 200 https://registry.npmjs.org/@radix-ui%2freact-id 90ms (cache miss)
515 silly packumentCache full:https://registry.npmjs.org/@radix-ui%2freact-id set size:undefined disposed:false
516 silly fetch manifest @radix-ui/react-collection@1.1.2
517 silly packumentCache full:https://registry.npmjs.org/@radix-ui%2freact-collection cache-miss
518 http fetch GET 200 https://registry.npmjs.org/@radix-ui%2fprimitive 86ms (cache miss)
519 silly packumentCache full:https://registry.npmjs.org/@radix-ui%2fprimitive set size:undefined disposed:false
520 silly fetch manifest @radix-ui/react-compose-refs@1.1.1
521 silly packumentCache full:https://registry.npmjs.org/@radix-ui%2freact-compose-refs cache-miss
522 http fetch GET 200 https://registry.npmjs.org/@radix-ui%2freact-context 94ms (cache miss)
523 silly packumentCache full:https://registry.npmjs.org/@radix-ui%2freact-context set size:undefined disposed:false
524 silly fetch manifest @radix-ui/react-use-controllable-state@1.1.0
525 silly packumentCache full:https://registry.npmjs.org/@radix-ui%2freact-use-controllable-state cache-miss
526 http fetch GET 200 https://registry.npmjs.org/@mui%2fsystem 185ms (cache miss)
527 silly packumentCache full:https://registry.npmjs.org/@mui%2fsystem set size:undefined disposed:false
528 silly fetch manifest @radix-ui/react-primitive@2.0.2
529 silly packumentCache full:https://registry.npmjs.org/@radix-ui%2freact-primitive cache-miss
530 http fetch GET 200 https://registry.npmjs.org/react-is 236ms (cache miss)
531 silly packumentCache full:https://registry.npmjs.org/react-is set size:undefined disposed:false
532 silly fetch manifest @radix-ui/react-compose-refs@1.1.1
533 silly packumentCache full:https://registry.npmjs.org/@radix-ui%2freact-compose-refs cache-miss
534 http fetch GET 200 https://registry.npmjs.org/@types%2freact-transition-group 139ms (cache miss)
535 silly packumentCache full:https://registry.npmjs.org/@types%2freact-transition-group set size:undefined disposed:false
536 silly fetch manifest @radix-ui/react-primitive@2.0.2
537 silly packumentCache full:https://registry.npmjs.org/@radix-ui%2freact-primitive cache-miss
538 http fetch GET 200 https://registry.npmjs.org/@radix-ui%2freact-primitive 102ms (cache miss)
539 silly packumentCache full:https://registry.npmjs.org/@radix-ui%2freact-primitive set size:undefined disposed:false
540 silly fetch manifest @radix-ui/react-use-callback-ref@1.1.0
541 silly packumentCache full:https://registry.npmjs.org/@radix-ui%2freact-use-callback-ref cache-miss
542 http fetch GET 200 https://registry.npmjs.org/@radix-ui%2freact-compose-refs 79ms (cache miss)
543 silly packumentCache full:https://registry.npmjs.org/@radix-ui%2freact-compose-refs set size:undefined disposed:false
544 silly fetch manifest @radix-ui/react-use-layout-effect@1.1.0
545 silly packumentCache full:https://registry.npmjs.org/@radix-ui%2freact-use-layout-effect cache-miss
546 http fetch GET 200 https://registry.npmjs.org/@radix-ui%2freact-compose-refs 82ms (cache miss)
547 silly packumentCache full:https://registry.npmjs.org/@radix-ui%2freact-compose-refs set size:undefined disposed:false
548 silly fetch manifest @radix-ui/react-presence@1.1.2
549 silly packumentCache full:https://registry.npmjs.org/@radix-ui%2freact-presence cache-miss
550 http fetch GET 200 https://registry.npmjs.org/@radix-ui%2freact-collection 138ms (cache miss)
551 silly packumentCache full:https://registry.npmjs.org/@radix-ui%2freact-collection set size:undefined disposed:false
552 silly fetch manifest @radix-ui/react-use-size@1.1.0
553 silly packumentCache full:https://registry.npmjs.org/@radix-ui%2freact-use-size cache-miss
554 http fetch GET 200 https://registry.npmjs.org/@radix-ui%2freact-direction 217ms (cache miss)
555 silly packumentCache full:https://registry.npmjs.org/@radix-ui%2freact-direction set size:undefined disposed:false
556 silly fetch manifest @radix-ui/react-use-previous@1.1.0
557 silly packumentCache full:https://registry.npmjs.org/@radix-ui%2freact-use-previous cache-miss
558 http fetch GET 200 https://registry.npmjs.org/scheduler 282ms (cache miss)
559 silly packumentCache full:https://registry.npmjs.org/scheduler set size:undefined disposed:false
560 silly fetch manifest @radix-ui/react-use-controllable-state@1.1.0
561 silly packumentCache full:https://registry.npmjs.org/@radix-ui%2freact-use-controllable-state cache-miss
562 http fetch GET 200 https://registry.npmjs.org/@radix-ui%2freact-primitive 166ms (cache miss)
563 silly packumentCache full:https://registry.npmjs.org/@radix-ui%2freact-primitive set size:undefined disposed:false
564 silly fetch manifest @radix-ui/react-presence@1.1.2
565 silly packumentCache full:https://registry.npmjs.org/@radix-ui%2freact-presence cache-miss
566 http fetch GET 200 https://registry.npmjs.org/@radix-ui%2freact-use-callback-ref 132ms (cache miss)
567 silly packumentCache full:https://registry.npmjs.org/@radix-ui%2freact-use-callback-ref set size:undefined disposed:false
568 silly fetch manifest @radix-ui/react-use-layout-effect@1.1.0
569 silly packumentCache full:https://registry.npmjs.org/@radix-ui%2freact-use-layout-effect cache-miss
570 http fetch GET 200 https://registry.npmjs.org/@radix-ui%2freact-primitive 186ms (cache miss)
571 silly packumentCache full:https://registry.npmjs.org/@radix-ui%2freact-primitive set size:undefined disposed:false
572 silly fetch manifest @radix-ui/react-use-controllable-state@1.1.0
573 silly packumentCache full:https://registry.npmjs.org/@radix-ui%2freact-use-controllable-state cache-miss
574 http fetch GET 200 https://registry.npmjs.org/@radix-ui%2freact-use-layout-effect 130ms (cache miss)
575 silly packumentCache full:https://registry.npmjs.org/@radix-ui%2freact-use-layout-effect set size:undefined disposed:false
576 silly fetch manifest @radix-ui/react-menu@2.1.6
577 silly packumentCache full:https://registry.npmjs.org/@radix-ui%2freact-menu cache-miss
578 http fetch GET 200 https://registry.npmjs.org/@radix-ui%2freact-use-controllable-state 200ms (cache miss)
579 silly packumentCache full:https://registry.npmjs.org/@radix-ui%2freact-use-controllable-state set size:undefined disposed:false
580 silly fetch manifest aria-hidden@^1.2.4
581 silly packumentCache full:https://registry.npmjs.org/aria-hidden cache-miss
582 http fetch GET 200 https://registry.npmjs.org/@radix-ui%2freact-presence 105ms (cache miss)
583 silly packumentCache full:https://registry.npmjs.org/@radix-ui%2freact-presence set size:undefined disposed:false
584 silly fetch manifest react-remove-scroll@^2.6.3
585 silly packumentCache full:https://registry.npmjs.org/react-remove-scroll cache-miss
586 http fetch GET 200 https://registry.npmjs.org/@radix-ui%2freact-use-layout-effect 62ms (cache miss)
587 silly packumentCache full:https://registry.npmjs.org/@radix-ui%2freact-use-layout-effect set size:undefined disposed:false
588 silly fetch manifest @radix-ui/react-portal@1.1.4
589 silly packumentCache full:https://registry.npmjs.org/@radix-ui%2freact-portal cache-miss
590 http fetch GET 200 https://registry.npmjs.org/@radix-ui%2freact-use-controllable-state 84ms (cache miss)
591 silly packumentCache full:https://registry.npmjs.org/@radix-ui%2freact-use-controllable-state set size:undefined disposed:false
592 silly fetch manifest @radix-ui/react-focus-scope@1.1.2
593 silly packumentCache full:https://registry.npmjs.org/@radix-ui%2freact-focus-scope cache-miss
594 http fetch GET 200 https://registry.npmjs.org/aria-hidden 82ms (cache miss)
595 silly packumentCache full:https://registry.npmjs.org/aria-hidden set size:undefined disposed:false
596 silly fetch manifest @radix-ui/react-focus-guards@1.1.1
597 silly packumentCache full:https://registry.npmjs.org/@radix-ui%2freact-focus-guards cache-miss
598 http fetch GET 200 https://registry.npmjs.org/@radix-ui%2freact-presence 98ms (cache miss)
599 silly packumentCache full:https://registry.npmjs.org/@radix-ui%2freact-presence set size:undefined disposed:false
600 silly fetch manifest @radix-ui/react-dismissable-layer@1.1.5
601 silly packumentCache full:https://registry.npmjs.org/@radix-ui%2freact-dismissable-layer cache-miss
602 http fetch GET 200 https://registry.npmjs.org/@radix-ui%2freact-use-controllable-state 96ms (cache miss)
603 silly packumentCache full:https://registry.npmjs.org/@radix-ui%2freact-use-controllable-state set size:undefined disposed:false
604 silly fetch manifest @radix-ui/react-menu@2.1.6
605 silly packumentCache full:https://registry.npmjs.org/@radix-ui%2freact-menu cache-miss
606 http fetch GET 200 https://registry.npmjs.org/@radix-ui%2freact-use-size 173ms (cache miss)
607 silly packumentCache full:https://registry.npmjs.org/@radix-ui%2freact-use-size set size:undefined disposed:false
608 silly fetch manifest @radix-ui/react-popper@1.2.2
609 silly packumentCache full:https://registry.npmjs.org/@radix-ui%2freact-popper cache-miss
610 http fetch GET 200 https://registry.npmjs.org/react-remove-scroll 87ms (cache miss)
611 silly packumentCache full:https://registry.npmjs.org/react-remove-scroll set size:undefined disposed:false
612 silly fetch manifest @radix-ui/react-portal@1.1.4
613 silly packumentCache full:https://registry.npmjs.org/@radix-ui%2freact-portal cache-miss
614 http fetch GET 200 https://registry.npmjs.org/@radix-ui%2freact-use-previous 212ms (cache miss)
615 silly packumentCache full:https://registry.npmjs.org/@radix-ui%2freact-use-previous set size:undefined disposed:false
616 silly fetch manifest @radix-ui/react-dismissable-layer@1.1.5
617 silly packumentCache full:https://registry.npmjs.org/@radix-ui%2freact-dismissable-layer cache-miss
618 http fetch GET 200 https://registry.npmjs.org/@radix-ui%2freact-portal 135ms (cache miss)
619 silly packumentCache full:https://registry.npmjs.org/@radix-ui%2freact-portal set size:undefined disposed:false
620 silly fetch manifest @radix-ui/react-menu@2.1.6
621 silly packumentCache full:https://registry.npmjs.org/@radix-ui%2freact-menu cache-miss
622 http fetch GET 200 https://registry.npmjs.org/@radix-ui%2freact-focus-scope 128ms (cache miss)
623 silly packumentCache full:https://registry.npmjs.org/@radix-ui%2freact-focus-scope set size:undefined disposed:false
624 silly fetch manifest @radix-ui/react-roving-focus@1.1.2
625 silly packumentCache full:https://registry.npmjs.org/@radix-ui%2freact-roving-focus cache-miss
626 http fetch GET 200 https://registry.npmjs.org/@radix-ui%2freact-dismissable-layer 123ms (cache miss)
627 silly packumentCache full:https://registry.npmjs.org/@radix-ui%2freact-dismissable-layer set size:undefined disposed:false
628 silly fetch manifest @radix-ui/react-visually-hidden@1.1.2
629 silly packumentCache full:https://registry.npmjs.org/@radix-ui%2freact-visually-hidden cache-miss
630 http fetch GET 200 https://registry.npmjs.org/@radix-ui%2freact-portal 143ms (cache miss)
631 silly packumentCache full:https://registry.npmjs.org/@radix-ui%2freact-portal set size:undefined disposed:false
632 silly fetch manifest @radix-ui/react-popper@1.2.2
633 silly packumentCache full:https://registry.npmjs.org/@radix-ui%2freact-popper cache-miss
634 http fetch GET 200 https://registry.npmjs.org/@radix-ui%2freact-focus-guards 156ms (cache miss)
635 silly packumentCache full:https://registry.npmjs.org/@radix-ui%2freact-focus-guards set size:undefined disposed:false
636 silly fetch manifest @radix-ui/react-roving-focus@1.1.2
637 silly packumentCache full:https://registry.npmjs.org/@radix-ui%2freact-roving-focus cache-miss
638 http fetch GET 200 https://registry.npmjs.org/@radix-ui%2freact-menu 281ms (cache miss)
639 silly packumentCache full:https://registry.npmjs.org/@radix-ui%2freact-menu set size:undefined disposed:false
640 silly fetch manifest @radix-ui/number@1.1.0
641 silly packumentCache full:https://registry.npmjs.org/@radix-ui%2fnumber cache-miss
642 http fetch GET 200 https://registry.npmjs.org/@radix-ui%2freact-popper 188ms (cache miss)
643 silly packumentCache full:https://registry.npmjs.org/@radix-ui%2freact-popper set size:undefined disposed:false
644 silly fetch manifest @radix-ui/number@1.1.0
645 silly packumentCache full:https://registry.npmjs.org/@radix-ui%2fnumber cache-miss
646 http fetch GET 200 https://registry.npmjs.org/@radix-ui%2freact-menu 195ms (cache miss)
647 silly packumentCache full:https://registry.npmjs.org/@radix-ui%2freact-menu set size:undefined disposed:false
648 silly fetch manifest @radix-ui/react-visually-hidden@1.1.2
649 silly packumentCache full:https://registry.npmjs.org/@radix-ui%2freact-visually-hidden cache-miss
650 http fetch GET 200 https://registry.npmjs.org/@radix-ui%2freact-dismissable-layer 163ms (cache miss)
651 silly packumentCache full:https://registry.npmjs.org/@radix-ui%2freact-dismissable-layer set size:undefined disposed:false
652 silly fetch manifest @radix-ui/number@1.1.0
653 silly packumentCache full:https://registry.npmjs.org/@radix-ui%2fnumber cache-miss
654 http fetch GET 200 https://registry.npmjs.org/@radix-ui%2freact-popper 84ms (cache miss)
655 silly packumentCache full:https://registry.npmjs.org/@radix-ui%2freact-popper set size:undefined disposed:false
656 silly fetch manifest @radix-ui/react-roving-focus@1.1.2
657 silly packumentCache full:https://registry.npmjs.org/@radix-ui%2freact-roving-focus cache-miss
658 http fetch GET 200 https://registry.npmjs.org/@radix-ui%2freact-visually-hidden 170ms (cache miss)
659 silly packumentCache full:https://registry.npmjs.org/@radix-ui%2freact-visually-hidden set size:undefined disposed:false
660 silly fetch manifest @radix-ui/react-roving-focus@1.1.2
661 silly packumentCache full:https://registry.npmjs.org/@radix-ui%2freact-roving-focus cache-miss
662 http fetch GET 200 https://registry.npmjs.org/@radix-ui%2freact-roving-focus 197ms (cache miss)
663 silly packumentCache full:https://registry.npmjs.org/@radix-ui%2freact-roving-focus set size:undefined disposed:false
664 silly fetch manifest @tailwindcss/node@4.1.12
665 silly packumentCache full:https://registry.npmjs.org/@tailwindcss%2fnode cache-miss
666 http fetch GET 200 https://registry.npmjs.org/@radix-ui%2freact-menu 222ms (cache miss)
667 silly packumentCache full:https://registry.npmjs.org/@radix-ui%2freact-menu set size:undefined disposed:false
668 silly fetch manifest @tailwindcss/oxide@4.1.12
669 silly packumentCache full:https://registry.npmjs.org/@tailwindcss%2foxide cache-miss
670 http fetch GET 200 https://registry.npmjs.org/@radix-ui%2freact-visually-hidden 166ms (cache miss)
671 silly packumentCache full:https://registry.npmjs.org/@radix-ui%2freact-visually-hidden set size:undefined disposed:false
672 silly fetch manifest fdir@^6.4.4
673 silly packumentCache full:https://registry.npmjs.org/fdir cache-miss
674 http fetch GET 200 https://registry.npmjs.org/@radix-ui%2fnumber 176ms (cache miss)
675 silly packumentCache full:https://registry.npmjs.org/@radix-ui%2fnumber set size:undefined disposed:false
676 silly fetch manifest rollup@^4.34.9
677 silly packumentCache full:https://registry.npmjs.org/rollup cache-miss
678 http fetch GET 200 https://registry.npmjs.org/@radix-ui%2fnumber 145ms (cache miss)
679 silly packumentCache full:https://registry.npmjs.org/@radix-ui%2fnumber set size:undefined disposed:false
680 silly fetch manifest esbuild@^0.25.0
681 silly packumentCache full:https://registry.npmjs.org/esbuild cache-miss
682 http fetch GET 200 https://registry.npmjs.org/@radix-ui%2fnumber 183ms (cache miss)
683 silly packumentCache full:https://registry.npmjs.org/@radix-ui%2fnumber set size:undefined disposed:false
684 silly fetch manifest postcss@^8.5.3
685 silly packumentCache full:https://registry.npmjs.org/postcss cache-miss
686 http cache https://registry.npmjs.org/postcss 3ms (cache hit)
687 silly packumentCache full:https://registry.npmjs.org/postcss set size:702266 disposed:false
688 silly fetch manifest picomatch@^4.0.2
689 silly packumentCache full:https://registry.npmjs.org/picomatch cache-miss
690 http fetch GET 200 https://registry.npmjs.org/@radix-ui%2freact-roving-focus 148ms (cache miss)
691 silly packumentCache full:https://registry.npmjs.org/@radix-ui%2freact-roving-focus set size:undefined disposed:false
692 silly fetch manifest tinyglobby@^0.2.13
693 silly packumentCache full:https://registry.npmjs.org/tinyglobby cache-miss
694 http fetch GET 200 https://registry.npmjs.org/@radix-ui%2freact-roving-focus 242ms (cache miss)
695 silly packumentCache full:https://registry.npmjs.org/@radix-ui%2freact-roving-focus set size:undefined disposed:false
696 silly fetch manifest fsevents@~2.3.3
697 silly packumentCache full:https://registry.npmjs.org/fsevents cache-miss
698 http fetch GET 200 https://registry.npmjs.org/@radix-ui%2freact-roving-focus 107ms (cache miss)
699 silly packumentCache full:https://registry.npmjs.org/@radix-ui%2freact-roving-focus set size:undefined disposed:false
700 silly fetch manifest @babel/core@^7.28.0
701 silly packumentCache full:https://registry.npmjs.org/@babel%2fcore cache-miss
702 http fetch GET 200 https://registry.npmjs.org/@tailwindcss%2fnode 116ms (cache miss)
703 silly packumentCache full:https://registry.npmjs.org/@tailwindcss%2fnode set size:undefined disposed:false
704 silly fetch manifest react-refresh@^0.17.0
705 silly packumentCache full:https://registry.npmjs.org/react-refresh cache-miss
706 http fetch GET 200 https://registry.npmjs.org/fdir 81ms (cache miss)
707 silly packumentCache full:https://registry.npmjs.org/fdir set size:undefined disposed:false
708 silly fetch manifest @types/babel__core@^7.20.5
709 silly packumentCache full:https://registry.npmjs.org/@types%2fbabel__core cache-miss
710 http fetch GET 200 https://registry.npmjs.org/picomatch 116ms (cache miss)
711 silly packumentCache full:https://registry.npmjs.org/picomatch set size:undefined disposed:false
712 silly fetch manifest @rolldown/pluginutils@1.0.0-beta.27
713 silly packumentCache full:https://registry.npmjs.org/@rolldown%2fpluginutils cache-miss
714 http fetch GET 200 https://registry.npmjs.org/tinyglobby 114ms (cache miss)
715 silly packumentCache full:https://registry.npmjs.org/tinyglobby set size:undefined disposed:false
716 silly fetch manifest @babel/plugin-transform-react-jsx-self@^7.27.1
717 silly packumentCache full:https://registry.npmjs.org/@babel%2fplugin-transform-react-jsx-self cache-miss
718 http fetch GET 200 https://registry.npmjs.org/fsevents 126ms (cache miss)
719 silly packumentCache full:https://registry.npmjs.org/fsevents set size:undefined disposed:false
720 silly fetch manifest @babel/plugin-transform-react-jsx-source@^7.27.1
721 silly packumentCache full:https://registry.npmjs.org/@babel%2fplugin-transform-react-jsx-source cache-miss
722 http fetch GET 200 https://registry.npmjs.org/@babel%2fcore 133ms (cache miss)
723 silly packumentCache full:https://registry.npmjs.org/@babel%2fcore set size:undefined disposed:false
724 silly fetch manifest @radix-ui/react-id@^1.1.0
725 silly packumentCache full:https://registry.npmjs.org/@radix-ui%2freact-id cache-miss
726 http cache https://registry.npmjs.org/@radix-ui%2freact-id 2ms (cache hit)
727 silly packumentCache full:https://registry.npmjs.org/@radix-ui%2freact-id set size:325405 disposed:false
728 silly fetch manifest @radix-ui/react-primitive@^2.0.2
729 silly packumentCache full:https://registry.npmjs.org/@radix-ui%2freact-primitive cache-miss
730 http cache https://registry.npmjs.org/@radix-ui%2freact-primitive 5ms (cache hit)
731 silly packumentCache full:https://registry.npmjs.org/@radix-ui%2freact-primitive set size:595809 disposed:false
732 silly fetch manifest @radix-ui/react-compose-refs@^1.1.1
733 silly packumentCache full:https://registry.npmjs.org/@radix-ui%2freact-compose-refs cache-miss
734 http cache https://registry.npmjs.org/@radix-ui%2freact-compose-refs 2ms (cache hit)
735 silly packumentCache full:https://registry.npmjs.org/@radix-ui%2freact-compose-refs set size:219425 disposed:false
736 silly fetch manifest embla-carousel@8.6.0
737 silly packumentCache full:https://registry.npmjs.org/embla-carousel cache-miss
738 http fetch GET 200 https://registry.npmjs.org/@tailwindcss%2foxide 242ms (cache miss)
739 silly packumentCache full:https://registry.npmjs.org/@tailwindcss%2foxide set size:undefined disposed:false
740 silly fetch manifest embla-carousel-reactive-utils@8.6.0
741 silly packumentCache full:https://registry.npmjs.org/embla-carousel-reactive-utils cache-miss
742 http fetch GET 200 https://registry.npmjs.org/@types%2fbabel__core 186ms (cache miss)
743 silly packumentCache full:https://registry.npmjs.org/@types%2fbabel__core set size:undefined disposed:false
744 silly fetch manifest tslib@^2.4.0
745 silly packumentCache full:https://registry.npmjs.org/tslib cache-miss
746 http fetch GET 200 https://registry.npmjs.org/@rolldown%2fpluginutils 141ms (cache miss)
747 silly packumentCache full:https://registry.npmjs.org/@rolldown%2fpluginutils set size:undefined disposed:false
748 silly fetch manifest framer-motion@^12.23.24
749 silly packumentCache full:https://registry.npmjs.org/framer-motion cache-miss
750 http fetch GET 200 https://registry.npmjs.org/esbuild 277ms (cache miss)
751 silly packumentCache full:https://registry.npmjs.org/esbuild set size:undefined disposed:false
752 silly fetch manifest @react-dnd/invariant@^4.0.1
753 silly packumentCache full:https://registry.npmjs.org/@react-dnd%2finvariant cache-miss
754 http fetch GET 200 https://registry.npmjs.org/@babel%2fplugin-transform-react-jsx-self 164ms (cache miss)
755 silly packumentCache full:https://registry.npmjs.org/@babel%2fplugin-transform-react-jsx-self set size:undefined disposed:false
756 silly fetch manifest @react-dnd/shallowequal@^4.0.1
757 silly packumentCache full:https://registry.npmjs.org/@react-dnd%2fshallowequal cache-miss
758 http fetch GET 200 https://registry.npmjs.org/@babel%2fplugin-transform-react-jsx-source 150ms (cache miss)
759 silly packumentCache full:https://registry.npmjs.org/@babel%2fplugin-transform-react-jsx-source set size:undefined disposed:false
760 silly fetch manifest dnd-core@^16.0.1
761 silly packumentCache full:https://registry.npmjs.org/dnd-core cache-miss
762 http fetch GET 200 https://registry.npmjs.org/embla-carousel 151ms (cache miss)
763 silly packumentCache full:https://registry.npmjs.org/embla-carousel set size:undefined disposed:false
764 silly fetch manifest fast-deep-equal@^3.1.3
765 silly packumentCache full:https://registry.npmjs.org/fast-deep-equal cache-miss
766 http fetch GET 200 https://registry.npmjs.org/rollup 341ms (cache miss)
767 silly packumentCache full:https://registry.npmjs.org/rollup set size:undefined disposed:false
768 silly fetch manifest hoist-non-react-statics@^3.3.2
769 silly packumentCache full:https://registry.npmjs.org/hoist-non-react-statics cache-miss
770 http cache https://registry.npmjs.org/hoist-non-react-statics 6ms (cache hit)
771 silly packumentCache full:https://registry.npmjs.org/hoist-non-react-statics set size:97044 disposed:false
772 silly fetch manifest dnd-core@^16.0.1
773 silly packumentCache full:https://registry.npmjs.org/dnd-core cache-miss
774 http fetch GET 200 https://registry.npmjs.org/tslib 106ms (cache miss)
775 silly packumentCache full:https://registry.npmjs.org/tslib set size:undefined disposed:false
776 silly fetch manifest react-fast-compare@^3.0.1
777 silly packumentCache full:https://registry.npmjs.org/react-fast-compare cache-miss
778 http fetch GET 200 https://registry.npmjs.org/react-refresh 349ms (cache miss)
779 silly packumentCache full:https://registry.npmjs.org/react-refresh set size:undefined disposed:false
780 silly fetch manifest warning@^4.0.2
781 silly packumentCache full:https://registry.npmjs.org/warning cache-miss
782 http fetch GET 200 https://registry.npmjs.org/embla-carousel-reactive-utils 214ms (cache miss)
783 silly packumentCache full:https://registry.npmjs.org/embla-carousel-reactive-utils set size:undefined disposed:false
784 silly fetch manifest cookie@^1.0.1
785 silly packumentCache full:https://registry.npmjs.org/cookie cache-miss
786 http fetch GET 200 https://registry.npmjs.org/@react-dnd%2finvariant 146ms (cache miss)
787 silly packumentCache full:https://registry.npmjs.org/@react-dnd%2finvariant set size:undefined disposed:false
788 silly fetch manifest set-cookie-parser@^2.6.0
789 silly packumentCache full:https://registry.npmjs.org/set-cookie-parser cache-miss
790 http fetch GET 200 https://registry.npmjs.org/fast-deep-equal 89ms (cache miss)
791 silly packumentCache full:https://registry.npmjs.org/fast-deep-equal set size:undefined disposed:false
792 silly fetch manifest classnames@^2.2.5
793 silly packumentCache full:https://registry.npmjs.org/classnames cache-miss
794 http fetch GET 200 https://registry.npmjs.org/dnd-core 124ms (cache miss)
795 silly packumentCache full:https://registry.npmjs.org/dnd-core set size:undefined disposed:false
796 silly fetch manifest json2mq@^0.2.0
797 silly packumentCache full:https://registry.npmjs.org/json2mq cache-miss
798 http fetch GET 200 https://registry.npmjs.org/dnd-core 63ms (cache miss)
799 silly packumentCache full:https://registry.npmjs.org/dnd-core set size:undefined disposed:false
800 silly fetch manifest lodash.debounce@^4.0.8
801 silly packumentCache full:https://registry.npmjs.org/lodash.debounce cache-miss
802 http fetch GET 200 https://registry.npmjs.org/react-fast-compare 67ms (cache miss)
803 silly packumentCache full:https://registry.npmjs.org/react-fast-compare set size:undefined disposed:false
804 silly fetch manifest resize-observer-polyfill@^1.5.0
805 silly packumentCache full:https://registry.npmjs.org/resize-observer-polyfill cache-miss
806 http fetch GET 200 https://registry.npmjs.org/@react-dnd%2fshallowequal 156ms (cache miss)
807 silly packumentCache full:https://registry.npmjs.org/@react-dnd%2fshallowequal set size:undefined disposed:false
808 silly fetch manifest lodash@^4.17.21
809 silly packumentCache full:https://registry.npmjs.org/lodash cache-miss
810 http fetch GET 200 https://registry.npmjs.org/framer-motion 210ms (cache miss)
811 silly packumentCache full:https://registry.npmjs.org/framer-motion set size:undefined disposed:false
812 silly fetch manifest react-is@^18.3.1
813 silly packumentCache full:https://registry.npmjs.org/react-is cache-miss
814 http fetch GET 200 https://registry.npmjs.org/classnames 71ms (cache miss)
815 silly packumentCache full:https://registry.npmjs.org/classnames set size:undefined disposed:false
816 silly fetch manifest react-smooth@^4.0.4
817 silly packumentCache full:https://registry.npmjs.org/react-smooth cache-miss
818 http fetch GET 200 https://registry.npmjs.org/warning 81ms (cache miss)
819 silly packumentCache full:https://registry.npmjs.org/warning set size:undefined disposed:false
820 silly fetch manifest eventemitter3@^4.0.1
821 silly packumentCache full:https://registry.npmjs.org/eventemitter3 cache-miss
822 http fetch GET 200 https://registry.npmjs.org/set-cookie-parser 73ms (cache miss)
823 silly packumentCache full:https://registry.npmjs.org/set-cookie-parser set size:undefined disposed:false
824 silly fetch manifest recharts-scale@^0.4.4
825 silly packumentCache full:https://registry.npmjs.org/recharts-scale cache-miss
826 http cache https://registry.npmjs.org/react-is 7ms (cache hit)
827 silly packumentCache full:https://registry.npmjs.org/react-is set size:5303719 disposed:false
828 silly fetch manifest tiny-invariant@^1.3.1
829 silly packumentCache full:https://registry.npmjs.org/tiny-invariant cache-miss
830 http fetch GET 200 https://registry.npmjs.org/cookie 98ms (cache miss)
831 silly packumentCache full:https://registry.npmjs.org/cookie set size:undefined disposed:false
832 silly fetch manifest victory-vendor@^36.6.8
833 silly packumentCache full:https://registry.npmjs.org/victory-vendor cache-miss
834 http fetch GET 200 https://registry.npmjs.org/lodash.debounce 87ms (cache miss)
835 silly packumentCache full:https://registry.npmjs.org/lodash.debounce set size:undefined disposed:false
836 http fetch GET 200 https://registry.npmjs.org/resize-observer-polyfill 81ms (cache miss)
837 silly packumentCache full:https://registry.npmjs.org/resize-observer-polyfill set size:undefined disposed:false
838 http fetch GET 200 https://registry.npmjs.org/lodash 75ms (cache miss)
839 silly packumentCache full:https://registry.npmjs.org/lodash set size:undefined disposed:false
840 http fetch GET 200 https://registry.npmjs.org/json2mq 120ms (cache miss)
841 silly packumentCache full:https://registry.npmjs.org/json2mq set size:undefined disposed:false
842 http fetch GET 200 https://registry.npmjs.org/react-smooth 64ms (cache miss)
843 silly packumentCache full:https://registry.npmjs.org/react-smooth set size:undefined disposed:false
844 http fetch GET 200 https://registry.npmjs.org/tiny-invariant 50ms (cache miss)
845 silly packumentCache full:https://registry.npmjs.org/tiny-invariant set size:undefined disposed:false
846 http fetch GET 200 https://registry.npmjs.org/eventemitter3 70ms (cache miss)
847 silly packumentCache full:https://registry.npmjs.org/eventemitter3 set size:undefined disposed:false
848 http fetch GET 200 https://registry.npmjs.org/recharts-scale 70ms (cache miss)
849 silly packumentCache full:https://registry.npmjs.org/recharts-scale set size:undefined disposed:false
850 http fetch GET 200 https://registry.npmjs.org/victory-vendor 58ms (cache miss)
851 silly packumentCache full:https://registry.npmjs.org/victory-vendor set size:undefined disposed:false
852 silly fetch manifest react@>=16.8.0
853 silly packumentCache full:https://registry.npmjs.org/react cache-miss
854 http cache https://registry.npmjs.org/react 7ms (cache hit)
855 silly packumentCache full:https://registry.npmjs.org/react set size:6551477 disposed:false
856 silly placeDep ROOT @babel/runtime@7.29.2 OK for: @emotion/react@11.14.0 want: ^7.18.3
857 silly placeDep ROOT @emotion/babel-plugin@11.13.5 OK for: @emotion/react@11.14.0 want: ^11.13.5
858 silly placeDep ROOT @emotion/cache@11.14.0 OK for: @emotion/react@11.14.0 want: ^11.14.0
859 silly placeDep ROOT @emotion/serialize@1.3.3 OK for: @emotion/react@11.14.0 want: ^1.3.3
860 silly placeDep ROOT @emotion/use-insertion-effect-with-fallbacks@1.2.0 OK for: @emotion/react@11.14.0 want: ^1.2.0
861 silly placeDep ROOT @emotion/utils@1.4.2 OK for: @emotion/react@11.14.0 want: ^1.4.2
862 silly placeDep ROOT @emotion/weak-memoize@0.4.0 OK for: @emotion/react@11.14.0 want: ^0.4.0
863 silly placeDep ROOT hoist-non-react-statics@3.3.2 OK for: @emotion/react@11.14.0 want: ^3.3.1
864 silly fetch manifest @babel/helper-module-imports@^7.16.7
865 silly packumentCache full:https://registry.npmjs.org/@babel%2fhelper-module-imports cache-miss
866 silly fetch manifest @emotion/hash@^0.9.2
867 silly packumentCache full:https://registry.npmjs.org/@emotion%2fhash cache-miss
868 silly fetch manifest @emotion/memoize@^0.9.0
869 silly packumentCache full:https://registry.npmjs.org/@emotion%2fmemoize cache-miss
870 silly fetch manifest babel-plugin-macros@^3.1.0
871 silly packumentCache full:https://registry.npmjs.org/babel-plugin-macros cache-miss
872 silly fetch manifest convert-source-map@^1.5.0
873 silly packumentCache full:https://registry.npmjs.org/convert-source-map cache-miss
874 silly fetch manifest escape-string-regexp@^4.0.0
875 silly packumentCache full:https://registry.npmjs.org/escape-string-regexp cache-miss
876 silly fetch manifest find-root@^1.1.0
877 silly packumentCache full:https://registry.npmjs.org/find-root cache-miss
878 silly fetch manifest source-map@^0.5.7
879 silly packumentCache full:https://registry.npmjs.org/source-map cache-miss
880 silly fetch manifest stylis@4.2.0
881 silly packumentCache full:https://registry.npmjs.org/stylis cache-miss
882 http fetch GET 200 https://registry.npmjs.org/find-root 48ms (cache miss)
883 silly packumentCache full:https://registry.npmjs.org/find-root set size:undefined disposed:false
884 silly fetch manifest @emotion/memoize@^0.9.0
885 silly packumentCache full:https://registry.npmjs.org/@emotion%2fmemoize cache-miss
886 http fetch GET 200 https://registry.npmjs.org/convert-source-map 48ms (cache miss)
887 silly packumentCache full:https://registry.npmjs.org/convert-source-map set size:undefined disposed:false
888 silly fetch manifest @emotion/sheet@^1.4.0
889 silly packumentCache full:https://registry.npmjs.org/@emotion%2fsheet cache-miss
890 http fetch GET 200 https://registry.npmjs.org/escape-string-regexp 60ms (cache miss)
891 silly packumentCache full:https://registry.npmjs.org/escape-string-regexp set size:undefined disposed:false
892 silly fetch manifest stylis@4.2.0
893 silly packumentCache full:https://registry.npmjs.org/stylis cache-miss
894 http fetch GET 200 https://registry.npmjs.org/@babel%2fhelper-module-imports 62ms (cache miss)
895 silly packumentCache full:https://registry.npmjs.org/@babel%2fhelper-module-imports set size:undefined disposed:false
896 silly fetch manifest @emotion/hash@^0.9.2
897 silly packumentCache full:https://registry.npmjs.org/@emotion%2fhash cache-miss
898 http fetch GET 200 https://registry.npmjs.org/babel-plugin-macros 64ms (cache miss)
899 silly packumentCache full:https://registry.npmjs.org/babel-plugin-macros set size:undefined disposed:false
900 silly fetch manifest @emotion/memoize@^0.9.0
901 silly packumentCache full:https://registry.npmjs.org/@emotion%2fmemoize cache-miss
902 http fetch GET 200 https://registry.npmjs.org/source-map 65ms (cache miss)
903 silly packumentCache full:https://registry.npmjs.org/source-map set size:undefined disposed:false
904 silly fetch manifest @emotion/unitless@^0.10.0
905 silly packumentCache full:https://registry.npmjs.org/@emotion%2funitless cache-miss
906 http fetch GET 200 https://registry.npmjs.org/@emotion%2fmemoize 71ms (cache miss)
907 silly packumentCache full:https://registry.npmjs.org/@emotion%2fmemoize set size:undefined disposed:false
908 silly fetch manifest csstype@^3.0.2
909 silly packumentCache full:https://registry.npmjs.org/csstype cache-miss
910 http cache https://registry.npmjs.org/csstype 1ms (cache hit)
911 silly packumentCache full:https://registry.npmjs.org/csstype set size:274189 disposed:false
912 silly fetch manifest react-is@^16.7.0
913 silly packumentCache full:https://registry.npmjs.org/react-is cache-miss
914 http fetch GET 200 https://registry.npmjs.org/stylis 73ms (cache miss)
915 silly packumentCache full:https://registry.npmjs.org/stylis set size:undefined disposed:false
916 http cache https://registry.npmjs.org/react-is 5ms (cache hit)
917 silly packumentCache full:https://registry.npmjs.org/react-is set size:5303719 disposed:false
918 http fetch GET 200 https://registry.npmjs.org/@emotion%2fhash 95ms (cache miss)
919 silly packumentCache full:https://registry.npmjs.org/@emotion%2fhash set size:undefined disposed:false
920 http fetch GET 200 https://registry.npmjs.org/stylis 54ms (cache miss)
921 silly packumentCache full:https://registry.npmjs.org/stylis set size:undefined disposed:false
922 http fetch GET 200 https://registry.npmjs.org/@emotion%2fhash 59ms (cache miss)
923 silly packumentCache full:https://registry.npmjs.org/@emotion%2fhash set size:undefined disposed:false
924 http fetch GET 200 https://registry.npmjs.org/@emotion%2funitless 57ms (cache miss)
925 silly packumentCache full:https://registry.npmjs.org/@emotion%2funitless set size:undefined disposed:false
926 http fetch GET 200 https://registry.npmjs.org/@emotion%2fsheet 74ms (cache miss)
927 silly packumentCache full:https://registry.npmjs.org/@emotion%2fsheet set size:undefined disposed:false
928 http fetch GET 200 https://registry.npmjs.org/@emotion%2fmemoize 84ms (cache miss)
929 silly packumentCache full:https://registry.npmjs.org/@emotion%2fmemoize set size:undefined disposed:false
930 http fetch GET 200 https://registry.npmjs.org/@emotion%2fmemoize 287ms (cache miss)
931 silly packumentCache full:https://registry.npmjs.org/@emotion%2fmemoize set size:undefined disposed:false
932 silly placeDep ROOT @babel/helper-module-imports@7.28.6 OK for: @emotion/babel-plugin@11.13.5 want: ^7.16.7
933 silly placeDep ROOT @emotion/hash@0.9.2 OK for: @emotion/babel-plugin@11.13.5 want: ^0.9.2
934 silly placeDep ROOT @emotion/memoize@0.9.0 OK for: @emotion/babel-plugin@11.13.5 want: ^0.9.0
935 silly placeDep ROOT babel-plugin-macros@3.1.0 OK for: @emotion/babel-plugin@11.13.5 want: ^3.1.0
936 silly placeDep ROOT convert-source-map@1.9.0 OK for: @emotion/babel-plugin@11.13.5 want: ^1.5.0
937 silly placeDep ROOT escape-string-regexp@4.0.0 OK for: @emotion/babel-plugin@11.13.5 want: ^4.0.0
938 silly placeDep ROOT find-root@1.1.0 OK for: @emotion/babel-plugin@11.13.5 want: ^1.1.0
939 silly placeDep ROOT source-map@0.5.7 OK for: @emotion/babel-plugin@11.13.5 want: ^0.5.7
940 silly placeDep ROOT stylis@4.2.0 OK for: @emotion/babel-plugin@11.13.5 want: 4.2.0
941 silly fetch manifest @babel/types@^7.28.6
942 silly packumentCache full:https://registry.npmjs.org/@babel%2ftypes cache-miss
943 silly fetch manifest @babel/traverse@^7.28.6
944 silly packumentCache full:https://registry.npmjs.org/@babel%2ftraverse cache-miss
945 silly fetch manifest cosmiconfig@^7.0.0
946 silly packumentCache full:https://registry.npmjs.org/cosmiconfig cache-miss
947 silly fetch manifest resolve@^1.19.0
948 silly packumentCache full:https://registry.npmjs.org/resolve cache-miss
949 http fetch GET 200 https://registry.npmjs.org/@babel%2ftypes 66ms (cache miss)
950 silly packumentCache full:https://registry.npmjs.org/@babel%2ftypes set size:undefined disposed:false
951 http fetch GET 200 https://registry.npmjs.org/@babel%2ftraverse 80ms (cache miss)
952 silly packumentCache full:https://registry.npmjs.org/@babel%2ftraverse set size:undefined disposed:false
953 http fetch GET 200 https://registry.npmjs.org/resolve 83ms (cache miss)
954 silly packumentCache full:https://registry.npmjs.org/resolve set size:undefined disposed:false
955 http fetch GET 200 https://registry.npmjs.org/cosmiconfig 86ms (cache miss)
956 silly packumentCache full:https://registry.npmjs.org/cosmiconfig set size:undefined disposed:false
957 silly placeDep ROOT @babel/traverse@7.29.0 OK for: @babel/helper-module-imports@7.28.6 want: ^7.28.6
958 silly placeDep ROOT @babel/types@7.29.0 OK for: @babel/helper-module-imports@7.28.6 want: ^7.28.6
959 silly fetch manifest debug@^4.3.1
960 silly packumentCache full:https://registry.npmjs.org/debug cache-miss
961 silly fetch manifest @babel/types@^7.29.0
962 silly packumentCache full:https://registry.npmjs.org/@babel%2ftypes cache-miss
963 silly fetch manifest @babel/parser@^7.29.0
964 silly packumentCache full:https://registry.npmjs.org/@babel%2fparser cache-miss
965 silly fetch manifest @babel/template@^7.28.6
966 silly packumentCache full:https://registry.npmjs.org/@babel%2ftemplate cache-miss
967 silly fetch manifest @babel/generator@^7.29.0
968 silly packumentCache full:https://registry.npmjs.org/@babel%2fgenerator cache-miss
969 silly fetch manifest @babel/code-frame@^7.29.0
970 silly packumentCache full:https://registry.npmjs.org/@babel%2fcode-frame cache-miss
971 silly fetch manifest @babel/helper-globals@^7.28.0
972 silly packumentCache full:https://registry.npmjs.org/@babel%2fhelper-globals cache-miss
973 silly fetch manifest @babel/helper-string-parser@^7.27.1
974 silly packumentCache full:https://registry.npmjs.org/@babel%2fhelper-string-parser cache-miss
975 silly fetch manifest @babel/helper-validator-identifier@^7.28.5
976 silly packumentCache full:https://registry.npmjs.org/@babel%2fhelper-validator-identifier cache-miss
977 http cache https://registry.npmjs.org/@babel%2ftypes 4ms (cache hit)
978 silly packumentCache full:https://registry.npmjs.org/@babel%2ftypes set size:487885 disposed:false
979 http fetch GET 200 https://registry.npmjs.org/debug 47ms (cache miss)
980 silly packumentCache full:https://registry.npmjs.org/debug set size:undefined disposed:false
981 http fetch GET 200 https://registry.npmjs.org/@babel%2fhelper-globals 61ms (cache miss)
982 silly packumentCache full:https://registry.npmjs.org/@babel%2fhelper-globals set size:undefined disposed:false
983 http fetch GET 200 https://registry.npmjs.org/@babel%2fhelper-validator-identifier 61ms (cache miss)
984 silly packumentCache full:https://registry.npmjs.org/@babel%2fhelper-validator-identifier set size:undefined disposed:false
985 http fetch GET 200 https://registry.npmjs.org/@babel%2fhelper-string-parser 65ms (cache miss)
986 silly packumentCache full:https://registry.npmjs.org/@babel%2fhelper-string-parser set size:undefined disposed:false
987 http fetch GET 200 https://registry.npmjs.org/@babel%2fcode-frame 77ms (cache miss)
988 silly packumentCache full:https://registry.npmjs.org/@babel%2fcode-frame set size:undefined disposed:false
989 http fetch GET 200 https://registry.npmjs.org/@babel%2fparser 86ms (cache miss)
990 silly packumentCache full:https://registry.npmjs.org/@babel%2fparser set size:undefined disposed:false
991 http fetch GET 200 https://registry.npmjs.org/@babel%2fgenerator 90ms (cache miss)
992 silly packumentCache full:https://registry.npmjs.org/@babel%2fgenerator set size:undefined disposed:false
993 http fetch GET 200 https://registry.npmjs.org/@babel%2ftemplate 92ms (cache miss)
994 silly packumentCache full:https://registry.npmjs.org/@babel%2ftemplate set size:undefined disposed:false
995 silly placeDep ROOT @babel/code-frame@7.29.0 OK for: @babel/traverse@7.29.0 want: ^7.29.0
996 silly placeDep ROOT @babel/generator@7.29.1 OK for: @babel/traverse@7.29.0 want: ^7.29.0
997 silly placeDep ROOT @babel/helper-globals@7.28.0 OK for: @babel/traverse@7.29.0 want: ^7.28.0
998 silly placeDep ROOT @babel/parser@7.29.2 OK for: @babel/traverse@7.29.0 want: ^7.29.0
999 silly placeDep ROOT @babel/template@7.28.6 OK for: @babel/traverse@7.29.0 want: ^7.28.6
1000 silly placeDep ROOT debug@4.4.3 OK for: @babel/traverse@7.29.0 want: ^4.3.1
1001 silly fetch manifest js-tokens@^4.0.0
1002 silly packumentCache full:https://registry.npmjs.org/js-tokens cache-miss
1003 silly fetch manifest picocolors@^1.1.1
1004 silly packumentCache full:https://registry.npmjs.org/picocolors cache-miss
1005 silly fetch manifest jsesc@^3.0.2
1006 silly packumentCache full:https://registry.npmjs.org/jsesc cache-miss
1007 silly fetch manifest @jridgewell/gen-mapping@^0.3.12
1008 silly packumentCache full:https://registry.npmjs.org/@jridgewell%2fgen-mapping cache-miss
1009 silly fetch manifest @jridgewell/trace-mapping@^0.3.28
1010 silly packumentCache full:https://registry.npmjs.org/@jridgewell%2ftrace-mapping cache-miss
1011 silly fetch manifest ms@^2.1.3
1012 silly packumentCache full:https://registry.npmjs.org/ms cache-miss
1013 http fetch GET 200 https://registry.npmjs.org/picocolors 38ms (cache miss)
1014 silly packumentCache full:https://registry.npmjs.org/picocolors set size:undefined disposed:false
1015 http fetch GET 200 https://registry.npmjs.org/jsesc 46ms (cache miss)
1016 silly packumentCache full:https://registry.npmjs.org/jsesc set size:undefined disposed:false
1017 http fetch GET 200 https://registry.npmjs.org/js-tokens 55ms (cache miss)
1018 silly packumentCache full:https://registry.npmjs.org/js-tokens set size:undefined disposed:false
1019 http fetch GET 200 https://registry.npmjs.org/ms 56ms (cache miss)
1020 silly packumentCache full:https://registry.npmjs.org/ms set size:undefined disposed:false
1021 http fetch GET 200 https://registry.npmjs.org/@jridgewell%2fgen-mapping 58ms (cache miss)
1022 silly packumentCache full:https://registry.npmjs.org/@jridgewell%2fgen-mapping set size:undefined disposed:false
1023 http fetch GET 200 https://registry.npmjs.org/@jridgewell%2ftrace-mapping 70ms (cache miss)
1024 silly packumentCache full:https://registry.npmjs.org/@jridgewell%2ftrace-mapping set size:undefined disposed:false
1025 silly placeDep ROOT @babel/helper-validator-identifier@7.28.5 OK for: @babel/code-frame@7.29.0 want: ^7.28.5
1026 silly placeDep ROOT js-tokens@4.0.0 OK for: @babel/code-frame@7.29.0 want: ^4.0.0
1027 silly placeDep ROOT picocolors@1.1.1 OK for: @babel/code-frame@7.29.0 want: ^1.1.1
1028 silly placeDep ROOT @jridgewell/gen-mapping@0.3.13 OK for: @babel/generator@7.29.1 want: ^0.3.12
1029 silly placeDep ROOT @jridgewell/trace-mapping@0.3.31 OK for: @babel/generator@7.29.1 want: ^0.3.28
1030 silly placeDep ROOT jsesc@3.1.0 OK for: @babel/generator@7.29.1 want: ^3.0.2
1031 silly fetch manifest @jridgewell/sourcemap-codec@^1.5.0
1032 silly packumentCache full:https://registry.npmjs.org/@jridgewell%2fsourcemap-codec cache-miss
1033 silly fetch manifest @jridgewell/trace-mapping@^0.3.24
1034 silly packumentCache full:https://registry.npmjs.org/@jridgewell%2ftrace-mapping cache-miss
1035 silly fetch manifest @jridgewell/resolve-uri@^3.1.0
1036 silly packumentCache full:https://registry.npmjs.org/@jridgewell%2fresolve-uri cache-miss
1037 silly fetch manifest @jridgewell/sourcemap-codec@^1.4.14
1038 silly packumentCache full:https://registry.npmjs.org/@jridgewell%2fsourcemap-codec cache-miss
1039 http cache https://registry.npmjs.org/@jridgewell%2ftrace-mapping 2ms (cache hit)
1040 silly packumentCache full:https://registry.npmjs.org/@jridgewell%2ftrace-mapping set size:170909 disposed:false
1041 http fetch GET 200 https://registry.npmjs.org/@jridgewell%2fresolve-uri 68ms (cache miss)
1042 silly packumentCache full:https://registry.npmjs.org/@jridgewell%2fresolve-uri set size:undefined disposed:false
1043 http fetch GET 200 https://registry.npmjs.org/@jridgewell%2fsourcemap-codec 69ms (cache miss)
1044 silly packumentCache full:https://registry.npmjs.org/@jridgewell%2fsourcemap-codec set size:undefined disposed:false
1045 http fetch GET 200 https://registry.npmjs.org/@jridgewell%2fsourcemap-codec 272ms (cache miss)
1046 silly packumentCache full:https://registry.npmjs.org/@jridgewell%2fsourcemap-codec set size:undefined disposed:false
1047 silly placeDep ROOT @babel/helper-string-parser@7.27.1 OK for: @babel/types@7.29.0 want: ^7.27.1
1048 silly placeDep ROOT @emotion/sheet@1.4.0 OK for: @emotion/cache@11.14.0 want: ^1.4.0
1049 silly placeDep ROOT @emotion/unitless@0.10.0 OK for: @emotion/serialize@1.3.3 want: ^0.10.0
1050 silly placeDep ROOT csstype@3.2.3 OK for: @emotion/serialize@1.3.3 want: ^3.0.2
1051 silly placeDep ROOT @emotion/is-prop-valid@1.4.0 OK for: @emotion/styled@11.14.1 want: ^1.3.0
1052 silly placeDep ROOT @jridgewell/sourcemap-codec@1.5.5 OK for: @jridgewell/gen-mapping@0.3.13 want: ^1.5.0
1053 silly placeDep ROOT @jridgewell/resolve-uri@3.1.2 OK for: @jridgewell/trace-mapping@0.3.31 want: ^3.1.0
1054 silly fetch manifest react@^17.0.0 || ^18.0.0 || ^19.0.0
1055 silly packumentCache full:https://registry.npmjs.org/react cache-miss
1056 http cache https://registry.npmjs.org/react 12ms (cache hit)
1057 silly packumentCache full:https://registry.npmjs.org/react set size:6551477 disposed:false
1058 silly fetch manifest @emotion/react@^11.5.0
1059 silly packumentCache full:https://registry.npmjs.org/@emotion%2freact cache-miss
1060 http cache https://registry.npmjs.org/@emotion%2freact 2ms (cache hit)
1061 silly packumentCache full:https://registry.npmjs.org/@emotion%2freact set size:196548 disposed:false
1062 silly fetch manifest @emotion/styled@^11.3.0
1063 silly packumentCache full:https://registry.npmjs.org/@emotion%2fstyled cache-miss
1064 http cache https://registry.npmjs.org/@emotion%2fstyled 1ms (cache hit)
1065 silly packumentCache full:https://registry.npmjs.org/@emotion%2fstyled set size:286397 disposed:false
1066 silly fetch manifest react-dom@^17.0.0 || ^18.0.0 || ^19.0.0
1067 silly packumentCache full:https://registry.npmjs.org/react-dom cache-miss
1068 http cache https://registry.npmjs.org/react-dom 10ms (cache hit)
1069 silly packumentCache full:https://registry.npmjs.org/react-dom set size:8698753 disposed:false
1070 silly placeDep ROOT @mui/core-downloads-tracker@7.3.9 OK for: @mui/material@7.3.5 want: ^7.3.5
1071 silly placeDep ROOT @mui/system@7.3.9 OK for: @mui/material@7.3.5 want: ^7.3.5
1072 silly placeDep ROOT @mui/types@7.4.12 OK for: @mui/material@7.3.5 want: ^7.4.8
1073 silly placeDep ROOT @mui/utils@7.3.9 OK for: @mui/material@7.3.5 want: ^7.3.5
1074 silly placeDep ROOT @types/react-transition-group@4.4.12 OK for: @mui/material@7.3.5 want: ^4.4.12
1075 silly placeDep ROOT @types/react@19.2.14 OK for: @types/react-transition-group@4.4.12 want: *
1076 silly placeDep ROOT prop-types@15.8.1 OK for: @mui/material@7.3.5 want: ^15.8.1
1077 silly placeDep ROOT react-is@19.2.4 OK for: @mui/material@7.3.5 want: ^19.2.0
1078 silly placeDep ROOT react-transition-group@4.4.5 OK for: @mui/material@7.3.5 want: ^4.4.5
1079 silly fetch manifest @mui/types@^7.4.12
1080 silly packumentCache full:https://registry.npmjs.org/@mui%2ftypes cache-miss
1081 silly fetch manifest @mui/utils@^7.3.9
1082 silly packumentCache full:https://registry.npmjs.org/@mui%2futils cache-miss
1083 silly fetch manifest @mui/styled-engine@^7.3.9
1084 silly packumentCache full:https://registry.npmjs.org/@mui%2fstyled-engine cache-miss
1085 silly fetch manifest @mui/private-theming@^7.3.9
1086 silly packumentCache full:https://registry.npmjs.org/@mui%2fprivate-theming cache-miss
1087 silly fetch manifest react-is@^19.2.3
1088 silly packumentCache full:https://registry.npmjs.org/react-is cache-miss
1089 silly fetch manifest @types/prop-types@^15.7.15
1090 silly packumentCache full:https://registry.npmjs.org/@types%2fprop-types cache-miss
1091 silly fetch manifest loose-envify@^1.4.0
1092 silly packumentCache full:https://registry.npmjs.org/loose-envify cache-miss
1093 silly fetch manifest object-assign@^4.1.1
1094 silly packumentCache full:https://registry.npmjs.org/object-assign cache-miss
1095 silly fetch manifest react-is@^16.13.1
1096 silly packumentCache full:https://registry.npmjs.org/react-is cache-miss
1097 http cache https://registry.npmjs.org/loose-envify 7ms (cache hit)
1098 silly packumentCache full:https://registry.npmjs.org/loose-envify set size:12559 disposed:false
1099 silly fetch manifest dom-helpers@^5.0.1
1100 silly packumentCache full:https://registry.npmjs.org/dom-helpers cache-miss
1101 http cache https://registry.npmjs.org/@mui%2futils 8ms (cache hit)
1102 silly packumentCache full:https://registry.npmjs.org/@mui%2futils set size:511921 disposed:false
1103 http cache https://registry.npmjs.org/react-is 12ms (cache hit)
1104 silly packumentCache full:https://registry.npmjs.org/react-is set size:5303719 disposed:false
1105 http cache https://registry.npmjs.org/@mui%2ftypes 27ms (cache hit)
1106 silly packumentCache full:https://registry.npmjs.org/@mui%2ftypes set size:141107 disposed:false
1107 http cache https://registry.npmjs.org/react-is 31ms (cache hit)
1108 silly packumentCache full:https://registry.npmjs.org/react-is set size:5303719 disposed:false
1109 http fetch GET 200 https://registry.npmjs.org/object-assign 50ms (cache miss)
1110 silly packumentCache full:https://registry.npmjs.org/object-assign set size:undefined disposed:false
1111 http fetch GET 200 https://registry.npmjs.org/@mui%2fstyled-engine 67ms (cache miss)
1112 silly packumentCache full:https://registry.npmjs.org/@mui%2fstyled-engine set size:undefined disposed:false
1113 http fetch GET 200 https://registry.npmjs.org/dom-helpers 61ms (cache miss)
1114 silly packumentCache full:https://registry.npmjs.org/dom-helpers set size:undefined disposed:false
1115 http fetch GET 200 https://registry.npmjs.org/@types%2fprop-types 70ms (cache miss)
1116 silly packumentCache full:https://registry.npmjs.org/@types%2fprop-types set size:undefined disposed:false
1117 http fetch GET 200 https://registry.npmjs.org/@mui%2fprivate-theming 281ms (cache miss)
1118 silly packumentCache full:https://registry.npmjs.org/@mui%2fprivate-theming set size:undefined disposed:false
1119 silly placeDep ROOT @mui/private-theming@7.3.9 OK for: @mui/system@7.3.9 want: ^7.3.9
1120 silly placeDep ROOT @mui/styled-engine@7.3.9 OK for: @mui/system@7.3.9 want: ^7.3.9
1121 silly placeDep ROOT @types/prop-types@15.7.15 OK for: @mui/utils@7.3.9 want: ^15.7.15
1122 silly fetch manifest react@^16.8 || ^17.0 || ^18.0 || ^19.0 || ^19.0.0-rc
1123 silly packumentCache full:https://registry.npmjs.org/react cache-miss
1124 http cache https://registry.npmjs.org/react 11ms (cache hit)
1125 silly packumentCache full:https://registry.npmjs.org/react set size:6551477 disposed:false
1126 silly fetch manifest react-dom@^16.8 || ^17.0 || ^18.0 || ^19.0 || ^19.0.0-rc
1127 silly packumentCache full:https://registry.npmjs.org/react-dom cache-miss
1128 http cache https://registry.npmjs.org/react-dom 9ms (cache hit)
1129 silly packumentCache full:https://registry.npmjs.org/react-dom set size:8698753 disposed:false
1130 silly placeDep ROOT @radix-ui/primitive@1.1.1 OK for: @radix-ui/react-accordion@1.2.3 want: 1.1.1
1131 silly placeDep ROOT @radix-ui/react-collection@1.1.2 OK for: @radix-ui/react-accordion@1.2.3 want: 1.1.2
1132 silly placeDep ROOT @radix-ui/react-compose-refs@1.1.1 OK for: @radix-ui/react-accordion@1.2.3 want: 1.1.1
1133 silly placeDep ROOT @radix-ui/react-context@1.1.1 OK for: @radix-ui/react-accordion@1.2.3 want: 1.1.1
1134 silly placeDep ROOT @radix-ui/react-direction@1.1.0 OK for: @radix-ui/react-accordion@1.2.3 want: 1.1.0
1135 silly placeDep ROOT @radix-ui/react-id@1.1.0 OK for: @radix-ui/react-accordion@1.2.3 want: 1.1.0
1136 silly placeDep ROOT @radix-ui/react-primitive@2.0.2 OK for: @radix-ui/react-accordion@1.2.3 want: 2.0.2
1137 silly placeDep ROOT @radix-ui/react-use-controllable-state@1.1.0 OK for: @radix-ui/react-accordion@1.2.3 want: 1.1.0
1138 silly placeDep ROOT @radix-ui/react-use-callback-ref@1.1.0 OK for: @radix-ui/react-avatar@1.1.3 want: 1.1.0
1139 silly placeDep ROOT @radix-ui/react-use-layout-effect@1.1.0 OK for: @radix-ui/react-avatar@1.1.3 want: 1.1.0
1140 silly placeDep ROOT @radix-ui/react-presence@1.1.2 OK for: @radix-ui/react-checkbox@1.1.4 want: 1.1.2
1141 silly placeDep ROOT @radix-ui/react-use-previous@1.1.0 OK for: @radix-ui/react-checkbox@1.1.4 want: 1.1.0
1142 silly placeDep ROOT @radix-ui/react-use-size@1.1.0 OK for: @radix-ui/react-checkbox@1.1.4 want: 1.1.0
1143 silly placeDep ROOT @radix-ui/react-menu@2.1.6 OK for: @radix-ui/react-context-menu@2.2.6 want: 2.1.6
1144 silly placeDep ROOT @radix-ui/react-dismissable-layer@1.1.5 OK for: @radix-ui/react-dialog@1.1.6 want: 1.1.5
1145 silly placeDep ROOT @radix-ui/react-focus-guards@1.1.1 OK for: @radix-ui/react-dialog@1.1.6 want: 1.1.1
1146 silly placeDep ROOT @radix-ui/react-focus-scope@1.1.2 OK for: @radix-ui/react-dialog@1.1.6 want: 1.1.2
1147 silly placeDep ROOT @radix-ui/react-portal@1.1.4 OK for: @radix-ui/react-dialog@1.1.6 want: 1.1.4
1148 silly placeDep ROOT aria-hidden@1.2.6 OK for: @radix-ui/react-dialog@1.1.6 want: ^1.2.4
1149 silly placeDep ROOT react-remove-scroll@2.7.2 OK for: @radix-ui/react-dialog@1.1.6 want: ^2.6.3
1150 silly fetch manifest @radix-ui/react-use-escape-keydown@1.1.0
1151 silly packumentCache full:https://registry.npmjs.org/@radix-ui%2freact-use-escape-keydown cache-miss
1152 silly fetch manifest tslib@^2.0.0
1153 silly packumentCache full:https://registry.npmjs.org/tslib cache-miss
1154 silly fetch manifest react-remove-scroll-bar@^2.3.7
1155 silly packumentCache full:https://registry.npmjs.org/react-remove-scroll-bar cache-miss
1156 silly fetch manifest react-style-singleton@^2.2.3
1157 silly packumentCache full:https://registry.npmjs.org/react-style-singleton cache-miss
1158 silly fetch manifest tslib@^2.1.0
1159 silly packumentCache full:https://registry.npmjs.org/tslib cache-miss
1160 silly fetch manifest use-callback-ref@^1.3.3
1161 silly packumentCache full:https://registry.npmjs.org/use-callback-ref cache-miss
1162 silly fetch manifest use-sidecar@^1.1.3
1163 silly packumentCache full:https://registry.npmjs.org/use-sidecar cache-miss
1164 http cache https://registry.npmjs.org/tslib 3ms (cache hit)
1165 silly packumentCache full:https://registry.npmjs.org/tslib set size:108760 disposed:false
1166 http cache https://registry.npmjs.org/tslib 3ms (cache hit)
1167 silly packumentCache full:https://registry.npmjs.org/tslib set size:108760 disposed:false
1168 silly packumentCache full:https://registry.npmjs.org/tslib dispose
1169 http fetch GET 200 https://registry.npmjs.org/use-callback-ref 49ms (cache miss)
1170 silly packumentCache full:https://registry.npmjs.org/use-callback-ref set size:undefined disposed:false
1171 http fetch GET 200 https://registry.npmjs.org/use-sidecar 50ms (cache miss)
1172 silly packumentCache full:https://registry.npmjs.org/use-sidecar set size:undefined disposed:false
1173 http fetch GET 200 https://registry.npmjs.org/react-style-singleton 51ms (cache miss)
1174 silly packumentCache full:https://registry.npmjs.org/react-style-singleton set size:undefined disposed:false
1175 http fetch GET 200 https://registry.npmjs.org/@radix-ui%2freact-use-escape-keydown 66ms (cache miss)
1176 silly packumentCache full:https://registry.npmjs.org/@radix-ui%2freact-use-escape-keydown set size:undefined disposed:false
1177 http fetch GET 200 https://registry.npmjs.org/react-remove-scroll-bar 66ms (cache miss)
1178 silly packumentCache full:https://registry.npmjs.org/react-remove-scroll-bar set size:undefined disposed:false
1179 silly placeDep ROOT @radix-ui/react-use-escape-keydown@1.1.0 OK for: @radix-ui/react-dismissable-layer@1.1.5 want: 1.1.0
1180 silly placeDep ROOT @radix-ui/react-popper@1.2.2 OK for: @radix-ui/react-hover-card@1.1.6 want: 1.2.2
1181 silly fetch manifest @radix-ui/rect@1.1.0
1182 silly packumentCache full:https://registry.npmjs.org/@radix-ui%2frect cache-miss
1183 silly fetch manifest @radix-ui/react-arrow@1.1.2
1184 silly packumentCache full:https://registry.npmjs.org/@radix-ui%2freact-arrow cache-miss
1185 silly fetch manifest @floating-ui/react-dom@^2.0.0
1186 silly packumentCache full:https://registry.npmjs.org/@floating-ui%2freact-dom cache-miss
1187 silly fetch manifest @radix-ui/react-use-rect@1.1.0
1188 silly packumentCache full:https://registry.npmjs.org/@radix-ui%2freact-use-rect cache-miss
1189 http fetch GET 200 https://registry.npmjs.org/@floating-ui%2freact-dom 66ms (cache miss)
1190 silly packumentCache full:https://registry.npmjs.org/@floating-ui%2freact-dom set size:undefined disposed:false
1191 http fetch GET 200 https://registry.npmjs.org/@radix-ui%2freact-arrow 89ms (cache miss)
1192 silly packumentCache full:https://registry.npmjs.org/@radix-ui%2freact-arrow set size:undefined disposed:false
1193 http fetch GET 200 https://registry.npmjs.org/@radix-ui%2freact-use-rect 159ms (cache miss)
1194 silly packumentCache full:https://registry.npmjs.org/@radix-ui%2freact-use-rect set size:undefined disposed:false
1195 http fetch GET 200 https://registry.npmjs.org/@radix-ui%2frect 160ms (cache miss)
1196 silly packumentCache full:https://registry.npmjs.org/@radix-ui%2frect set size:undefined disposed:false
1197 silly placeDep ROOT @radix-ui/react-roving-focus@1.1.2 OK for: @radix-ui/react-menu@2.1.6 want: 1.1.2
1198 silly placeDep ROOT @radix-ui/react-visually-hidden@1.1.2 OK for: @radix-ui/react-navigation-menu@1.2.5 want: 1.1.2
1199 silly placeDep ROOT @floating-ui/react-dom@2.1.8 OK for: @radix-ui/react-popper@1.2.2 want: ^2.0.0
1200 silly placeDep ROOT @radix-ui/react-arrow@1.1.2 OK for: @radix-ui/react-popper@1.2.2 want: 1.1.2
1201 silly placeDep ROOT @radix-ui/react-use-rect@1.1.0 OK for: @radix-ui/react-popper@1.2.2 want: 1.1.0
1202 silly placeDep ROOT @radix-ui/rect@1.1.0 OK for: @radix-ui/react-popper@1.2.2 want: 1.1.0
1203 silly fetch manifest @floating-ui/dom@^1.7.6
1204 silly packumentCache full:https://registry.npmjs.org/@floating-ui%2fdom cache-miss
1205 http fetch GET 200 https://registry.npmjs.org/@floating-ui%2fdom 61ms (cache miss)
1206 silly packumentCache full:https://registry.npmjs.org/@floating-ui%2fdom set size:undefined disposed:false
1207 silly placeDep ROOT @floating-ui/dom@1.7.6 OK for: @floating-ui/react-dom@2.1.8 want: ^1.7.6
1208 silly fetch manifest @floating-ui/core@^1.7.5
1209 silly packumentCache full:https://registry.npmjs.org/@floating-ui%2fcore cache-miss
1210 silly fetch manifest @floating-ui/utils@^0.2.11
1211 silly packumentCache full:https://registry.npmjs.org/@floating-ui%2futils cache-miss
1212 http fetch GET 200 https://registry.npmjs.org/@floating-ui%2fcore 71ms (cache miss)
1213 silly packumentCache full:https://registry.npmjs.org/@floating-ui%2fcore set size:undefined disposed:false
1214 http fetch GET 200 https://registry.npmjs.org/@floating-ui%2futils 143ms (cache miss)
1215 silly packumentCache full:https://registry.npmjs.org/@floating-ui%2futils set size:undefined disposed:false
1216 silly placeDep ROOT @floating-ui/core@1.7.5 OK for: @floating-ui/dom@1.7.6 want: ^1.7.5
1217 silly placeDep ROOT @floating-ui/utils@0.2.11 OK for: @floating-ui/dom@1.7.6 want: ^0.2.11
1218 silly placeDep ROOT @radix-ui/number@1.1.0 OK for: @radix-ui/react-scroll-area@1.2.3 want: 1.1.0
1219 silly placeDep ROOT @tailwindcss/node@4.1.12 OK for: @tailwindcss/vite@4.1.12 want: 4.1.12
1220 silly placeDep ROOT @tailwindcss/oxide@4.1.12 OK for: @tailwindcss/vite@4.1.12 want: 4.1.12
1221 silly fetch manifest jiti@^2.5.1
1222 silly packumentCache full:https://registry.npmjs.org/jiti cache-miss
1223 silly fetch manifest lightningcss@1.30.1
1224 silly packumentCache full:https://registry.npmjs.org/lightningcss cache-miss
1225 silly fetch manifest magic-string@^0.30.17
1226 silly packumentCache full:https://registry.npmjs.org/magic-string cache-miss
1227 silly fetch manifest source-map-js@^1.2.1
1228 silly packumentCache full:https://registry.npmjs.org/source-map-js cache-miss
1229 silly fetch manifest enhanced-resolve@^5.18.3
1230 silly packumentCache full:https://registry.npmjs.org/enhanced-resolve cache-miss
1231 silly fetch manifest @jridgewell/remapping@^2.3.4
1232 silly packumentCache full:https://registry.npmjs.org/@jridgewell%2fremapping cache-miss
1233 silly fetch manifest tar@^7.4.3
1234 silly packumentCache full:https://registry.npmjs.org/tar cache-miss
1235 silly fetch manifest detect-libc@^2.0.4
1236 silly packumentCache full:https://registry.npmjs.org/detect-libc cache-miss
1237 silly fetch manifest @tailwindcss/oxide-darwin-x64@4.1.12
1238 silly packumentCache full:https://registry.npmjs.org/@tailwindcss%2foxide-darwin-x64 cache-miss
1239 http cache https://registry.npmjs.org/lightningcss 9ms (cache hit)
1240 silly packumentCache full:https://registry.npmjs.org/lightningcss set size:186753 disposed:false
1241 silly fetch manifest @tailwindcss/oxide-freebsd-x64@4.1.12
1242 silly packumentCache full:https://registry.npmjs.org/@tailwindcss%2foxide-freebsd-x64 cache-miss
1243 http cache https://registry.npmjs.org/jiti 12ms (cache hit)
1244 silly packumentCache full:https://registry.npmjs.org/jiti set size:382310 disposed:false
1245 silly fetch manifest @tailwindcss/oxide-wasm32-wasi@4.1.12
1246 silly packumentCache full:https://registry.npmjs.org/@tailwindcss%2foxide-wasm32-wasi cache-miss
1247 http fetch GET 200 https://registry.npmjs.org/source-map-js 53ms (cache miss)
1248 silly packumentCache full:https://registry.npmjs.org/source-map-js set size:undefined disposed:false
1249 silly fetch manifest @tailwindcss/oxide-darwin-arm64@4.1.12
1250 silly packumentCache full:https://registry.npmjs.org/@tailwindcss%2foxide-darwin-arm64 cache-miss
1251 http fetch GET 200 https://registry.npmjs.org/magic-string 67ms (cache miss)
1252 silly packumentCache full:https://registry.npmjs.org/magic-string set size:undefined disposed:false
1253 silly fetch manifest @tailwindcss/oxide-android-arm64@4.1.12
1254 silly packumentCache full:https://registry.npmjs.org/@tailwindcss%2foxide-android-arm64 cache-miss
1255 http fetch GET 200 https://registry.npmjs.org/enhanced-resolve 71ms (cache miss)
1256 silly packumentCache full:https://registry.npmjs.org/enhanced-resolve set size:undefined disposed:false
1257 silly fetch manifest @tailwindcss/oxide-linux-x64-gnu@4.1.12
1258 silly packumentCache full:https://registry.npmjs.org/@tailwindcss%2foxide-linux-x64-gnu cache-miss
1259 http fetch GET 200 https://registry.npmjs.org/detect-libc 74ms (cache miss)
1260 silly packumentCache full:https://registry.npmjs.org/detect-libc set size:undefined disposed:false
1261 silly fetch manifest @tailwindcss/oxide-linux-x64-musl@4.1.12
1262 silly packumentCache full:https://registry.npmjs.org/@tailwindcss%2foxide-linux-x64-musl cache-miss
1263 http fetch GET 200 https://registry.npmjs.org/tar 76ms (cache miss)
1264 silly packumentCache full:https://registry.npmjs.org/tar set size:undefined disposed:false
1265 silly fetch manifest @tailwindcss/oxide-win32-x64-msvc@4.1.12
1266 silly packumentCache full:https://registry.npmjs.org/@tailwindcss%2foxide-win32-x64-msvc cache-miss
1267 http fetch GET 200 https://registry.npmjs.org/@jridgewell%2fremapping 84ms (cache miss)
1268 silly packumentCache full:https://registry.npmjs.org/@jridgewell%2fremapping set size:undefined disposed:false
1269 silly fetch manifest @tailwindcss/oxide-linux-arm64-gnu@4.1.12
1270 silly packumentCache full:https://registry.npmjs.org/@tailwindcss%2foxide-linux-arm64-gnu cache-miss
1271 http fetch GET 200 https://registry.npmjs.org/@tailwindcss%2foxide-wasm32-wasi 90ms (cache miss)
1272 silly packumentCache full:https://registry.npmjs.org/@tailwindcss%2foxide-wasm32-wasi set size:undefined disposed:false
1273 silly fetch manifest @tailwindcss/oxide-linux-arm64-musl@4.1.12
1274 silly packumentCache full:https://registry.npmjs.org/@tailwindcss%2foxide-linux-arm64-musl cache-miss
1275 http fetch GET 200 https://registry.npmjs.org/@tailwindcss%2foxide-darwin-x64 153ms (cache miss)
1276 silly packumentCache full:https://registry.npmjs.org/@tailwindcss%2foxide-darwin-x64 set size:undefined disposed:false
1277 silly fetch manifest @tailwindcss/oxide-win32-arm64-msvc@4.1.12
1278 silly packumentCache full:https://registry.npmjs.org/@tailwindcss%2foxide-win32-arm64-msvc cache-miss
1279 http fetch GET 200 https://registry.npmjs.org/@tailwindcss%2foxide-android-arm64 102ms (cache miss)
1280 silly packumentCache full:https://registry.npmjs.org/@tailwindcss%2foxide-android-arm64 set size:undefined disposed:false
1281 silly fetch manifest @tailwindcss/oxide-linux-arm-gnueabihf@4.1.12
1282 silly packumentCache full:https://registry.npmjs.org/@tailwindcss%2foxide-linux-arm-gnueabihf cache-miss
1283 http fetch GET 200 https://registry.npmjs.org/@tailwindcss%2foxide-freebsd-x64 208ms (cache miss)
1284 silly packumentCache full:https://registry.npmjs.org/@tailwindcss%2foxide-freebsd-x64 set size:undefined disposed:false
1285 http fetch GET 200 https://registry.npmjs.org/@tailwindcss%2foxide-linux-x64-musl 173ms (cache miss)
1286 silly packumentCache full:https://registry.npmjs.org/@tailwindcss%2foxide-linux-x64-musl set size:undefined disposed:false
1287 http fetch GET 200 https://registry.npmjs.org/@tailwindcss%2foxide-win32-x64-msvc 176ms (cache miss)
1288 silly packumentCache full:https://registry.npmjs.org/@tailwindcss%2foxide-win32-x64-msvc set size:undefined disposed:false
1289 http fetch GET 200 https://registry.npmjs.org/@tailwindcss%2foxide-linux-arm64-gnu 251ms (cache miss)
1290 silly packumentCache full:https://registry.npmjs.org/@tailwindcss%2foxide-linux-arm64-gnu set size:undefined disposed:false
1291 http fetch GET 200 https://registry.npmjs.org/@tailwindcss%2foxide-win32-arm64-msvc 211ms (cache miss)
1292 silly packumentCache full:https://registry.npmjs.org/@tailwindcss%2foxide-win32-arm64-msvc set size:undefined disposed:false
1293 http fetch GET 200 https://registry.npmjs.org/@tailwindcss%2foxide-linux-arm64-musl 289ms (cache miss)
1294 silly packumentCache full:https://registry.npmjs.org/@tailwindcss%2foxide-linux-arm64-musl set size:undefined disposed:false
1295 http fetch GET 200 https://registry.npmjs.org/@tailwindcss%2foxide-linux-x64-gnu 330ms (cache miss)
1296 silly packumentCache full:https://registry.npmjs.org/@tailwindcss%2foxide-linux-x64-gnu set size:undefined disposed:false
1297 http fetch GET 200 https://registry.npmjs.org/@tailwindcss%2foxide-linux-arm-gnueabihf 246ms (cache miss)
1298 silly packumentCache full:https://registry.npmjs.org/@tailwindcss%2foxide-linux-arm-gnueabihf set size:undefined disposed:false
1299 http fetch GET 200 https://registry.npmjs.org/@tailwindcss%2foxide-darwin-arm64 408ms (cache miss)
1300 silly packumentCache full:https://registry.npmjs.org/@tailwindcss%2foxide-darwin-arm64 set size:undefined disposed:false
1301 silly placeDep ROOT @jridgewell/remapping@2.3.5 OK for: @tailwindcss/node@4.1.12 want: ^2.3.4
1302 silly placeDep ROOT enhanced-resolve@5.20.1 OK for: @tailwindcss/node@4.1.12 want: ^5.18.3
1303 silly placeDep ROOT jiti@2.6.1 OK for: @tailwindcss/node@4.1.12 want: ^2.5.1
1304 silly placeDep ROOT lightningcss@1.30.1 OK for: @tailwindcss/node@4.1.12 want: 1.30.1
1305 silly placeDep ROOT magic-string@0.30.21 OK for: @tailwindcss/node@4.1.12 want: ^0.30.17
1306 silly placeDep ROOT source-map-js@1.2.1 OK for: @tailwindcss/node@4.1.12 want: ^1.2.1
1307 silly fetch manifest graceful-fs@^4.2.4
1308 silly packumentCache full:https://registry.npmjs.org/graceful-fs cache-miss
1309 silly fetch manifest tapable@^2.3.0
1310 silly packumentCache full:https://registry.npmjs.org/tapable cache-miss
1311 silly fetch manifest detect-libc@^2.0.3
1312 silly packumentCache full:https://registry.npmjs.org/detect-libc cache-miss
1313 silly fetch manifest lightningcss-darwin-x64@1.30.1
1314 silly packumentCache full:https://registry.npmjs.org/lightningcss-darwin-x64 cache-miss
1315 silly fetch manifest lightningcss-freebsd-x64@1.30.1
1316 silly packumentCache full:https://registry.npmjs.org/lightningcss-freebsd-x64 cache-miss
1317 silly fetch manifest lightningcss-darwin-arm64@1.30.1
1318 silly packumentCache full:https://registry.npmjs.org/lightningcss-darwin-arm64 cache-miss
1319 silly fetch manifest lightningcss-linux-x64-gnu@1.30.1
1320 silly packumentCache full:https://registry.npmjs.org/lightningcss-linux-x64-gnu cache-miss
1321 silly fetch manifest lightningcss-linux-x64-musl@1.30.1
1322 silly packumentCache full:https://registry.npmjs.org/lightningcss-linux-x64-musl cache-miss
1323 silly fetch manifest lightningcss-win32-x64-msvc@1.30.1
1324 silly packumentCache full:https://registry.npmjs.org/lightningcss-win32-x64-msvc cache-miss
1325 http cache https://registry.npmjs.org/detect-libc 5ms (cache hit)
1326 silly packumentCache full:https://registry.npmjs.org/detect-libc set size:47861 disposed:false
1327 silly fetch manifest lightningcss-linux-arm64-gnu@1.30.1
1328 silly packumentCache full:https://registry.npmjs.org/lightningcss-linux-arm64-gnu cache-miss
1329 http fetch GET 200 https://registry.npmjs.org/graceful-fs 49ms (cache miss)
1330 silly packumentCache full:https://registry.npmjs.org/graceful-fs set size:undefined disposed:false
1331 silly fetch manifest lightningcss-linux-arm64-musl@1.30.1
1332 silly packumentCache full:https://registry.npmjs.org/lightningcss-linux-arm64-musl cache-miss
1333 http fetch GET 200 https://registry.npmjs.org/lightningcss-darwin-arm64 50ms (cache miss)
1334 silly packumentCache full:https://registry.npmjs.org/lightningcss-darwin-arm64 set size:undefined disposed:false
1335 silly fetch manifest lightningcss-win32-arm64-msvc@1.30.1
1336 silly packumentCache full:https://registry.npmjs.org/lightningcss-win32-arm64-msvc cache-miss
1337 http fetch GET 200 https://registry.npmjs.org/tapable 56ms (cache miss)
1338 silly packumentCache full:https://registry.npmjs.org/tapable set size:undefined disposed:false
1339 silly fetch manifest lightningcss-linux-arm-gnueabihf@1.30.1
1340 silly packumentCache full:https://registry.npmjs.org/lightningcss-linux-arm-gnueabihf cache-miss
1341 http fetch GET 200 https://registry.npmjs.org/lightningcss-darwin-x64 59ms (cache miss)
1342 silly packumentCache full:https://registry.npmjs.org/lightningcss-darwin-x64 set size:undefined disposed:false
1343 http fetch GET 200 https://registry.npmjs.org/lightningcss-freebsd-x64 59ms (cache miss)
1344 silly packumentCache full:https://registry.npmjs.org/lightningcss-freebsd-x64 set size:undefined disposed:false
1345 http fetch GET 200 https://registry.npmjs.org/lightningcss-win32-x64-msvc 60ms (cache miss)
1346 silly packumentCache full:https://registry.npmjs.org/lightningcss-win32-x64-msvc set size:undefined disposed:false
1347 http fetch GET 200 https://registry.npmjs.org/lightningcss-linux-arm64-gnu 55ms (cache miss)
1348 silly packumentCache full:https://registry.npmjs.org/lightningcss-linux-arm64-gnu set size:undefined disposed:false
1349 http fetch GET 200 https://registry.npmjs.org/lightningcss-linux-x64-gnu 61ms (cache miss)
1350 silly packumentCache full:https://registry.npmjs.org/lightningcss-linux-x64-gnu set size:undefined disposed:false
1351 http fetch GET 200 https://registry.npmjs.org/lightningcss-linux-x64-musl 61ms (cache miss)
1352 silly packumentCache full:https://registry.npmjs.org/lightningcss-linux-x64-musl set size:undefined disposed:false
1353 http fetch GET 200 https://registry.npmjs.org/lightningcss-win32-arm64-msvc 49ms (cache miss)
1354 silly packumentCache full:https://registry.npmjs.org/lightningcss-win32-arm64-msvc set size:undefined disposed:false
1355 http fetch GET 200 https://registry.npmjs.org/lightningcss-linux-arm-gnueabihf 55ms (cache miss)
1356 silly packumentCache full:https://registry.npmjs.org/lightningcss-linux-arm-gnueabihf set size:undefined disposed:false
1357 http fetch GET 200 https://registry.npmjs.org/lightningcss-linux-arm64-musl 69ms (cache miss)
1358 silly packumentCache full:https://registry.npmjs.org/lightningcss-linux-arm64-musl set size:undefined disposed:false
1359 silly placeDep ROOT @tailwindcss/oxide-android-arm64@4.1.12 OK for: @tailwindcss/oxide@4.1.12 want: 4.1.12
1360 silly placeDep ROOT @tailwindcss/oxide-darwin-arm64@4.1.12 OK for: @tailwindcss/oxide@4.1.12 want: 4.1.12
1361 silly placeDep ROOT @tailwindcss/oxide-darwin-x64@4.1.12 OK for: @tailwindcss/oxide@4.1.12 want: 4.1.12
1362 silly placeDep ROOT @tailwindcss/oxide-freebsd-x64@4.1.12 OK for: @tailwindcss/oxide@4.1.12 want: 4.1.12
1363 silly placeDep ROOT @tailwindcss/oxide-linux-arm-gnueabihf@4.1.12 OK for: @tailwindcss/oxide@4.1.12 want: 4.1.12
1364 silly placeDep ROOT @tailwindcss/oxide-linux-arm64-gnu@4.1.12 OK for: @tailwindcss/oxide@4.1.12 want: 4.1.12
1365 silly placeDep ROOT @tailwindcss/oxide-linux-arm64-musl@4.1.12 OK for: @tailwindcss/oxide@4.1.12 want: 4.1.12
1366 silly placeDep ROOT @tailwindcss/oxide-linux-x64-gnu@4.1.12 OK for: @tailwindcss/oxide@4.1.12 want: 4.1.12
1367 silly placeDep ROOT @tailwindcss/oxide-linux-x64-musl@4.1.12 OK for: @tailwindcss/oxide@4.1.12 want: 4.1.12
1368 silly placeDep ROOT @tailwindcss/oxide-wasm32-wasi@4.1.12 OK for: @tailwindcss/oxide@4.1.12 want: 4.1.12
1369 silly placeDep ROOT @tailwindcss/oxide-win32-arm64-msvc@4.1.12 OK for: @tailwindcss/oxide@4.1.12 want: 4.1.12
1370 silly placeDep ROOT @tailwindcss/oxide-win32-x64-msvc@4.1.12 OK for: @tailwindcss/oxide@4.1.12 want: 4.1.12
1371 silly placeDep ROOT detect-libc@2.1.2 OK for: @tailwindcss/oxide@4.1.12 want: ^2.0.4
1372 silly placeDep ROOT tar@7.5.12 OK for: @tailwindcss/oxide@4.1.12 want: ^7.4.3
1373 silly fetch manifest @isaacs/fs-minipass@^4.0.0
1374 silly packumentCache full:https://registry.npmjs.org/@isaacs%2ffs-minipass cache-miss
1375 silly fetch manifest chownr@^3.0.0
1376 silly packumentCache full:https://registry.npmjs.org/chownr cache-miss
1377 silly fetch manifest minipass@^7.1.2
1378 silly packumentCache full:https://registry.npmjs.org/minipass cache-miss
1379 silly fetch manifest minizlib@^3.1.0
1380 silly packumentCache full:https://registry.npmjs.org/minizlib cache-miss
1381 silly fetch manifest yallist@^5.0.0
1382 silly packumentCache full:https://registry.npmjs.org/yallist cache-miss
1383 http fetch GET 200 https://registry.npmjs.org/yallist 55ms (cache miss)
1384 silly packumentCache full:https://registry.npmjs.org/yallist set size:undefined disposed:false
1385 http fetch GET 200 https://registry.npmjs.org/chownr 61ms (cache miss)
1386 silly packumentCache full:https://registry.npmjs.org/chownr set size:undefined disposed:false
1387 http fetch GET 200 https://registry.npmjs.org/@isaacs%2ffs-minipass 67ms (cache miss)
1388 silly packumentCache full:https://registry.npmjs.org/@isaacs%2ffs-minipass set size:undefined disposed:false
1389 http fetch GET 200 https://registry.npmjs.org/minizlib 68ms (cache miss)
1390 silly packumentCache full:https://registry.npmjs.org/minizlib set size:undefined disposed:false
1391 http fetch GET 200 https://registry.npmjs.org/minipass 69ms (cache miss)
1392 silly packumentCache full:https://registry.npmjs.org/minipass set size:undefined disposed:false
1393 silly placeDep ROOT @babel/core@7.29.0 OK for: @vitejs/plugin-react@4.7.0 want: ^7.28.0
1394 silly placeDep ROOT @babel/plugin-transform-react-jsx-self@7.27.1 OK for: @vitejs/plugin-react@4.7.0 want: ^7.27.1
1395 silly placeDep ROOT @babel/plugin-transform-react-jsx-source@7.27.1 OK for: @vitejs/plugin-react@4.7.0 want: ^7.27.1
1396 silly placeDep ROOT @rolldown/pluginutils@1.0.0-beta.27 OK for: @vitejs/plugin-react@4.7.0 want: 1.0.0-beta.27
1397 silly placeDep ROOT @types/babel__core@7.20.5 OK for: @vitejs/plugin-react@4.7.0 want: ^7.20.5
1398 silly placeDep ROOT react-refresh@0.17.0 OK for: @vitejs/plugin-react@4.7.0 want: ^0.17.0
1399 silly fetch manifest json5@^2.2.3
1400 silly packumentCache full:https://registry.npmjs.org/json5 cache-miss
1401 silly fetch manifest semver@^6.3.1
1402 silly packumentCache full:https://registry.npmjs.org/semver cache-miss
1403 silly fetch manifest gensync@^1.0.0-beta.2
1404 silly packumentCache full:https://registry.npmjs.org/gensync cache-miss
1405 silly fetch manifest @babel/helpers@^7.28.6
1406 silly packumentCache full:https://registry.npmjs.org/@babel%2fhelpers cache-miss
1407 silly fetch manifest convert-source-map@^2.0.0
1408 silly packumentCache full:https://registry.npmjs.org/convert-source-map cache-miss
1409 silly fetch manifest @babel/helper-module-transforms@^7.28.6
1410 silly packumentCache full:https://registry.npmjs.org/@babel%2fhelper-module-transforms cache-miss
1411 silly fetch manifest @babel/helper-compilation-targets@^7.28.6
1412 silly packumentCache full:https://registry.npmjs.org/@babel%2fhelper-compilation-targets cache-miss
1413 silly fetch manifest @babel/helper-plugin-utils@^7.27.1
1414 silly packumentCache full:https://registry.npmjs.org/@babel%2fhelper-plugin-utils cache-miss
1415 silly fetch manifest @babel/helper-plugin-utils@^7.27.1
1416 silly packumentCache full:https://registry.npmjs.org/@babel%2fhelper-plugin-utils cache-miss
1417 http cache https://registry.npmjs.org/convert-source-map 3ms (cache hit)
1418 silly packumentCache full:https://registry.npmjs.org/convert-source-map set size:66997 disposed:false
1419 silly fetch manifest @types/babel__template@*
1420 silly packumentCache full:https://registry.npmjs.org/@types%2fbabel__template cache-miss
1421 http fetch GET 200 https://registry.npmjs.org/json5 47ms (cache miss)
1422 silly packumentCache full:https://registry.npmjs.org/json5 set size:undefined disposed:false
1423 silly fetch manifest @types/babel__traverse@*
1424 silly packumentCache full:https://registry.npmjs.org/@types%2fbabel__traverse cache-miss
1425 http fetch GET 200 https://registry.npmjs.org/semver 62ms (cache miss)
1426 silly packumentCache full:https://registry.npmjs.org/semver set size:undefined disposed:false
1427 silly fetch manifest @types/babel__generator@*
1428 silly packumentCache full:https://registry.npmjs.org/@types%2fbabel__generator cache-miss
1429 http fetch GET 200 https://registry.npmjs.org/@babel%2fhelper-compilation-targets 69ms (cache miss)
1430 silly packumentCache full:https://registry.npmjs.org/@babel%2fhelper-compilation-targets set size:undefined disposed:false
1431 http fetch GET 200 https://registry.npmjs.org/gensync 73ms (cache miss)
1432 silly packumentCache full:https://registry.npmjs.org/gensync set size:undefined disposed:false
1433 http fetch GET 200 https://registry.npmjs.org/@types%2fbabel__template 69ms (cache miss)
1434 silly packumentCache full:https://registry.npmjs.org/@types%2fbabel__template set size:undefined disposed:false
1435 http fetch GET 200 https://registry.npmjs.org/@babel%2fhelpers 74ms (cache miss)
1436 silly packumentCache full:https://registry.npmjs.org/@babel%2fhelpers set size:undefined disposed:false
1437 http fetch GET 200 https://registry.npmjs.org/@babel%2fhelper-plugin-utils 82ms (cache miss)
1438 silly packumentCache full:https://registry.npmjs.org/@babel%2fhelper-plugin-utils set size:undefined disposed:false
1439 http fetch GET 200 https://registry.npmjs.org/@babel%2fhelper-module-transforms 82ms (cache miss)
1440 silly packumentCache full:https://registry.npmjs.org/@babel%2fhelper-module-transforms set size:undefined disposed:false
1441 http fetch GET 200 https://registry.npmjs.org/@babel%2fhelper-plugin-utils 114ms (cache miss)
1442 silly packumentCache full:https://registry.npmjs.org/@babel%2fhelper-plugin-utils set size:undefined disposed:false
1443 http fetch GET 200 https://registry.npmjs.org/@types%2fbabel__traverse 75ms (cache miss)
1444 silly packumentCache full:https://registry.npmjs.org/@types%2fbabel__traverse set size:undefined disposed:false
1445 http fetch GET 200 https://registry.npmjs.org/@types%2fbabel__generator 63ms (cache miss)
1446 silly packumentCache full:https://registry.npmjs.org/@types%2fbabel__generator set size:undefined disposed:false
1447 silly fetch manifest @babel/core@^7.0.0
1448 silly packumentCache full:https://registry.npmjs.org/@babel%2fcore cache-miss
1449 http cache https://registry.npmjs.org/@babel%2fcore 2ms (cache hit)
1450 silly packumentCache full:https://registry.npmjs.org/@babel%2fcore set size:760113 disposed:false
1451 silly placeDep ROOT @babel/helper-compilation-targets@7.28.6 OK for: @babel/core@7.29.0 want: ^7.28.6
1452 silly placeDep ROOT @babel/helper-module-transforms@7.28.6 OK for: @babel/core@7.29.0 want: ^7.28.6
1453 silly placeDep ROOT @babel/helpers@7.29.2 OK for: @babel/core@7.29.0 want: ^7.28.6
1454 silly placeDep node_modules/@babel/core convert-source-map@2.0.0 OK for: @babel/core@7.29.0 want: ^2.0.0
1455 silly placeDep ROOT gensync@1.0.0-beta.2 OK for: @babel/core@7.29.0 want: ^1.0.0-beta.2
1456 silly placeDep ROOT json5@2.2.3 OK for: @babel/core@7.29.0 want: ^2.2.3
1457 silly placeDep ROOT semver@6.3.1 OK for: @babel/core@7.29.0 want: ^6.3.1
1458 silly fetch manifest lru-cache@^5.1.1
1459 silly packumentCache full:https://registry.npmjs.org/lru-cache cache-miss
1460 silly fetch manifest browserslist@^4.24.0
1461 silly packumentCache full:https://registry.npmjs.org/browserslist cache-miss
1462 silly fetch manifest @babel/compat-data@^7.28.6
1463 silly packumentCache full:https://registry.npmjs.org/@babel%2fcompat-data cache-miss
1464 silly fetch manifest @babel/helper-validator-option@^7.27.1
1465 silly packumentCache full:https://registry.npmjs.org/@babel%2fhelper-validator-option cache-miss
1466 http fetch GET 200 https://registry.npmjs.org/browserslist 55ms (cache miss)
1467 silly packumentCache full:https://registry.npmjs.org/browserslist set size:undefined disposed:false
1468 http fetch GET 200 https://registry.npmjs.org/lru-cache 64ms (cache miss)
1469 silly packumentCache full:https://registry.npmjs.org/lru-cache set size:undefined disposed:false
1470 http fetch GET 200 https://registry.npmjs.org/@babel%2fhelper-validator-option 67ms (cache miss)
1471 silly packumentCache full:https://registry.npmjs.org/@babel%2fhelper-validator-option set size:undefined disposed:false
1472 http fetch GET 200 https://registry.npmjs.org/@babel%2fcompat-data 68ms (cache miss)
1473 silly packumentCache full:https://registry.npmjs.org/@babel%2fcompat-data set size:undefined disposed:false
1474 silly placeDep ROOT @babel/compat-data@7.29.0 OK for: @babel/helper-compilation-targets@7.28.6 want: ^7.28.6
1475 silly placeDep ROOT @babel/helper-validator-option@7.27.1 OK for: @babel/helper-compilation-targets@7.28.6 want: ^7.27.1
1476 silly placeDep ROOT browserslist@4.28.1 OK for: @babel/helper-compilation-targets@7.28.6 want: ^4.24.0
1477 silly placeDep ROOT lru-cache@5.1.1 OK for: @babel/helper-compilation-targets@7.28.6 want: ^5.1.1
1478 silly fetch manifest baseline-browser-mapping@^2.9.0
1479 silly packumentCache full:https://registry.npmjs.org/baseline-browser-mapping cache-miss
1480 silly fetch manifest caniuse-lite@^1.0.30001759
1481 silly packumentCache full:https://registry.npmjs.org/caniuse-lite cache-miss
1482 silly fetch manifest electron-to-chromium@^1.5.263
1483 silly packumentCache full:https://registry.npmjs.org/electron-to-chromium cache-miss
1484 silly fetch manifest node-releases@^2.0.27
1485 silly packumentCache full:https://registry.npmjs.org/node-releases cache-miss
1486 silly fetch manifest update-browserslist-db@^1.2.0
1487 silly packumentCache full:https://registry.npmjs.org/update-browserslist-db cache-miss
1488 silly fetch manifest yallist@^3.0.2
1489 silly packumentCache full:https://registry.npmjs.org/yallist cache-miss
1490 http cache https://registry.npmjs.org/yallist 2ms (cache hit)
1491 silly packumentCache full:https://registry.npmjs.org/yallist set size:34610 disposed:false
1492 http fetch GET 200 https://registry.npmjs.org/update-browserslist-db 85ms (cache miss)
1493 silly packumentCache full:https://registry.npmjs.org/update-browserslist-db set size:undefined disposed:false
1494 http fetch GET 200 https://registry.npmjs.org/baseline-browser-mapping 89ms (cache miss)
1495 silly packumentCache full:https://registry.npmjs.org/baseline-browser-mapping set size:undefined disposed:false
1496 http fetch GET 200 https://registry.npmjs.org/node-releases 91ms (cache miss)
1497 silly packumentCache full:https://registry.npmjs.org/node-releases set size:undefined disposed:false
1498 http fetch GET 200 https://registry.npmjs.org/caniuse-lite 388ms (cache miss)
1499 silly packumentCache full:https://registry.npmjs.org/caniuse-lite set size:undefined disposed:false
1500 http fetch GET 200 https://registry.npmjs.org/electron-to-chromium 401ms (cache miss)
1501 silly packumentCache full:https://registry.npmjs.org/electron-to-chromium set size:undefined disposed:false
1502 silly placeDep ROOT @babel/helper-plugin-utils@7.28.6 OK for: @babel/plugin-transform-react-jsx-self@7.27.1 want: ^7.27.1
1503 silly placeDep ROOT @types/babel__generator@7.27.0 OK for: @types/babel__core@7.20.5 want: *
1504 silly placeDep ROOT @types/babel__template@7.4.4 OK for: @types/babel__core@7.20.5 want: *
1505 silly placeDep ROOT @types/babel__traverse@7.28.0 OK for: @types/babel__core@7.20.5 want: *
1506 silly placeDep ROOT tslib@2.8.1 OK for: aria-hidden@1.2.6 want: ^2.0.0
1507 silly placeDep ROOT cosmiconfig@7.1.0 OK for: babel-plugin-macros@3.1.0 want: ^7.0.0
1508 silly placeDep ROOT resolve@1.22.11 OK for: babel-plugin-macros@3.1.0 want: ^1.19.0
1509 silly fetch manifest yaml@^1.10.0
1510 silly packumentCache full:https://registry.npmjs.org/yaml cache-miss
1511 silly fetch manifest path-type@^4.0.0
1512 silly packumentCache full:https://registry.npmjs.org/path-type cache-miss
1513 silly fetch manifest parse-json@^5.0.0
1514 silly packumentCache full:https://registry.npmjs.org/parse-json cache-miss
1515 silly fetch manifest import-fresh@^3.2.1
1516 silly packumentCache full:https://registry.npmjs.org/import-fresh cache-miss
1517 silly fetch manifest @types/parse-json@^4.0.0
1518 silly packumentCache full:https://registry.npmjs.org/@types%2fparse-json cache-miss
1519 silly fetch manifest path-parse@^1.0.7
1520 silly packumentCache full:https://registry.npmjs.org/path-parse cache-miss
1521 silly fetch manifest is-core-module@^2.16.1
1522 silly packumentCache full:https://registry.npmjs.org/is-core-module cache-miss
1523 silly fetch manifest supports-preserve-symlinks-flag@^1.0.0
1524 silly packumentCache full:https://registry.npmjs.org/supports-preserve-symlinks-flag cache-miss
1525 http cache https://registry.npmjs.org/yaml 7ms (cache hit)
1526 silly packumentCache full:https://registry.npmjs.org/yaml set size:361552 disposed:false
1527 http fetch GET 200 https://registry.npmjs.org/path-type 56ms (cache miss)
1528 silly packumentCache full:https://registry.npmjs.org/path-type set size:undefined disposed:false
1529 http fetch GET 200 https://registry.npmjs.org/is-core-module 58ms (cache miss)
1530 silly packumentCache full:https://registry.npmjs.org/is-core-module set size:undefined disposed:false
1531 http fetch GET 200 https://registry.npmjs.org/import-fresh 61ms (cache miss)
1532 silly packumentCache full:https://registry.npmjs.org/import-fresh set size:undefined disposed:false
1533 http fetch GET 200 https://registry.npmjs.org/supports-preserve-symlinks-flag 61ms (cache miss)
1534 silly packumentCache full:https://registry.npmjs.org/supports-preserve-symlinks-flag set size:undefined disposed:false
1535 http fetch GET 200 https://registry.npmjs.org/parse-json 63ms (cache miss)
1536 silly packumentCache full:https://registry.npmjs.org/parse-json set size:undefined disposed:false
1537 http fetch GET 200 https://registry.npmjs.org/path-parse 123ms (cache miss)
1538 silly packumentCache full:https://registry.npmjs.org/path-parse set size:undefined disposed:false
1539 http fetch GET 200 https://registry.npmjs.org/@types%2fparse-json 149ms (cache miss)
1540 silly packumentCache full:https://registry.npmjs.org/@types%2fparse-json set size:undefined disposed:false
1541 silly fetch manifest browserslist@>= 4.21.0
1542 silly packumentCache full:https://registry.npmjs.org/browserslist cache-miss
1543 http cache https://registry.npmjs.org/browserslist 2ms (cache hit)
1544 silly packumentCache full:https://registry.npmjs.org/browserslist set size:502989 disposed:false
1545 silly placeDep ROOT baseline-browser-mapping@2.10.9 OK for: browserslist@4.28.1 want: ^2.9.0
1546 silly placeDep ROOT caniuse-lite@1.0.30001780 OK for: browserslist@4.28.1 want: ^1.0.30001759
1547 silly placeDep ROOT electron-to-chromium@1.5.321 OK for: browserslist@4.28.1 want: ^1.5.263
1548 silly placeDep ROOT node-releases@2.0.36 OK for: browserslist@4.28.1 want: ^2.0.27
1549 silly placeDep ROOT update-browserslist-db@1.2.3 OK for: browserslist@4.28.1 want: ^1.2.0
1550 silly fetch manifest escalade@^3.2.0
1551 silly packumentCache full:https://registry.npmjs.org/escalade cache-miss
1552 http fetch GET 200 https://registry.npmjs.org/escalade 52ms (cache miss)
1553 silly packumentCache full:https://registry.npmjs.org/escalade set size:undefined disposed:false
1554 silly placeDep ROOT @types/parse-json@4.0.2 OK for: cosmiconfig@7.1.0 want: ^4.0.0
1555 silly placeDep ROOT import-fresh@3.3.1 OK for: cosmiconfig@7.1.0 want: ^3.2.1
1556 silly placeDep ROOT parse-json@5.2.0 OK for: cosmiconfig@7.1.0 want: ^5.0.0
1557 silly placeDep ROOT path-type@4.0.0 OK for: cosmiconfig@7.1.0 want: ^4.0.0
1558 silly placeDep ROOT yaml@1.10.2 OK for: cosmiconfig@7.1.0 want: ^1.10.0
1559 silly fetch manifest resolve-from@^4.0.0
1560 silly packumentCache full:https://registry.npmjs.org/resolve-from cache-miss
1561 silly fetch manifest parent-module@^1.0.0
1562 silly packumentCache full:https://registry.npmjs.org/parent-module cache-miss
1563 silly fetch manifest error-ex@^1.3.1
1564 silly packumentCache full:https://registry.npmjs.org/error-ex cache-miss
1565 silly fetch manifest lines-and-columns@^1.1.6
1566 silly packumentCache full:https://registry.npmjs.org/lines-and-columns cache-miss
1567 silly fetch manifest json-parse-even-better-errors@^2.3.0
1568 silly packumentCache full:https://registry.npmjs.org/json-parse-even-better-errors cache-miss
1569 http fetch GET 200 https://registry.npmjs.org/resolve-from 49ms (cache miss)
1570 silly packumentCache full:https://registry.npmjs.org/resolve-from set size:undefined disposed:false
1571 http fetch GET 200 https://registry.npmjs.org/json-parse-even-better-errors 56ms (cache miss)
1572 silly packumentCache full:https://registry.npmjs.org/json-parse-even-better-errors set size:undefined disposed:false
1573 http fetch GET 200 https://registry.npmjs.org/lines-and-columns 59ms (cache miss)
1574 silly packumentCache full:https://registry.npmjs.org/lines-and-columns set size:undefined disposed:false
1575 http fetch GET 200 https://registry.npmjs.org/parent-module 61ms (cache miss)
1576 silly packumentCache full:https://registry.npmjs.org/parent-module set size:undefined disposed:false
1577 http fetch GET 200 https://registry.npmjs.org/error-ex 64ms (cache miss)
1578 silly packumentCache full:https://registry.npmjs.org/error-ex set size:undefined disposed:false
1579 silly placeDep ROOT ms@2.1.3 OK for: debug@4.4.3 want: ^2.1.3
1580 silly placeDep ROOT embla-carousel@8.6.0 OK for: embla-carousel-react@8.6.0 want: 8.6.0
1581 silly placeDep ROOT embla-carousel-reactive-utils@8.6.0 OK for: embla-carousel-react@8.6.0 want: 8.6.0
1582 silly placeDep ROOT graceful-fs@4.2.11 OK for: enhanced-resolve@5.20.1 want: ^4.2.4
1583 silly placeDep ROOT tapable@2.3.0 OK for: enhanced-resolve@5.20.1 want: ^2.3.0
1584 silly placeDep node_modules/hoist-non-react-statics react-is@16.13.1 OK for: hoist-non-react-statics@3.3.2 want: ^16.7.0
1585 silly placeDep ROOT parent-module@1.0.1 OK for: import-fresh@3.3.1 want: ^1.0.0
1586 silly placeDep ROOT resolve-from@4.0.0 OK for: import-fresh@3.3.1 want: ^4.0.0
1587 silly fetch manifest callsites@^3.0.0
1588 silly packumentCache full:https://registry.npmjs.org/callsites cache-miss
1589 http fetch GET 200 https://registry.npmjs.org/callsites 56ms (cache miss)
1590 silly packumentCache full:https://registry.npmjs.org/callsites set size:undefined disposed:false
1591 silly placeDep ROOT lightningcss-darwin-arm64@1.30.1 OK for: lightningcss@1.30.1 want: 1.30.1
1592 silly placeDep ROOT lightningcss-darwin-x64@1.30.1 OK for: lightningcss@1.30.1 want: 1.30.1
1593 silly placeDep ROOT lightningcss-freebsd-x64@1.30.1 OK for: lightningcss@1.30.1 want: 1.30.1
1594 silly placeDep ROOT lightningcss-linux-arm-gnueabihf@1.30.1 OK for: lightningcss@1.30.1 want: 1.30.1
1595 silly placeDep ROOT lightningcss-linux-arm64-gnu@1.30.1 OK for: lightningcss@1.30.1 want: 1.30.1
1596 silly placeDep ROOT lightningcss-linux-arm64-musl@1.30.1 OK for: lightningcss@1.30.1 want: 1.30.1
1597 silly placeDep ROOT lightningcss-linux-x64-gnu@1.30.1 OK for: lightningcss@1.30.1 want: 1.30.1
1598 silly placeDep ROOT lightningcss-linux-x64-musl@1.30.1 OK for: lightningcss@1.30.1 want: 1.30.1
1599 silly placeDep ROOT lightningcss-win32-arm64-msvc@1.30.1 OK for: lightningcss@1.30.1 want: 1.30.1
1600 silly placeDep ROOT lightningcss-win32-x64-msvc@1.30.1 OK for: lightningcss@1.30.1 want: 1.30.1
1601 silly placeDep ROOT yallist@3.1.1 OK for: lru-cache@5.1.1 want: ^3.0.2
1602 silly fetch manifest react@^18.0.0 || ^19.0.0
1603 silly packumentCache full:https://registry.npmjs.org/react cache-miss
1604 http cache https://registry.npmjs.org/react 9ms (cache hit)
1605 silly packumentCache full:https://registry.npmjs.org/react set size:6551477 disposed:false
1606 silly fetch manifest react-dom@^18.0.0 || ^19.0.0
1607 silly packumentCache full:https://registry.npmjs.org/react-dom cache-miss
1608 http cache https://registry.npmjs.org/react-dom 12ms (cache hit)
1609 silly packumentCache full:https://registry.npmjs.org/react-dom set size:8698753 disposed:false
1610 silly placeDep ROOT framer-motion@12.38.0 OK for: motion@12.23.24 want: ^12.23.24
1611 silly fetch manifest motion-dom@^12.38.0
1612 silly packumentCache full:https://registry.npmjs.org/motion-dom cache-miss
1613 silly fetch manifest motion-utils@^12.36.0
1614 silly packumentCache full:https://registry.npmjs.org/motion-utils cache-miss
1615 http fetch GET 200 https://registry.npmjs.org/motion-utils 54ms (cache miss)
1616 silly packumentCache full:https://registry.npmjs.org/motion-utils set size:undefined disposed:false
1617 http fetch GET 200 https://registry.npmjs.org/motion-dom 55ms (cache miss)
1618 silly packumentCache full:https://registry.npmjs.org/motion-dom set size:undefined disposed:false
1619 silly placeDep ROOT motion-dom@12.38.0 OK for: framer-motion@12.38.0 want: ^12.38.0
1620 silly placeDep ROOT motion-utils@12.36.0 OK for: framer-motion@12.38.0 want: ^12.36.0
1621 silly placeDep ROOT callsites@3.1.0 OK for: parent-module@1.0.1 want: ^3.0.0
1622 silly placeDep ROOT error-ex@1.3.4 OK for: parse-json@5.2.0 want: ^1.3.1
1623 silly placeDep ROOT json-parse-even-better-errors@2.3.1 OK for: parse-json@5.2.0 want: ^2.3.0
1624 silly placeDep ROOT lines-and-columns@1.2.4 OK for: parse-json@5.2.0 want: ^1.1.6
1625 silly fetch manifest is-arrayish@^0.2.1
1626 silly packumentCache full:https://registry.npmjs.org/is-arrayish cache-miss
1627 http fetch GET 200 https://registry.npmjs.org/is-arrayish 65ms (cache miss)
1628 silly packumentCache full:https://registry.npmjs.org/is-arrayish set size:undefined disposed:false
1629 silly placeDep ROOT is-arrayish@0.2.1 OK for: error-ex@1.3.4 want: ^0.2.1
1630 silly placeDep ROOT loose-envify@1.4.0 OK for: prop-types@15.8.1 want: ^1.4.0
1631 silly placeDep ROOT object-assign@4.1.1 OK for: prop-types@15.8.1 want: ^4.1.1
1632 silly placeDep node_modules/prop-types react-is@16.13.1 OK for: prop-types@15.8.1 want: ^16.13.1
1633 silly placeDep ROOT @react-dnd/invariant@4.0.2 OK for: react-dnd@16.0.1 want: ^4.0.1
1634 silly placeDep ROOT @react-dnd/shallowequal@4.0.2 OK for: react-dnd@16.0.1 want: ^4.0.1
1635 silly placeDep ROOT dnd-core@16.0.1 OK for: react-dnd@16.0.1 want: ^16.0.1
1636 silly placeDep ROOT fast-deep-equal@3.1.3 OK for: react-dnd@16.0.1 want: ^3.1.3
1637 silly fetch manifest @react-dnd/asap@^5.0.1
1638 silly packumentCache full:https://registry.npmjs.org/@react-dnd%2fasap cache-miss
1639 silly fetch manifest redux@^4.2.0
1640 silly packumentCache full:https://registry.npmjs.org/redux cache-miss
1641 http fetch GET 200 https://registry.npmjs.org/redux 53ms (cache miss)
1642 silly packumentCache full:https://registry.npmjs.org/redux set size:undefined disposed:false
1643 http fetch GET 200 https://registry.npmjs.org/@react-dnd%2fasap 129ms (cache miss)
1644 silly packumentCache full:https://registry.npmjs.org/@react-dnd%2fasap set size:undefined disposed:false
1645 silly placeDep ROOT @react-dnd/asap@5.0.2 OK for: dnd-core@16.0.1 want: ^5.0.1
1646 silly placeDep ROOT redux@4.2.1 OK for: dnd-core@16.0.1 want: ^4.2.0
1647 silly placeDep ROOT scheduler@0.23.2 OK for: react-dom@18.3.1 want: ^0.23.2
1648 silly placeDep ROOT react-fast-compare@3.2.2 OK for: react-popper@2.3.0 want: ^3.0.1
1649 silly placeDep ROOT warning@4.0.3 OK for: react-popper@2.3.0 want: ^4.0.2
1650 silly fetch manifest react@^16.8.0 || ^17.0.0 || ^18.0.0 || ^19.0.0 || ^19.0.0-rc
1651 silly packumentCache full:https://registry.npmjs.org/react cache-miss
1652 http cache https://registry.npmjs.org/react 9ms (cache hit)
1653 silly packumentCache full:https://registry.npmjs.org/react set size:6551477 disposed:false
1654 silly placeDep ROOT react-remove-scroll-bar@2.3.8 OK for: react-remove-scroll@2.7.2 want: ^2.3.7
1655 silly placeDep ROOT react-style-singleton@2.2.3 OK for: react-remove-scroll@2.7.2 want: ^2.2.3
1656 silly placeDep ROOT use-callback-ref@1.3.3 OK for: react-remove-scroll@2.7.2 want: ^1.3.3
1657 silly placeDep ROOT use-sidecar@1.1.3 OK for: react-remove-scroll@2.7.2 want: ^1.1.3
1658 silly fetch manifest react-style-singleton@^2.2.2
1659 silly packumentCache full:https://registry.npmjs.org/react-style-singleton cache-miss
1660 silly fetch manifest get-nonce@^1.0.0
1661 silly packumentCache full:https://registry.npmjs.org/get-nonce cache-miss
1662 silly fetch manifest detect-node-es@^1.1.0
1663 silly packumentCache full:https://registry.npmjs.org/detect-node-es cache-miss
1664 http cache https://registry.npmjs.org/react-style-singleton 2ms (cache hit)
1665 silly packumentCache full:https://registry.npmjs.org/react-style-singleton set size:33682 disposed:false
1666 http fetch GET 200 https://registry.npmjs.org/detect-node-es 44ms (cache miss)
1667 silly packumentCache full:https://registry.npmjs.org/detect-node-es set size:undefined disposed:false
1668 http fetch GET 200 https://registry.npmjs.org/get-nonce 136ms (cache miss)
1669 silly packumentCache full:https://registry.npmjs.org/get-nonce set size:undefined disposed:false
1670 silly placeDep ROOT cookie@1.1.1 OK for: react-router@7.13.0 want: ^1.0.1
1671 silly placeDep ROOT set-cookie-parser@2.7.2 OK for: react-router@7.13.0 want: ^2.6.0
1672 silly placeDep ROOT classnames@2.5.1 OK for: react-slick@0.31.0 want: ^2.2.5
1673 silly placeDep ROOT json2mq@0.2.0 OK for: react-slick@0.31.0 want: ^0.2.0
1674 silly placeDep ROOT lodash.debounce@4.0.8 OK for: react-slick@0.31.0 want: ^4.0.8
1675 silly placeDep ROOT resize-observer-polyfill@1.5.1 OK for: react-slick@0.31.0 want: ^1.5.0
1676 silly fetch manifest string-convert@^0.2.0
1677 silly packumentCache full:https://registry.npmjs.org/string-convert cache-miss
1678 http fetch GET 200 https://registry.npmjs.org/string-convert 50ms (cache miss)
1679 silly packumentCache full:https://registry.npmjs.org/string-convert set size:undefined disposed:false
1680 silly placeDep ROOT string-convert@0.2.1 OK for: json2mq@0.2.0 want: ^0.2.0
1681 silly placeDep ROOT get-nonce@1.0.1 OK for: react-style-singleton@2.2.3 want: ^1.0.0
1682 silly placeDep ROOT dom-helpers@5.2.1 OK for: react-transition-group@4.4.5 want: ^5.0.1
1683 silly fetch manifest react@^16.0.0 || ^17.0.0 || ^18.0.0 || ^19.0.0
1684 silly packumentCache full:https://registry.npmjs.org/react cache-miss
1685 http cache https://registry.npmjs.org/react 10ms (cache hit)
1686 silly packumentCache full:https://registry.npmjs.org/react set size:6551477 disposed:false
1687 silly fetch manifest react-dom@^16.0.0 || ^17.0.0 || ^18.0.0 || ^19.0.0
1688 silly packumentCache full:https://registry.npmjs.org/react-dom cache-miss
1689 http cache https://registry.npmjs.org/react-dom 9ms (cache hit)
1690 silly packumentCache full:https://registry.npmjs.org/react-dom set size:8698753 disposed:false
1691 silly placeDep ROOT eventemitter3@4.0.7 OK for: recharts@2.15.2 want: ^4.0.1
1692 silly placeDep ROOT lodash@4.17.23 OK for: recharts@2.15.2 want: ^4.17.21
1693 silly placeDep node_modules/recharts react-is@18.3.1 OK for: recharts@2.15.2 want: ^18.3.1
1694 silly placeDep ROOT react-smooth@4.0.4 OK for: recharts@2.15.2 want: ^4.0.4
1695 silly placeDep ROOT recharts-scale@0.4.5 OK for: recharts@2.15.2 want: ^0.4.4
1696 silly placeDep ROOT tiny-invariant@1.3.3 OK for: recharts@2.15.2 want: ^1.3.1
1697 silly placeDep ROOT victory-vendor@36.9.2 OK for: recharts@2.15.2 want: ^36.6.8
1698 silly fetch manifest fast-equals@^5.0.1
1699 silly packumentCache full:https://registry.npmjs.org/fast-equals cache-miss
1700 silly fetch manifest decimal.js-light@^2.4.1
1701 silly packumentCache full:https://registry.npmjs.org/decimal.js-light cache-miss
1702 silly fetch manifest d3-ease@^3.0.1
1703 silly packumentCache full:https://registry.npmjs.org/d3-ease cache-miss
1704 silly fetch manifest d3-time@^3.0.0
1705 silly packumentCache full:https://registry.npmjs.org/d3-time cache-miss
1706 silly fetch manifest d3-array@^3.1.6
1707 silly packumentCache full:https://registry.npmjs.org/d3-array cache-miss
1708 silly fetch manifest d3-scale@^4.0.2
1709 silly packumentCache full:https://registry.npmjs.org/d3-scale cache-miss
1710 silly fetch manifest d3-shape@^3.1.0
1711 silly packumentCache full:https://registry.npmjs.org/d3-shape cache-miss
1712 silly fetch manifest d3-timer@^3.0.1
1713 silly packumentCache full:https://registry.npmjs.org/d3-timer cache-miss
1714 silly fetch manifest @types/d3-ease@^3.0.0
1715 silly packumentCache full:https://registry.npmjs.org/@types%2fd3-ease cache-miss
1716 http fetch GET 200 https://registry.npmjs.org/decimal.js-light 59ms (cache miss)
1717 silly packumentCache full:https://registry.npmjs.org/decimal.js-light set size:undefined disposed:false
1718 silly fetch manifest @types/d3-time@^3.0.0
1719 silly packumentCache full:https://registry.npmjs.org/@types%2fd3-time cache-miss
1720 http fetch GET 200 https://registry.npmjs.org/d3-ease 74ms (cache miss)
1721 silly packumentCache full:https://registry.npmjs.org/d3-ease set size:undefined disposed:false
1722 silly fetch manifest d3-interpolate@^3.0.1
1723 silly packumentCache full:https://registry.npmjs.org/d3-interpolate cache-miss
1724 http fetch GET 200 https://registry.npmjs.org/d3-shape 75ms (cache miss)
1725 silly packumentCache full:https://registry.npmjs.org/d3-shape set size:undefined disposed:false
1726 silly fetch manifest @types/d3-array@^3.0.3
1727 silly packumentCache full:https://registry.npmjs.org/@types%2fd3-array cache-miss
1728 http fetch GET 200 https://registry.npmjs.org/d3-time 78ms (cache miss)
1729 silly packumentCache full:https://registry.npmjs.org/d3-time set size:undefined disposed:false
1730 silly fetch manifest @types/d3-scale@^4.0.2
1731 silly packumentCache full:https://registry.npmjs.org/@types%2fd3-scale cache-miss
1732 http fetch GET 200 https://registry.npmjs.org/d3-timer 78ms (cache miss)
1733 silly packumentCache full:https://registry.npmjs.org/d3-timer set size:undefined disposed:false
1734 silly fetch manifest @types/d3-shape@^3.1.0
1735 silly packumentCache full:https://registry.npmjs.org/@types%2fd3-shape cache-miss
1736 http fetch GET 200 https://registry.npmjs.org/d3-array 83ms (cache miss)
1737 silly packumentCache full:https://registry.npmjs.org/d3-array set size:undefined disposed:false
1738 silly fetch manifest @types/d3-timer@^3.0.0
1739 silly packumentCache full:https://registry.npmjs.org/@types%2fd3-timer cache-miss
1740 http fetch GET 200 https://registry.npmjs.org/fast-equals 85ms (cache miss)
1741 silly packumentCache full:https://registry.npmjs.org/fast-equals set size:undefined disposed:false
1742 silly fetch manifest @types/d3-interpolate@^3.0.1
1743 silly packumentCache full:https://registry.npmjs.org/@types%2fd3-interpolate cache-miss
1744 http fetch GET 200 https://registry.npmjs.org/@types%2fd3-ease 88ms (cache miss)
1745 silly packumentCache full:https://registry.npmjs.org/@types%2fd3-ease set size:undefined disposed:false
1746 http fetch GET 200 https://registry.npmjs.org/d3-scale 104ms (cache miss)
1747 silly packumentCache full:https://registry.npmjs.org/d3-scale set size:undefined disposed:false
1748 http fetch GET 200 https://registry.npmjs.org/d3-interpolate 52ms (cache miss)
1749 silly packumentCache full:https://registry.npmjs.org/d3-interpolate set size:undefined disposed:false
1750 http fetch GET 200 https://registry.npmjs.org/@types%2fd3-time 73ms (cache miss)
1751 silly packumentCache full:https://registry.npmjs.org/@types%2fd3-time set size:undefined disposed:false
1752 http fetch GET 200 https://registry.npmjs.org/@types%2fd3-array 63ms (cache miss)
1753 silly packumentCache full:https://registry.npmjs.org/@types%2fd3-array set size:undefined disposed:false
1754 http fetch GET 200 https://registry.npmjs.org/@types%2fd3-shape 67ms (cache miss)
1755 silly packumentCache full:https://registry.npmjs.org/@types%2fd3-shape set size:undefined disposed:false
1756 http fetch GET 200 https://registry.npmjs.org/@types%2fd3-scale 68ms (cache miss)
1757 silly packumentCache full:https://registry.npmjs.org/@types%2fd3-scale set size:undefined disposed:false
1758 http fetch GET 200 https://registry.npmjs.org/@types%2fd3-interpolate 62ms (cache miss)
1759 silly packumentCache full:https://registry.npmjs.org/@types%2fd3-interpolate set size:undefined disposed:false
1760 http fetch GET 200 https://registry.npmjs.org/@types%2fd3-timer 66ms (cache miss)
1761 silly packumentCache full:https://registry.npmjs.org/@types%2fd3-timer set size:undefined disposed:false
1762 silly placeDep ROOT fast-equals@5.4.0 OK for: react-smooth@4.0.4 want: ^5.0.1
1763 silly placeDep ROOT decimal.js-light@2.5.1 OK for: recharts-scale@0.4.5 want: ^2.4.1
1764 silly placeDep ROOT is-core-module@2.16.1 OK for: resolve@1.22.11 want: ^2.16.1
1765 silly placeDep ROOT path-parse@1.0.7 OK for: resolve@1.22.11 want: ^1.0.7
1766 silly placeDep ROOT supports-preserve-symlinks-flag@1.0.0 OK for: resolve@1.22.11 want: ^1.0.0
1767 silly fetch manifest hasown@^2.0.2
1768 silly packumentCache full:https://registry.npmjs.org/hasown cache-miss
1769 http fetch GET 200 https://registry.npmjs.org/hasown 59ms (cache miss)
1770 silly packumentCache full:https://registry.npmjs.org/hasown set size:undefined disposed:false
1771 silly placeDep ROOT hasown@2.0.2 OK for: is-core-module@2.16.1 want: ^2.0.2
1772 silly fetch manifest function-bind@^1.1.2
1773 silly packumentCache full:https://registry.npmjs.org/function-bind cache-miss
1774 http fetch GET 200 https://registry.npmjs.org/function-bind 49ms (cache miss)
1775 silly packumentCache full:https://registry.npmjs.org/function-bind set size:undefined disposed:false
1776 silly placeDep ROOT function-bind@1.1.2 OK for: hasown@2.0.2 want: ^1.1.2
1777 silly placeDep ROOT @isaacs/fs-minipass@4.0.1 OK for: tar@7.5.12 want: ^4.0.0
1778 silly placeDep ROOT chownr@3.0.0 OK for: tar@7.5.12 want: ^3.0.0
1779 silly placeDep ROOT minipass@7.1.3 OK for: tar@7.5.12 want: ^7.1.2
1780 silly placeDep ROOT minizlib@3.1.0 OK for: tar@7.5.12 want: ^3.1.0
1781 silly placeDep node_modules/tar yallist@5.0.0 OK for: tar@7.5.12 want: ^5.0.0
1782 silly fetch manifest minipass@^7.0.4
1783 silly packumentCache full:https://registry.npmjs.org/minipass cache-miss
1784 http cache https://registry.npmjs.org/minipass 2ms (cache hit)
1785 silly packumentCache full:https://registry.npmjs.org/minipass set size:276925 disposed:false
1786 silly placeDep ROOT escalade@3.2.0 OK for: update-browserslist-db@1.2.3 want: ^3.2.0
1787 silly placeDep ROOT detect-node-es@1.1.0 OK for: use-sidecar@1.1.3 want: ^1.1.0
1788 silly placeDep ROOT @types/d3-array@3.2.2 OK for: victory-vendor@36.9.2 want: ^3.0.3
1789 silly placeDep ROOT @types/d3-ease@3.0.2 OK for: victory-vendor@36.9.2 want: ^3.0.0
1790 silly placeDep ROOT @types/d3-interpolate@3.0.4 OK for: victory-vendor@36.9.2 want: ^3.0.1
1791 silly placeDep ROOT @types/d3-scale@4.0.9 OK for: victory-vendor@36.9.2 want: ^4.0.2
1792 silly placeDep ROOT @types/d3-shape@3.1.8 OK for: victory-vendor@36.9.2 want: ^3.1.0
1793 silly placeDep ROOT @types/d3-time@3.0.4 OK for: victory-vendor@36.9.2 want: ^3.0.0
1794 silly placeDep ROOT @types/d3-timer@3.0.2 OK for: victory-vendor@36.9.2 want: ^3.0.0
1795 silly placeDep ROOT d3-array@3.2.4 OK for: victory-vendor@36.9.2 want: ^3.1.6
1796 silly placeDep ROOT d3-ease@3.0.1 OK for: victory-vendor@36.9.2 want: ^3.0.1
1797 silly placeDep ROOT d3-interpolate@3.0.1 OK for: victory-vendor@36.9.2 want: ^3.0.1
1798 silly placeDep ROOT d3-scale@4.0.2 OK for: victory-vendor@36.9.2 want: ^4.0.2
1799 silly placeDep ROOT d3-shape@3.2.0 OK for: victory-vendor@36.9.2 want: ^3.1.0
1800 silly placeDep ROOT d3-time@3.1.0 OK for: victory-vendor@36.9.2 want: ^3.0.0
1801 silly placeDep ROOT d3-timer@3.0.1 OK for: victory-vendor@36.9.2 want: ^3.0.1
1802 silly fetch manifest @types/d3-color@*
1803 silly packumentCache full:https://registry.npmjs.org/@types%2fd3-color cache-miss
1804 silly fetch manifest @types/d3-time@*
1805 silly packumentCache full:https://registry.npmjs.org/@types%2fd3-time cache-miss
1806 silly fetch manifest @types/d3-path@*
1807 silly packumentCache full:https://registry.npmjs.org/@types%2fd3-path cache-miss
1808 silly fetch manifest internmap@1 - 2
1809 silly packumentCache full:https://registry.npmjs.org/internmap cache-miss
1810 silly fetch manifest d3-color@1 - 3
1811 silly packumentCache full:https://registry.npmjs.org/d3-color cache-miss
1812 silly fetch manifest d3-format@1 - 3
1813 silly packumentCache full:https://registry.npmjs.org/d3-format cache-miss
1814 silly fetch manifest d3-time@2.1.1 - 3
1815 silly packumentCache full:https://registry.npmjs.org/d3-time cache-miss
1816 silly fetch manifest d3-time-format@2 - 4
1817 silly packumentCache full:https://registry.npmjs.org/d3-time-format cache-miss
1818 silly fetch manifest d3-path@^3.1.0
1819 silly packumentCache full:https://registry.npmjs.org/d3-path cache-miss
1820 http cache https://registry.npmjs.org/@types%2fd3-time 4ms (cache hit)
1821 silly packumentCache full:https://registry.npmjs.org/@types%2fd3-time set size:52652 disposed:false
1822 http cache https://registry.npmjs.org/d3-time 4ms (cache hit)
1823 silly packumentCache full:https://registry.npmjs.org/d3-time set size:150406 disposed:false
1824 http fetch GET 200 https://registry.npmjs.org/internmap 49ms (cache miss)
1825 silly packumentCache full:https://registry.npmjs.org/internmap set size:undefined disposed:false
1826 http fetch GET 200 https://registry.npmjs.org/d3-time-format 50ms (cache miss)
1827 silly packumentCache full:https://registry.npmjs.org/d3-time-format set size:undefined disposed:false
1828 http fetch GET 200 https://registry.npmjs.org/d3-color 54ms (cache miss)
1829 silly packumentCache full:https://registry.npmjs.org/d3-color set size:undefined disposed:false
1830 http fetch GET 200 https://registry.npmjs.org/d3-format 55ms (cache miss)
1831 silly packumentCache full:https://registry.npmjs.org/d3-format set size:undefined disposed:false
1832 http fetch GET 200 https://registry.npmjs.org/d3-path 58ms (cache miss)
1833 silly packumentCache full:https://registry.npmjs.org/d3-path set size:undefined disposed:false
1834 http fetch GET 200 https://registry.npmjs.org/@types%2fd3-color 60ms (cache miss)
1835 silly packumentCache full:https://registry.npmjs.org/@types%2fd3-color set size:undefined disposed:false
1836 http fetch GET 200 https://registry.npmjs.org/@types%2fd3-path 61ms (cache miss)
1837 silly packumentCache full:https://registry.npmjs.org/@types%2fd3-path set size:undefined disposed:false
1838 silly placeDep ROOT @types/d3-color@3.1.3 OK for: @types/d3-interpolate@3.0.4 want: *
1839 silly placeDep ROOT @types/d3-path@3.1.1 OK for: @types/d3-shape@3.1.8 want: *
1840 silly placeDep ROOT internmap@2.0.3 OK for: d3-array@3.2.4 want: 1 - 2
1841 silly placeDep ROOT d3-color@3.1.0 OK for: d3-interpolate@3.0.1 want: 1 - 3
1842 silly placeDep ROOT d3-format@3.1.2 OK for: d3-scale@4.0.2 want: 1 - 3
1843 silly placeDep ROOT d3-time-format@4.1.0 OK for: d3-scale@4.0.2 want: 2 - 4
1844 silly placeDep ROOT d3-path@3.1.0 OK for: d3-shape@3.2.0 want: ^3.1.0
1845 silly placeDep ROOT esbuild@0.25.12 OK for: vite@6.3.5 want: ^0.25.0
1846 silly placeDep ROOT fdir@6.5.0 OK for: vite@6.3.5 want: ^6.4.4
1847 silly placeDep ROOT fsevents@2.3.3 OK for: vite@6.3.5 want: ~2.3.3
1848 silly placeDep ROOT picomatch@4.0.3 OK for: vite@6.3.5 want: ^4.0.2
1849 silly placeDep ROOT postcss@8.5.8 OK for: vite@6.3.5 want: ^8.5.3
1850 silly placeDep ROOT rollup@4.59.0 OK for: vite@6.3.5 want: ^4.34.9
1851 silly placeDep ROOT tinyglobby@0.2.15 OK for: vite@6.3.5 want: ^0.2.13
1852 silly placeDep ROOT yaml@2.8.2 REPLACE for: vite@6.3.5 want: ^2.4.2
1853 silly fetch manifest @esbuild/aix-ppc64@0.25.12
1854 silly packumentCache full:https://registry.npmjs.org/@esbuild%2faix-ppc64 cache-miss
1855 silly fetch manifest @esbuild/linux-arm@0.25.12
1856 silly packumentCache full:https://registry.npmjs.org/@esbuild%2flinux-arm cache-miss
1857 silly fetch manifest @esbuild/linux-x64@0.25.12
1858 silly packumentCache full:https://registry.npmjs.org/@esbuild%2flinux-x64 cache-miss
1859 silly fetch manifest @esbuild/sunos-x64@0.25.12
1860 silly packumentCache full:https://registry.npmjs.org/@esbuild%2fsunos-x64 cache-miss
1861 silly fetch manifest @esbuild/win32-x64@0.25.12
1862 silly packumentCache full:https://registry.npmjs.org/@esbuild%2fwin32-x64 cache-miss
1863 silly fetch manifest @esbuild/darwin-x64@0.25.12
1864 silly packumentCache full:https://registry.npmjs.org/@esbuild%2fdarwin-x64 cache-miss
1865 silly fetch manifest @esbuild/linux-ia32@0.25.12
1866 silly packumentCache full:https://registry.npmjs.org/@esbuild%2flinux-ia32 cache-miss
1867 silly fetch manifest @esbuild/netbsd-x64@0.25.12
1868 silly packumentCache full:https://registry.npmjs.org/@esbuild%2fnetbsd-x64 cache-miss
1869 silly fetch manifest @esbuild/win32-ia32@0.25.12
1870 silly packumentCache full:https://registry.npmjs.org/@esbuild%2fwin32-ia32 cache-miss
1871 http fetch GET 200 https://registry.npmjs.org/@esbuild%2flinux-x64 68ms (cache miss)
1872 silly packumentCache full:https://registry.npmjs.org/@esbuild%2flinux-x64 set size:undefined disposed:false
1873 silly fetch manifest @esbuild/android-arm@0.25.12
1874 silly packumentCache full:https://registry.npmjs.org/@esbuild%2fandroid-arm cache-miss
1875 http fetch GET 200 https://registry.npmjs.org/@esbuild%2faix-ppc64 72ms (cache miss)
1876 silly packumentCache full:https://registry.npmjs.org/@esbuild%2faix-ppc64 set size:undefined disposed:false
1877 silly fetch manifest @esbuild/android-x64@0.25.12
1878 silly packumentCache full:https://registry.npmjs.org/@esbuild%2fandroid-x64 cache-miss
1879 http fetch GET 200 https://registry.npmjs.org/@esbuild%2fsunos-x64 73ms (cache miss)
1880 silly packumentCache full:https://registry.npmjs.org/@esbuild%2fsunos-x64 set size:undefined disposed:false
1881 silly fetch manifest @esbuild/freebsd-x64@0.25.12
1882 silly packumentCache full:https://registry.npmjs.org/@esbuild%2ffreebsd-x64 cache-miss
1883 http fetch GET 200 https://registry.npmjs.org/@esbuild%2fwin32-ia32 77ms (cache miss)
1884 silly packumentCache full:https://registry.npmjs.org/@esbuild%2fwin32-ia32 set size:undefined disposed:false
1885 silly fetch manifest @esbuild/linux-arm64@0.25.12
1886 silly packumentCache full:https://registry.npmjs.org/@esbuild%2flinux-arm64 cache-miss
1887 http fetch GET 200 https://registry.npmjs.org/@esbuild%2fnetbsd-x64 77ms (cache miss)
1888 silly packumentCache full:https://registry.npmjs.org/@esbuild%2fnetbsd-x64 set size:undefined disposed:false
1889 silly fetch manifest @esbuild/linux-ppc64@0.25.12
1890 silly packumentCache full:https://registry.npmjs.org/@esbuild%2flinux-ppc64 cache-miss
1891 http fetch GET 200 https://registry.npmjs.org/@esbuild%2flinux-ia32 86ms (cache miss)
1892 silly packumentCache full:https://registry.npmjs.org/@esbuild%2flinux-ia32 set size:undefined disposed:false
1893 silly fetch manifest @esbuild/linux-s390x@0.25.12
1894 silly packumentCache full:https://registry.npmjs.org/@esbuild%2flinux-s390x cache-miss
1895 http fetch GET 200 https://registry.npmjs.org/@esbuild%2fwin32-x64 88ms (cache miss)
1896 silly packumentCache full:https://registry.npmjs.org/@esbuild%2fwin32-x64 set size:undefined disposed:false
1897 silly fetch manifest @esbuild/openbsd-x64@0.25.12
1898 silly packumentCache full:https://registry.npmjs.org/@esbuild%2fopenbsd-x64 cache-miss
1899 http fetch GET 200 https://registry.npmjs.org/@esbuild%2flinux-arm 130ms (cache miss)
1900 silly packumentCache full:https://registry.npmjs.org/@esbuild%2flinux-arm set size:undefined disposed:false
1901 silly fetch manifest @esbuild/win32-arm64@0.25.12
1902 silly packumentCache full:https://registry.npmjs.org/@esbuild%2fwin32-arm64 cache-miss
1903 http fetch GET 200 https://registry.npmjs.org/@esbuild%2fdarwin-x64 137ms (cache miss)
1904 silly packumentCache full:https://registry.npmjs.org/@esbuild%2fdarwin-x64 set size:undefined disposed:false
1905 silly fetch manifest @esbuild/darwin-arm64@0.25.12
1906 silly packumentCache full:https://registry.npmjs.org/@esbuild%2fdarwin-arm64 cache-miss
1907 http fetch GET 200 https://registry.npmjs.org/@esbuild%2fandroid-arm 72ms (cache miss)
1908 silly packumentCache full:https://registry.npmjs.org/@esbuild%2fandroid-arm set size:undefined disposed:false
1909 silly fetch manifest @esbuild/netbsd-arm64@0.25.12
1910 silly packumentCache full:https://registry.npmjs.org/@esbuild%2fnetbsd-arm64 cache-miss
1911 http fetch GET 200 https://registry.npmjs.org/@esbuild%2flinux-ppc64 79ms (cache miss)
1912 silly packumentCache full:https://registry.npmjs.org/@esbuild%2flinux-ppc64 set size:undefined disposed:false
1913 silly fetch manifest @esbuild/android-arm64@0.25.12
1914 silly packumentCache full:https://registry.npmjs.org/@esbuild%2fandroid-arm64 cache-miss
1915 http fetch GET 200 https://registry.npmjs.org/@esbuild%2ffreebsd-x64 84ms (cache miss)
1916 silly packumentCache full:https://registry.npmjs.org/@esbuild%2ffreebsd-x64 set size:undefined disposed:false
1917 silly fetch manifest @esbuild/freebsd-arm64@0.25.12
1918 silly packumentCache full:https://registry.npmjs.org/@esbuild%2ffreebsd-arm64 cache-miss
1919 http fetch GET 200 https://registry.npmjs.org/@esbuild%2flinux-arm64 88ms (cache miss)
1920 silly packumentCache full:https://registry.npmjs.org/@esbuild%2flinux-arm64 set size:undefined disposed:false
1921 silly fetch manifest @esbuild/linux-loong64@0.25.12
1922 silly packumentCache full:https://registry.npmjs.org/@esbuild%2flinux-loong64 cache-miss
1923 http fetch GET 200 https://registry.npmjs.org/@esbuild%2fandroid-x64 95ms (cache miss)
1924 silly packumentCache full:https://registry.npmjs.org/@esbuild%2fandroid-x64 set size:undefined disposed:false
1925 silly fetch manifest @esbuild/linux-riscv64@0.25.12
1926 silly packumentCache full:https://registry.npmjs.org/@esbuild%2flinux-riscv64 cache-miss
1927 http fetch GET 200 https://registry.npmjs.org/@esbuild%2flinux-s390x 90ms (cache miss)
1928 silly packumentCache full:https://registry.npmjs.org/@esbuild%2flinux-s390x set size:undefined disposed:false
1929 silly fetch manifest @esbuild/openbsd-arm64@0.25.12
1930 silly packumentCache full:https://registry.npmjs.org/@esbuild%2fopenbsd-arm64 cache-miss
1931 http fetch GET 200 https://registry.npmjs.org/@esbuild%2fopenbsd-x64 104ms (cache miss)
1932 silly packumentCache full:https://registry.npmjs.org/@esbuild%2fopenbsd-x64 set size:undefined disposed:false
1933 silly fetch manifest @esbuild/linux-mips64el@0.25.12
1934 silly packumentCache full:https://registry.npmjs.org/@esbuild%2flinux-mips64el cache-miss
1935 http fetch GET 200 https://registry.npmjs.org/@esbuild%2fwin32-arm64 79ms (cache miss)
1936 silly packumentCache full:https://registry.npmjs.org/@esbuild%2fwin32-arm64 set size:undefined disposed:false
1937 silly fetch manifest @esbuild/openharmony-arm64@0.25.12
1938 silly packumentCache full:https://registry.npmjs.org/@esbuild%2fopenharmony-arm64 cache-miss
1939 http fetch GET 200 https://registry.npmjs.org/@esbuild%2fdarwin-arm64 74ms (cache miss)
1940 silly packumentCache full:https://registry.npmjs.org/@esbuild%2fdarwin-arm64 set size:undefined disposed:false
1941 silly fetch manifest nanoid@^3.3.11
1942 silly packumentCache full:https://registry.npmjs.org/nanoid cache-miss
1943 http fetch GET 200 https://registry.npmjs.org/@esbuild%2fnetbsd-arm64 81ms (cache miss)
1944 silly packumentCache full:https://registry.npmjs.org/@esbuild%2fnetbsd-arm64 set size:undefined disposed:false
1945 silly fetch manifest @types/estree@1.0.8
1946 silly packumentCache full:https://registry.npmjs.org/@types%2festree cache-miss
1947 http fetch GET 200 https://registry.npmjs.org/@esbuild%2flinux-loong64 86ms (cache miss)
1948 silly packumentCache full:https://registry.npmjs.org/@esbuild%2flinux-loong64 set size:undefined disposed:false
1949 silly fetch manifest @rollup/rollup-darwin-arm64@4.59.0
1950 silly packumentCache full:https://registry.npmjs.org/@rollup%2frollup-darwin-arm64 cache-miss
1951 http fetch GET 200 https://registry.npmjs.org/@esbuild%2fopenbsd-arm64 80ms (cache miss)
1952 silly packumentCache full:https://registry.npmjs.org/@esbuild%2fopenbsd-arm64 set size:undefined disposed:false
1953 silly fetch manifest @rollup/rollup-android-arm64@4.59.0
1954 silly packumentCache full:https://registry.npmjs.org/@rollup%2frollup-android-arm64 cache-miss
1955 http fetch GET 200 https://registry.npmjs.org/@esbuild%2flinux-riscv64 95ms (cache miss)
1956 silly packumentCache full:https://registry.npmjs.org/@esbuild%2flinux-riscv64 set size:undefined disposed:false
1957 silly fetch manifest @rollup/rollup-win32-arm64-msvc@4.59.0
1958 silly packumentCache full:https://registry.npmjs.org/@rollup%2frollup-win32-arm64-msvc cache-miss
1959 http fetch GET 200 https://registry.npmjs.org/@esbuild%2ffreebsd-arm64 114ms (cache miss)
1960 silly packumentCache full:https://registry.npmjs.org/@esbuild%2ffreebsd-arm64 set size:undefined disposed:false
1961 silly fetch manifest @rollup/rollup-freebsd-arm64@4.59.0
1962 silly packumentCache full:https://registry.npmjs.org/@rollup%2frollup-freebsd-arm64 cache-miss
1963 http fetch GET 200 https://registry.npmjs.org/@esbuild%2flinux-mips64el 80ms (cache miss)
1964 silly packumentCache full:https://registry.npmjs.org/@esbuild%2flinux-mips64el set size:undefined disposed:false
1965 silly fetch manifest @rollup/rollup-linux-arm64-gnu@4.59.0
1966 silly packumentCache full:https://registry.npmjs.org/@rollup%2frollup-linux-arm64-gnu cache-miss
1967 http fetch GET 200 https://registry.npmjs.org/@esbuild%2fandroid-arm64 118ms (cache miss)
1968 silly packumentCache full:https://registry.npmjs.org/@esbuild%2fandroid-arm64 set size:undefined disposed:false
1969 silly fetch manifest @rollup/rollup-linux-arm64-musl@4.59.0
1970 silly packumentCache full:https://registry.npmjs.org/@rollup%2frollup-linux-arm64-musl cache-miss
1971 http fetch GET 200 https://registry.npmjs.org/@esbuild%2fopenharmony-arm64 66ms (cache miss)
1972 silly packumentCache full:https://registry.npmjs.org/@esbuild%2fopenharmony-arm64 set size:undefined disposed:false
1973 silly fetch manifest @rollup/rollup-android-arm-eabi@4.59.0
1974 silly packumentCache full:https://registry.npmjs.org/@rollup%2frollup-android-arm-eabi cache-miss
1975 http fetch GET 200 https://registry.npmjs.org/nanoid 67ms (cache miss)
1976 silly packumentCache full:https://registry.npmjs.org/nanoid set size:undefined disposed:false
1977 silly fetch manifest @rollup/rollup-linux-arm-gnueabihf@4.59.0
1978 silly packumentCache full:https://registry.npmjs.org/@rollup%2frollup-linux-arm-gnueabihf cache-miss
1979 http fetch GET 200 https://registry.npmjs.org/@types%2festree 70ms (cache miss)
1980 silly packumentCache full:https://registry.npmjs.org/@types%2festree set size:undefined disposed:false
1981 silly fetch manifest @rollup/rollup-linux-arm-musleabihf@4.59.0
1982 silly packumentCache full:https://registry.npmjs.org/@rollup%2frollup-linux-arm-musleabihf cache-miss
1983 http fetch GET 200 https://registry.npmjs.org/@rollup%2frollup-darwin-arm64 75ms (cache miss)
1984 silly packumentCache full:https://registry.npmjs.org/@rollup%2frollup-darwin-arm64 set size:undefined disposed:false
1985 silly fetch manifest @rollup/rollup-win32-ia32-msvc@4.59.0
1986 silly packumentCache full:https://registry.npmjs.org/@rollup%2frollup-win32-ia32-msvc cache-miss
1987 http fetch GET 200 https://registry.npmjs.org/@rollup%2frollup-android-arm64 73ms (cache miss)
1988 silly packumentCache full:https://registry.npmjs.org/@rollup%2frollup-android-arm64 set size:undefined disposed:false
1989 silly fetch manifest @rollup/rollup-linux-loong64-gnu@4.59.0
1990 silly packumentCache full:https://registry.npmjs.org/@rollup%2frollup-linux-loong64-gnu cache-miss
1991 http fetch GET 200 https://registry.npmjs.org/@rollup%2frollup-freebsd-arm64 61ms (cache miss)
1992 silly packumentCache full:https://registry.npmjs.org/@rollup%2frollup-freebsd-arm64 set size:undefined disposed:false
1993 silly fetch manifest @rollup/rollup-linux-loong64-musl@4.59.0
1994 silly packumentCache full:https://registry.npmjs.org/@rollup%2frollup-linux-loong64-musl cache-miss
1995 http fetch GET 200 https://registry.npmjs.org/@rollup%2frollup-linux-arm64-gnu 76ms (cache miss)
1996 silly packumentCache full:https://registry.npmjs.org/@rollup%2frollup-linux-arm64-gnu set size:undefined disposed:false
1997 silly fetch manifest @rollup/rollup-linux-riscv64-gnu@4.59.0
1998 silly packumentCache full:https://registry.npmjs.org/@rollup%2frollup-linux-riscv64-gnu cache-miss
1999 http fetch GET 200 https://registry.npmjs.org/@rollup%2frollup-win32-arm64-msvc 89ms (cache miss)
2000 silly packumentCache full:https://registry.npmjs.org/@rollup%2frollup-win32-arm64-msvc set size:undefined disposed:false
2001 silly fetch manifest @rollup/rollup-linux-riscv64-musl@4.59.0
2002 silly packumentCache full:https://registry.npmjs.org/@rollup%2frollup-linux-riscv64-musl cache-miss
2003 http fetch GET 200 https://registry.npmjs.org/@rollup%2frollup-linux-arm-musleabihf 65ms (cache miss)
2004 silly packumentCache full:https://registry.npmjs.org/@rollup%2frollup-linux-arm-musleabihf set size:undefined disposed:false
2005 silly fetch manifest @rollup/rollup-linux-ppc64-gnu@4.59.0
2006 silly packumentCache full:https://registry.npmjs.org/@rollup%2frollup-linux-ppc64-gnu cache-miss
2007 http fetch GET 200 https://registry.npmjs.org/@rollup%2frollup-linux-arm-gnueabihf 79ms (cache miss)
2008 silly packumentCache full:https://registry.npmjs.org/@rollup%2frollup-linux-arm-gnueabihf set size:undefined disposed:false
2009 silly fetch manifest @rollup/rollup-linux-ppc64-musl@4.59.0
2010 silly packumentCache full:https://registry.npmjs.org/@rollup%2frollup-linux-ppc64-musl cache-miss
2011 http fetch GET 200 https://registry.npmjs.org/@rollup%2frollup-android-arm-eabi 91ms (cache miss)
2012 silly packumentCache full:https://registry.npmjs.org/@rollup%2frollup-android-arm-eabi set size:undefined disposed:false
2013 silly fetch manifest @rollup/rollup-linux-s390x-gnu@4.59.0
2014 silly packumentCache full:https://registry.npmjs.org/@rollup%2frollup-linux-s390x-gnu cache-miss
2015 http fetch GET 200 https://registry.npmjs.org/@rollup%2frollup-linux-arm64-musl 102ms (cache miss)
2016 silly packumentCache full:https://registry.npmjs.org/@rollup%2frollup-linux-arm64-musl set size:undefined disposed:false
2017 silly fetch manifest @rollup/rollup-darwin-x64@4.59.0
2018 silly packumentCache full:https://registry.npmjs.org/@rollup%2frollup-darwin-x64 cache-miss
2019 http fetch GET 200 https://registry.npmjs.org/@rollup%2frollup-win32-ia32-msvc 65ms (cache miss)
2020 silly packumentCache full:https://registry.npmjs.org/@rollup%2frollup-win32-ia32-msvc set size:undefined disposed:false
2021 silly fetch manifest @rollup/rollup-win32-x64-gnu@4.59.0
2022 silly packumentCache full:https://registry.npmjs.org/@rollup%2frollup-win32-x64-gnu cache-miss
2023 http fetch GET 200 https://registry.npmjs.org/@rollup%2frollup-linux-loong64-gnu 63ms (cache miss)
2024 silly packumentCache full:https://registry.npmjs.org/@rollup%2frollup-linux-loong64-gnu set size:undefined disposed:false
2025 silly fetch manifest @rollup/rollup-win32-x64-msvc@4.59.0
2026 silly packumentCache full:https://registry.npmjs.org/@rollup%2frollup-win32-x64-msvc cache-miss
2027 http fetch GET 200 https://registry.npmjs.org/@rollup%2frollup-linux-loong64-musl 70ms (cache miss)
2028 silly packumentCache full:https://registry.npmjs.org/@rollup%2frollup-linux-loong64-musl set size:undefined disposed:false
2029 silly fetch manifest @rollup/rollup-freebsd-x64@4.59.0
2030 silly packumentCache full:https://registry.npmjs.org/@rollup%2frollup-freebsd-x64 cache-miss
2031 http fetch GET 200 https://registry.npmjs.org/@rollup%2frollup-linux-riscv64-musl 78ms (cache miss)
2032 silly packumentCache full:https://registry.npmjs.org/@rollup%2frollup-linux-riscv64-musl set size:undefined disposed:false
2033 silly fetch manifest @rollup/rollup-linux-x64-gnu@4.59.0
2034 silly packumentCache full:https://registry.npmjs.org/@rollup%2frollup-linux-x64-gnu cache-miss
2035 http fetch GET 200 https://registry.npmjs.org/@rollup%2frollup-linux-ppc64-musl 72ms (cache miss)
2036 silly packumentCache full:https://registry.npmjs.org/@rollup%2frollup-linux-ppc64-musl set size:undefined disposed:false
2037 silly fetch manifest @rollup/rollup-linux-x64-musl@4.59.0
2038 silly packumentCache full:https://registry.npmjs.org/@rollup%2frollup-linux-x64-musl cache-miss
2039 http fetch GET 200 https://registry.npmjs.org/@rollup%2frollup-linux-ppc64-gnu 76ms (cache miss)
2040 silly packumentCache full:https://registry.npmjs.org/@rollup%2frollup-linux-ppc64-gnu set size:undefined disposed:false
2041 silly fetch manifest @rollup/rollup-openbsd-x64@4.59.0
2042 silly packumentCache full:https://registry.npmjs.org/@rollup%2frollup-openbsd-x64 cache-miss
2043 http fetch GET 200 https://registry.npmjs.org/@rollup%2frollup-linux-riscv64-gnu 90ms (cache miss)
2044 silly packumentCache full:https://registry.npmjs.org/@rollup%2frollup-linux-riscv64-gnu set size:undefined disposed:false
2045 silly fetch manifest @rollup/rollup-openharmony-arm64@4.59.0
2046 silly packumentCache full:https://registry.npmjs.org/@rollup%2frollup-openharmony-arm64 cache-miss
2047 http fetch GET 200 https://registry.npmjs.org/@rollup%2frollup-darwin-x64 74ms (cache miss)
2048 silly packumentCache full:https://registry.npmjs.org/@rollup%2frollup-darwin-x64 set size:undefined disposed:false
2049 http fetch GET 200 https://registry.npmjs.org/@rollup%2frollup-freebsd-x64 67ms (cache miss)
2050 silly packumentCache full:https://registry.npmjs.org/@rollup%2frollup-freebsd-x64 set size:undefined disposed:false
2051 http fetch GET 200 https://registry.npmjs.org/@rollup%2frollup-win32-x64-gnu 77ms (cache miss)
2052 silly packumentCache full:https://registry.npmjs.org/@rollup%2frollup-win32-x64-gnu set size:undefined disposed:false
2053 http fetch GET 200 https://registry.npmjs.org/@rollup%2frollup-win32-x64-msvc 82ms (cache miss)
2054 silly packumentCache full:https://registry.npmjs.org/@rollup%2frollup-win32-x64-msvc set size:undefined disposed:false
2055 http fetch GET 200 https://registry.npmjs.org/@rollup%2frollup-linux-s390x-gnu 128ms (cache miss)
2056 silly packumentCache full:https://registry.npmjs.org/@rollup%2frollup-linux-s390x-gnu set size:undefined disposed:false
2057 http fetch GET 200 https://registry.npmjs.org/@rollup%2frollup-openbsd-x64 69ms (cache miss)
2058 silly packumentCache full:https://registry.npmjs.org/@rollup%2frollup-openbsd-x64 set size:undefined disposed:false
2059 http fetch GET 200 https://registry.npmjs.org/@rollup%2frollup-linux-x64-gnu 80ms (cache miss)
2060 silly packumentCache full:https://registry.npmjs.org/@rollup%2frollup-linux-x64-gnu set size:undefined disposed:false
2061 http fetch GET 200 https://registry.npmjs.org/@rollup%2frollup-openharmony-arm64 78ms (cache miss)
2062 silly packumentCache full:https://registry.npmjs.org/@rollup%2frollup-openharmony-arm64 set size:undefined disposed:false
2063 http fetch GET 200 https://registry.npmjs.org/@rollup%2frollup-linux-x64-musl 90ms (cache miss)
2064 silly packumentCache full:https://registry.npmjs.org/@rollup%2frollup-linux-x64-musl set size:undefined disposed:false
2065 silly placeDep node_modules/cosmiconfig yaml@1.10.2 OK for: cosmiconfig@7.1.0 want: ^1.10.0
2066 silly placeDep ROOT @esbuild/aix-ppc64@0.25.12 OK for: esbuild@0.25.12 want: 0.25.12
2067 silly placeDep ROOT @esbuild/android-arm@0.25.12 OK for: esbuild@0.25.12 want: 0.25.12
2068 silly placeDep ROOT @esbuild/android-arm64@0.25.12 OK for: esbuild@0.25.12 want: 0.25.12
2069 silly placeDep ROOT @esbuild/android-x64@0.25.12 OK for: esbuild@0.25.12 want: 0.25.12
2070 silly placeDep ROOT @esbuild/darwin-arm64@0.25.12 OK for: esbuild@0.25.12 want: 0.25.12
2071 silly placeDep ROOT @esbuild/darwin-x64@0.25.12 OK for: esbuild@0.25.12 want: 0.25.12
2072 silly placeDep ROOT @esbuild/freebsd-arm64@0.25.12 OK for: esbuild@0.25.12 want: 0.25.12
2073 silly placeDep ROOT @esbuild/freebsd-x64@0.25.12 OK for: esbuild@0.25.12 want: 0.25.12
2074 silly placeDep ROOT @esbuild/linux-arm@0.25.12 OK for: esbuild@0.25.12 want: 0.25.12
2075 silly placeDep ROOT @esbuild/linux-arm64@0.25.12 OK for: esbuild@0.25.12 want: 0.25.12
2076 silly placeDep ROOT @esbuild/linux-ia32@0.25.12 OK for: esbuild@0.25.12 want: 0.25.12
2077 silly placeDep ROOT @esbuild/linux-loong64@0.25.12 OK for: esbuild@0.25.12 want: 0.25.12
2078 silly placeDep ROOT @esbuild/linux-mips64el@0.25.12 OK for: esbuild@0.25.12 want: 0.25.12
2079 silly placeDep ROOT @esbuild/linux-ppc64@0.25.12 OK for: esbuild@0.25.12 want: 0.25.12
2080 silly placeDep ROOT @esbuild/linux-riscv64@0.25.12 OK for: esbuild@0.25.12 want: 0.25.12
2081 silly placeDep ROOT @esbuild/linux-s390x@0.25.12 OK for: esbuild@0.25.12 want: 0.25.12
2082 silly placeDep ROOT @esbuild/linux-x64@0.25.12 OK for: esbuild@0.25.12 want: 0.25.12
2083 silly placeDep ROOT @esbuild/netbsd-arm64@0.25.12 OK for: esbuild@0.25.12 want: 0.25.12
2084 silly placeDep ROOT @esbuild/netbsd-x64@0.25.12 OK for: esbuild@0.25.12 want: 0.25.12
2085 silly placeDep ROOT @esbuild/openbsd-arm64@0.25.12 OK for: esbuild@0.25.12 want: 0.25.12
2086 silly placeDep ROOT @esbuild/openbsd-x64@0.25.12 OK for: esbuild@0.25.12 want: 0.25.12
2087 silly placeDep ROOT @esbuild/openharmony-arm64@0.25.12 OK for: esbuild@0.25.12 want: 0.25.12
2088 silly placeDep ROOT @esbuild/sunos-x64@0.25.12 OK for: esbuild@0.25.12 want: 0.25.12
2089 silly placeDep ROOT @esbuild/win32-arm64@0.25.12 OK for: esbuild@0.25.12 want: 0.25.12
2090 silly placeDep ROOT @esbuild/win32-ia32@0.25.12 OK for: esbuild@0.25.12 want: 0.25.12
2091 silly placeDep ROOT @esbuild/win32-x64@0.25.12 OK for: esbuild@0.25.12 want: 0.25.12
2092 silly placeDep ROOT nanoid@3.3.11 OK for: postcss@8.5.8 want: ^3.3.11
2093 silly placeDep ROOT @rollup/rollup-android-arm-eabi@4.59.0 OK for: rollup@4.59.0 want: 4.59.0
2094 silly placeDep ROOT @rollup/rollup-android-arm64@4.59.0 OK for: rollup@4.59.0 want: 4.59.0
2095 silly placeDep ROOT @rollup/rollup-darwin-arm64@4.59.0 OK for: rollup@4.59.0 want: 4.59.0
2096 silly placeDep ROOT @rollup/rollup-darwin-x64@4.59.0 OK for: rollup@4.59.0 want: 4.59.0
2097 silly placeDep ROOT @rollup/rollup-freebsd-arm64@4.59.0 OK for: rollup@4.59.0 want: 4.59.0
2098 silly placeDep ROOT @rollup/rollup-freebsd-x64@4.59.0 OK for: rollup@4.59.0 want: 4.59.0
2099 silly placeDep ROOT @rollup/rollup-linux-arm-gnueabihf@4.59.0 OK for: rollup@4.59.0 want: 4.59.0
2100 silly placeDep ROOT @rollup/rollup-linux-arm-musleabihf@4.59.0 OK for: rollup@4.59.0 want: 4.59.0
2101 silly placeDep ROOT @rollup/rollup-linux-arm64-gnu@4.59.0 OK for: rollup@4.59.0 want: 4.59.0
2102 silly placeDep ROOT @rollup/rollup-linux-arm64-musl@4.59.0 OK for: rollup@4.59.0 want: 4.59.0
2103 silly placeDep ROOT @rollup/rollup-linux-loong64-gnu@4.59.0 OK for: rollup@4.59.0 want: 4.59.0
2104 silly placeDep ROOT @rollup/rollup-linux-loong64-musl@4.59.0 OK for: rollup@4.59.0 want: 4.59.0
2105 silly placeDep ROOT @rollup/rollup-linux-ppc64-gnu@4.59.0 OK for: rollup@4.59.0 want: 4.59.0
2106 silly placeDep ROOT @rollup/rollup-linux-ppc64-musl@4.59.0 OK for: rollup@4.59.0 want: 4.59.0
2107 silly placeDep ROOT @rollup/rollup-linux-riscv64-gnu@4.59.0 OK for: rollup@4.59.0 want: 4.59.0
2108 silly placeDep ROOT @rollup/rollup-linux-riscv64-musl@4.59.0 OK for: rollup@4.59.0 want: 4.59.0
2109 silly placeDep ROOT @rollup/rollup-linux-s390x-gnu@4.59.0 OK for: rollup@4.59.0 want: 4.59.0
2110 silly placeDep ROOT @rollup/rollup-linux-x64-gnu@4.59.0 OK for: rollup@4.59.0 want: 4.59.0
2111 silly placeDep ROOT @rollup/rollup-linux-x64-musl@4.59.0 OK for: rollup@4.59.0 want: 4.59.0
2112 silly placeDep ROOT @rollup/rollup-openbsd-x64@4.59.0 OK for: rollup@4.59.0 want: 4.59.0
2113 silly placeDep ROOT @rollup/rollup-openharmony-arm64@4.59.0 OK for: rollup@4.59.0 want: 4.59.0
2114 silly placeDep ROOT @rollup/rollup-win32-arm64-msvc@4.59.0 OK for: rollup@4.59.0 want: 4.59.0
2115 silly placeDep ROOT @rollup/rollup-win32-ia32-msvc@4.59.0 OK for: rollup@4.59.0 want: 4.59.0
2116 silly placeDep ROOT @rollup/rollup-win32-x64-gnu@4.59.0 OK for: rollup@4.59.0 want: 4.59.0
2117 silly placeDep ROOT @rollup/rollup-win32-x64-msvc@4.59.0 OK for: rollup@4.59.0 want: 4.59.0
2118 silly placeDep ROOT @types/estree@1.0.8 OK for: rollup@4.59.0 want: 1.0.8
2119 silly reify moves {}
2120 silly audit bulk request {
2120 silly audit   '@emotion/react': [ '11.14.0' ],
2120 silly audit   react: [ '18.3.1' ],
2120 silly audit   '@emotion/styled': [ '11.14.1' ],
2120 silly audit   '@mui/icons-material': [ '7.3.5' ],
2120 silly audit   '@mui/material': [ '7.3.5' ],
2120 silly audit   'react-dom': [ '18.3.1' ],
2120 silly audit   '@popperjs/core': [ '2.11.8' ],
2120 silly audit   '@radix-ui/react-accordion': [ '1.2.3' ],
2120 silly audit   '@radix-ui/react-alert-dialog': [ '1.1.6' ],
2120 silly audit   '@radix-ui/react-aspect-ratio': [ '1.1.2' ],
2120 silly audit   '@radix-ui/react-avatar': [ '1.1.3' ],
2120 silly audit   '@radix-ui/react-checkbox': [ '1.1.4' ],
2120 silly audit   '@radix-ui/react-collapsible': [ '1.1.3' ],
2120 silly audit   '@radix-ui/react-context-menu': [ '2.2.6' ],
2120 silly audit   '@radix-ui/react-dialog': [ '1.1.6' ],
2120 silly audit   '@radix-ui/react-dropdown-menu': [ '2.1.6' ],
2120 silly audit   '@radix-ui/react-hover-card': [ '1.1.6' ],
2120 silly audit   '@radix-ui/react-label': [ '2.1.2' ],
2120 silly audit   '@radix-ui/react-menubar': [ '1.1.6' ],
2120 silly audit   '@radix-ui/react-navigation-menu': [ '1.2.5' ],
2120 silly audit   '@radix-ui/react-popover': [ '1.1.6' ],
2120 silly audit   '@radix-ui/react-progress': [ '1.1.2' ],
2120 silly audit   '@radix-ui/react-radio-group': [ '1.2.3' ],
2120 silly audit   '@radix-ui/react-scroll-area': [ '1.2.3' ],
2120 silly audit   '@radix-ui/react-select': [ '2.1.6' ],
2120 silly audit   '@radix-ui/react-separator': [ '1.1.2' ],
2120 silly audit   '@radix-ui/react-slider': [ '1.2.3' ],
2120 silly audit   '@radix-ui/react-slot': [ '1.1.2' ],
2120 silly audit   '@radix-ui/react-switch': [ '1.1.3' ],
2120 silly audit   '@radix-ui/react-tabs': [ '1.1.3' ],
2120 silly audit   '@radix-ui/react-toggle': [ '1.1.2' ],
2120 silly audit   '@radix-ui/react-toggle-group': [ '1.1.2' ],
2120 silly audit   '@radix-ui/react-tooltip': [ '1.1.8' ],
2120 silly audit   '@tailwindcss/vite': [ '4.1.12' ],
2120 silly audit   vite: [ '6.3.5' ],
2120 silly audit   '@vitejs/plugin-react': [ '4.7.0' ],
2120 silly audit   'canvas-confetti': [ '1.9.4' ],
2120 silly audit   'class-variance-authority': [ '0.7.1' ],
2120 silly audit   clsx: [ '2.1.1' ],
2120 silly audit   cmdk: [ '1.1.1' ],
2120 silly audit   'date-fns': [ '3.6.0' ],
2120 silly audit   'embla-carousel-react': [ '8.6.0' ],
2120 silly audit   'input-otp': [ '1.4.2' ],
2120 silly audit   'lucide-react': [ '0.487.0' ],
2120 silly audit   motion: [ '12.23.24' ],
2120 silly audit   'next-themes': [ '0.4.6' ],
2120 silly audit   'react-day-picker': [ '8.10.1' ],
2120 silly audit   'react-dnd': [ '16.0.1' ],
2120 silly audit   'react-dnd-html5-backend': [ '16.0.1' ],
2120 silly audit   'react-hook-form': [ '7.55.0' ],
2120 silly audit   'react-popper': [ '2.3.0' ],
2120 silly audit   'react-resizable-panels': [ '2.1.7' ],
2120 silly audit   'react-responsive-masonry': [ '2.7.1' ],
2120 silly audit   'react-router': [ '7.13.0' ],
2120 silly audit   'react-slick': [ '0.31.0' ],
2120 silly audit   recharts: [ '2.15.2' ],
2120 silly audit   sonner: [ '2.0.3' ],
2120 silly audit   'tailwind-merge': [ '3.2.0' ],
2120 silly audit   tailwindcss: [ '4.1.12' ],
2120 silly audit   'tw-animate-css': [ '1.3.8' ],
2120 silly audit   vaul: [ '1.1.2' ],
2120 silly audit   '@babel/runtime': [ '7.29.2' ],
2120 silly audit   '@emotion/babel-plugin': [ '11.13.5' ],
2120 silly audit   '@emotion/cache': [ '11.14.0' ],
2120 silly audit   '@emotion/serialize': [ '1.3.3' ],
2120 silly audit   '@emotion/use-insertion-effect-with-fallbacks': [ '1.2.0' ],
2120 silly audit   '@emotion/utils': [ '1.4.2' ],
2120 silly audit   '@emotion/weak-memoize': [ '0.4.0' ],
2120 silly audit   'hoist-non-react-statics': [ '3.3.2' ],
2120 silly audit   '@babel/helper-module-imports': [ '7.28.6' ],
2120 silly audit   '@emotion/hash': [ '0.9.2' ],
2120 silly audit   '@emotion/memoize': [ '0.9.0' ],
2120 silly audit   'babel-plugin-macros': [ '3.1.0' ],
2120 silly audit   'convert-source-map': [ '1.9.0', '2.0.0' ],
2120 silly audit   'escape-string-regexp': [ '4.0.0' ],
2120 silly audit   'find-root': [ '1.1.0' ],
2120 silly audit   'source-map': [ '0.5.7' ],
2120 silly audit   stylis: [ '4.2.0' ],
2120 silly audit   '@babel/traverse': [ '7.29.0' ],
2120 silly audit   '@babel/types': [ '7.29.0' ],
2120 silly audit   '@babel/code-frame': [ '7.29.0' ],
2120 silly audit   '@babel/generator': [ '7.29.1' ],
2120 silly audit   '@babel/helper-globals': [ '7.28.0' ],
2120 silly audit   '@babel/parser': [ '7.29.2' ],
2120 silly audit   '@babel/template': [ '7.28.6' ],
2120 silly audit   debug: [ '4.4.3' ],
2120 silly audit   '@babel/helper-validator-identifier': [ '7.28.5' ],
2120 silly audit   'js-tokens': [ '4.0.0' ],
2120 silly audit   picocolors: [ '1.1.1' ],
2120 silly audit   '@jridgewell/gen-mapping': [ '0.3.13' ],
2120 silly audit   '@jridgewell/trace-mapping': [ '0.3.31' ],
2120 silly audit   jsesc: [ '3.1.0' ],
2120 silly audit   '@babel/helper-string-parser': [ '7.27.1' ],
2120 silly audit   '@emotion/sheet': [ '1.4.0' ],
2120 silly audit   '@emotion/unitless': [ '0.10.0' ],
2120 silly audit   csstype: [ '3.2.3' ],
2120 silly audit   '@emotion/is-prop-valid': [ '1.4.0' ],
2120 silly audit   '@jridgewell/sourcemap-codec': [ '1.5.5' ],
2120 silly audit   '@jridgewell/resolve-uri': [ '3.1.2' ],
2120 silly audit   '@mui/core-downloads-tracker': [ '7.3.9' ],
2120 silly audit   '@mui/system': [ '7.3.9' ],
2120 silly audit   '@mui/types': [ '7.4.12' ],
2120 silly audit   '@mui/utils': [ '7.3.9' ],
2120 silly audit   '@types/react-transition-group': [ '4.4.12' ],
2120 silly audit   '@types/react': [ '19.2.14' ],
2120 silly audit   'prop-types': [ '15.8.1' ],
2120 silly audit   'react-is': [ '19.2.4', '16.13.1', '18.3.1' ],
2120 silly audit   'react-transition-group': [ '4.4.5' ],
2120 silly audit   '@mui/private-theming': [ '7.3.9' ],
2120 silly audit   '@mui/styled-engine': [ '7.3.9' ],
2120 silly audit   '@types/prop-types': [ '15.7.15' ],
2120 silly audit   '@radix-ui/primitive': [ '1.1.1' ],
2120 silly audit   '@radix-ui/react-collection': [ '1.1.2' ],
2120 silly audit   '@radix-ui/react-compose-refs': [ '1.1.1' ],
2120 silly audit   '@radix-ui/react-context': [ '1.1.1' ],
2120 silly audit   '@radix-ui/react-direction': [ '1.1.0' ],
2120 silly audit   '@radix-ui/react-id': [ '1.1.0' ],
2120 silly audit   '@radix-ui/react-primitive': [ '2.0.2' ],
2120 silly audit   '@radix-ui/react-use-controllable-state': [ '1.1.0' ],
2120 silly audit   '@radix-ui/react-use-callback-ref': [ '1.1.0' ],
2120 silly audit   '@radix-ui/react-use-layout-effect': [ '1.1.0' ],
2120 silly audit   '@radix-ui/react-presence': [ '1.1.2' ],
2120 silly audit   '@radix-ui/react-use-previous': [ '1.1.0' ],
2120 silly audit   '@radix-ui/react-use-size': [ '1.1.0' ],
2120 silly audit   '@radix-ui/react-menu': [ '2.1.6' ],
2120 silly audit   '@radix-ui/react-dismissable-layer': [ '1.1.5' ],
2120 silly audit   '@radix-ui/react-focus-guards': [ '1.1.1' ],
2120 silly audit   '@radix-ui/react-focus-scope': [ '1.1.2' ],
2120 silly audit   '@radix-ui/react-portal': [ '1.1.4' ],
2120 silly audit   'aria-hidden': [ '1.2.6' ],
2120 silly audit   'react-remove-scroll': [ '2.7.2' ],
2120 silly audit   '@radix-ui/react-use-escape-keydown': [ '1.1.0' ],
2120 silly audit   '@radix-ui/react-popper': [ '1.2.2' ],
2120 silly audit   '@radix-ui/react-roving-focus': [ '1.1.2' ],
2120 silly audit   '@radix-ui/react-visually-hidden': [ '1.1.2' ],
2120 silly audit   '@floating-ui/react-dom': [ '2.1.8' ],
2120 silly audit   '@radix-ui/react-arrow': [ '1.1.2' ],
2120 silly audit   '@radix-ui/react-use-rect': [ '1.1.0' ],
2120 silly audit   '@radix-ui/rect': [ '1.1.0' ],
2120 silly audit   '@floating-ui/dom': [ '1.7.6' ],
2120 silly audit   '@floating-ui/core': [ '1.7.5' ],
2120 silly audit   '@floating-ui/utils': [ '0.2.11' ],
2120 silly audit   '@radix-ui/number': [ '1.1.0' ],
2120 silly audit   '@tailwindcss/node': [ '4.1.12' ],
2120 silly audit   '@tailwindcss/oxide': [ '4.1.12' ],
2120 silly audit   '@jridgewell/remapping': [ '2.3.5' ],
2120 silly audit   'enhanced-resolve': [ '5.20.1' ],
2120 silly audit   jiti: [ '2.6.1' ],
2120 silly audit   lightningcss: [ '1.30.1' ],
2120 silly audit   'magic-string': [ '0.30.21' ],
2120 silly audit   'source-map-js': [ '1.2.1' ],
2120 silly audit   '@tailwindcss/oxide-android-arm64': [ '4.1.12' ],
2120 silly audit   '@tailwindcss/oxide-darwin-arm64': [ '4.1.12' ],
2120 silly audit   '@tailwindcss/oxide-darwin-x64': [ '4.1.12' ],
2120 silly audit   '@tailwindcss/oxide-freebsd-x64': [ '4.1.12' ],
2120 silly audit   '@tailwindcss/oxide-linux-arm-gnueabihf': [ '4.1.12' ],
2120 silly audit   '@tailwindcss/oxide-linux-arm64-gnu': [ '4.1.12' ],
2120 silly audit   '@tailwindcss/oxide-linux-arm64-musl': [ '4.1.12' ],
2120 silly audit   '@tailwindcss/oxide-linux-x64-gnu': [ '4.1.12' ],
2120 silly audit   '@tailwindcss/oxide-linux-x64-musl': [ '4.1.12' ],
2120 silly audit   '@tailwindcss/oxide-wasm32-wasi': [ '4.1.12' ],
2120 silly audit   '@tailwindcss/oxide-win32-arm64-msvc': [ '4.1.12' ],
2120 silly audit   '@tailwindcss/oxide-win32-x64-msvc': [ '4.1.12' ],
2120 silly audit   'detect-libc': [ '2.1.2' ],
2120 silly audit   tar: [ '7.5.12' ],
2120 silly audit   '@babel/core': [ '7.29.0' ],
2120 silly audit   '@babel/plugin-transform-react-jsx-self': [ '7.27.1' ],
2120 silly audit   '@babel/plugin-transform-react-jsx-source': [ '7.27.1' ],
2120 silly audit   '@rolldown/pluginutils': [ '1.0.0-beta.27' ],
2120 silly audit   '@types/babel__core': [ '7.20.5' ],
2120 silly audit   'react-refresh': [ '0.17.0' ],
2120 silly audit   '@babel/helper-compilation-targets': [ '7.28.6' ],
2120 silly audit   '@babel/helper-module-transforms': [ '7.28.6' ],
2120 silly audit   '@babel/helpers': [ '7.29.2' ],
2120 silly audit   gensync: [ '1.0.0-beta.2' ],
2120 silly audit   json5: [ '2.2.3' ],
2120 silly audit   semver: [ '6.3.1' ],
2120 silly audit   '@babel/compat-data': [ '7.29.0' ],
2120 silly audit   '@babel/helper-validator-option': [ '7.27.1' ],
2120 silly audit   browserslist: [ '4.28.1' ],
2120 silly audit   'lru-cache': [ '5.1.1' ],
2120 silly audit   '@babel/helper-plugin-utils': [ '7.28.6' ],
2120 silly audit   '@types/babel__generator': [ '7.27.0' ],
2120 silly audit   '@types/babel__template': [ '7.4.4' ],
2120 silly audit   '@types/babel__traverse': [ '7.28.0' ],
2120 silly audit   tslib: [ '2.8.1' ],
2120 silly audit   cosmiconfig: [ '7.1.0' ],
2120 silly audit   resolve: [ '1.22.11' ],
2120 silly audit   'baseline-browser-mapping': [ '2.10.9' ],
2120 silly audit   'caniuse-lite': [ '1.0.30001780' ],
2120 silly audit   'electron-to-chromium': [ '1.5.321' ],
2120 silly audit   'node-releases': [ '2.0.36' ],
2120 silly audit   'update-browserslist-db': [ '1.2.3' ],
2120 silly audit   '@types/parse-json': [ '4.0.2' ],
2120 silly audit   'import-fresh': [ '3.3.1' ],
2120 silly audit   'parse-json': [ '5.2.0' ],
2120 silly audit   'path-type': [ '4.0.0' ],
2120 silly audit   ms: [ '2.1.3' ],
2120 silly audit   'embla-carousel': [ '8.6.0' ],
2120 silly audit   'embla-carousel-reactive-utils': [ '8.6.0' ],
2120 silly audit   'graceful-fs': [ '4.2.11' ],
2120 silly audit   tapable: [ '2.3.0' ],
2120 silly audit   'parent-module': [ '1.0.1' ],
2120 silly audit   'resolve-from': [ '4.0.0' ],
2120 silly audit   'lightningcss-darwin-arm64': [ '1.30.1' ],
2120 silly audit   'lightningcss-darwin-x64': [ '1.30.1' ],
2120 silly audit   'lightningcss-freebsd-x64': [ '1.30.1' ],
2120 silly audit   'lightningcss-linux-arm-gnueabihf': [ '1.30.1' ],
2120 silly audit   'lightningcss-linux-arm64-gnu': [ '1.30.1' ],
2120 silly audit   'lightningcss-linux-arm64-musl': [ '1.30.1' ],
2120 silly audit   'lightningcss-linux-x64-gnu': [ '1.30.1' ],
2120 silly audit   'lightningcss-linux-x64-musl': [ '1.30.1' ],
2120 silly audit   'lightningcss-win32-arm64-msvc': [ '1.30.1' ],
2120 silly audit   'lightningcss-win32-x64-msvc': [ '1.30.1' ],
2120 silly audit   yallist: [ '3.1.1', '5.0.0' ],
2120 silly audit   'framer-motion': [ '12.38.0' ],
2120 silly audit   'motion-dom': [ '12.38.0' ],
2120 silly audit   'motion-utils': [ '12.36.0' ],
2120 silly audit   callsites: [ '3.1.0' ],
2120 silly audit   'error-ex': [ '1.3.4' ],
2120 silly audit   'json-parse-even-better-errors': [ '2.3.1' ],
2120 silly audit   'lines-and-columns': [ '1.2.4' ],
2120 silly audit   'is-arrayish': [ '0.2.1' ],
2120 silly audit   'loose-envify': [ '1.4.0' ],
2120 silly audit   'object-assign': [ '4.1.1' ],
2120 silly audit   '@react-dnd/invariant': [ '4.0.2' ],
2120 silly audit   '@react-dnd/shallowequal': [ '4.0.2' ],
2120 silly audit   'dnd-core': [ '16.0.1' ],
2120 silly audit   'fast-deep-equal': [ '3.1.3' ],
2120 silly audit   '@react-dnd/asap': [ '5.0.2' ],
2120 silly audit   redux: [ '4.2.1' ],
2120 silly audit   scheduler: [ '0.23.2' ],
2120 silly audit   'react-fast-compare': [ '3.2.2' ],
2120 silly audit   warning: [ '4.0.3' ],
2120 silly audit   'react-remove-scroll-bar': [ '2.3.8' ],
2120 silly audit   'react-style-singleton': [ '2.2.3' ],
2120 silly audit   'use-callback-ref': [ '1.3.3' ],
2120 silly audit   'use-sidecar': [ '1.1.3' ],
2120 silly audit   cookie: [ '1.1.1' ],
2120 silly audit   'set-cookie-parser': [ '2.7.2' ],
2120 silly audit   classnames: [ '2.5.1' ],
2120 silly audit   json2mq: [ '0.2.0' ],
2120 silly audit   'lodash.debounce': [ '4.0.8' ],
2120 silly audit   'resize-observer-polyfill': [ '1.5.1' ],
2120 silly audit   'string-convert': [ '0.2.1' ],
2120 silly audit   'get-nonce': [ '1.0.1' ],
2120 silly audit   'dom-helpers': [ '5.2.1' ],
2120 silly audit   eventemitter3: [ '4.0.7' ],
2120 silly audit   lodash: [ '4.17.23' ],
2120 silly audit   'react-smooth': [ '4.0.4' ],
2120 silly audit   'recharts-scale': [ '0.4.5' ],
2120 silly audit   'tiny-invariant': [ '1.3.3' ],
2120 silly audit   'victory-vendor': [ '36.9.2' ],
2120 silly audit   'fast-equals': [ '5.4.0' ],
2120 silly audit   'decimal.js-light': [ '2.5.1' ],
2120 silly audit   'is-core-module': [ '2.16.1' ],
2120 silly audit   'path-parse': [ '1.0.7' ],
2120 silly audit   'supports-preserve-symlinks-flag': [ '1.0.0' ],
2120 silly audit   hasown: [ '2.0.2' ],
2120 silly audit   'function-bind': [ '1.1.2' ],
2120 silly audit   '@isaacs/fs-minipass': [ '4.0.1' ],
2120 silly audit   chownr: [ '3.0.0' ],
2120 silly audit   minipass: [ '7.1.3' ],
2120 silly audit   minizlib: [ '3.1.0' ],
2120 silly audit   escalade: [ '3.2.0' ],
2120 silly audit   'detect-node-es': [ '1.1.0' ],
2120 silly audit   '@types/d3-array': [ '3.2.2' ],
2120 silly audit   '@types/d3-ease': [ '3.0.2' ],
2120 silly audit   '@types/d3-interpolate': [ '3.0.4' ],
2120 silly audit   '@types/d3-scale': [ '4.0.9' ],
2120 silly audit   '@types/d3-shape': [ '3.1.8' ],
2120 silly audit   '@types/d3-time': [ '3.0.4' ],
2120 silly audit   '@types/d3-timer': [ '3.0.2' ],
2120 silly audit   'd3-array': [ '3.2.4' ],
2120 silly audit   'd3-ease': [ '3.0.1' ],
2120 silly audit   'd3-interpolate': [ '3.0.1' ],
2120 silly audit   'd3-scale': [ '4.0.2' ],
2120 silly audit   'd3-shape': [ '3.2.0' ],
2120 silly audit   'd3-time': [ '3.1.0' ],
2120 silly audit   'd3-timer': [ '3.0.1' ],
2120 silly audit   '@types/d3-color': [ '3.1.3' ],
2120 silly audit   '@types/d3-path': [ '3.1.1' ],
2120 silly audit   internmap: [ '2.0.3' ],
2120 silly audit   'd3-color': [ '3.1.0' ],
2120 silly audit   'd3-format': [ '3.1.2' ],
2120 silly audit   'd3-time-format': [ '4.1.0' ],
2120 silly audit   'd3-path': [ '3.1.0' ],
2120 silly audit   esbuild: [ '0.25.12' ],
2120 silly audit   fdir: [ '6.5.0' ],
2120 silly audit   fsevents: [ '2.3.3' ],
2120 silly audit   picomatch: [ '4.0.3' ],
2120 silly audit   postcss: [ '8.5.8' ],
2120 silly audit   rollup: [ '4.59.0' ],
2120 silly audit   tinyglobby: [ '0.2.15' ],
2120 silly audit   yaml: [ '2.8.2', '1.10.2' ],
2120 silly audit   '@esbuild/aix-ppc64': [ '0.25.12' ],
2120 silly audit   '@esbuild/android-arm': [ '0.25.12' ],
2120 silly audit   '@esbuild/android-arm64': [ '0.25.12' ],
2120 silly audit   '@esbuild/android-x64': [ '0.25.12' ],
2120 silly audit   '@esbuild/darwin-arm64': [ '0.25.12' ],
2120 silly audit   '@esbuild/darwin-x64': [ '0.25.12' ],
2120 silly audit   '@esbuild/freebsd-arm64': [ '0.25.12' ],
2120 silly audit   '@esbuild/freebsd-x64': [ '0.25.12' ],
2120 silly audit   '@esbuild/linux-arm': [ '0.25.12' ],
2120 silly audit   '@esbuild/linux-arm64': [ '0.25.12' ],
2120 silly audit   '@esbuild/linux-ia32': [ '0.25.12' ],
2120 silly audit   '@esbuild/linux-loong64': [ '0.25.12' ],
2120 silly audit   '@esbuild/linux-mips64el': [ '0.25.12' ],
2120 silly audit   '@esbuild/linux-ppc64': [ '0.25.12' ],
2120 silly audit   '@esbuild/linux-riscv64': [ '0.25.12' ],
2120 silly audit   '@esbuild/linux-s390x': [ '0.25.12' ],
2120 silly audit   '@esbuild/linux-x64': [ '0.25.12' ],
2120 silly audit   '@esbuild/netbsd-arm64': [ '0.25.12' ],
2120 silly audit   '@esbuild/netbsd-x64': [ '0.25.12' ],
2120 silly audit   '@esbuild/openbsd-arm64': [ '0.25.12' ],
2120 silly audit   '@esbuild/openbsd-x64': [ '0.25.12' ],
2120 silly audit   '@esbuild/openharmony-arm64': [ '0.25.12' ],
2120 silly audit   '@esbuild/sunos-x64': [ '0.25.12' ],
2120 silly audit   '@esbuild/win32-arm64': [ '0.25.12' ],
2120 silly audit   '@esbuild/win32-ia32': [ '0.25.12' ],
2120 silly audit   '@esbuild/win32-x64': [ '0.25.12' ],
2120 silly audit   nanoid: [ '3.3.11' ],
2120 silly audit   '@rollup/rollup-android-arm-eabi': [ '4.59.0' ],
2120 silly audit   '@rollup/rollup-android-arm64': [ '4.59.0' ],
2120 silly audit   '@rollup/rollup-darwin-arm64': [ '4.59.0' ],
2120 silly audit   '@rollup/rollup-darwin-x64': [ '4.59.0' ],
2120 silly audit   '@rollup/rollup-freebsd-arm64': [ '4.59.0' ],
2120 silly audit   '@rollup/rollup-freebsd-x64': [ '4.59.0' ],
2120 silly audit   '@rollup/rollup-linux-arm-gnueabihf': [ '4.59.0' ],
2120 silly audit   '@rollup/rollup-linux-arm-musleabihf': [ '4.59.0' ],
2120 silly audit   '@rollup/rollup-linux-arm64-gnu': [ '4.59.0' ],
2120 silly audit   '@rollup/rollup-linux-arm64-musl': [ '4.59.0' ],
2120 silly audit   '@rollup/rollup-linux-loong64-gnu': [ '4.59.0' ],
2120 silly audit   '@rollup/rollup-linux-loong64-musl': [ '4.59.0' ],
2120 silly audit   '@rollup/rollup-linux-ppc64-gnu': [ '4.59.0' ],
2120 silly audit   '@rollup/rollup-linux-ppc64-musl': [ '4.59.0' ],
2120 silly audit   '@rollup/rollup-linux-riscv64-gnu': [ '4.59.0' ],
2120 silly audit   '@rollup/rollup-linux-riscv64-musl': [ '4.59.0' ],
2120 silly audit   '@rollup/rollup-linux-s390x-gnu': [ '4.59.0' ],
2120 silly audit   '@rollup/rollup-linux-x64-gnu': [ '4.59.0' ],
2120 silly audit   '@rollup/rollup-linux-x64-musl': [ '4.59.0' ],
2120 silly audit   '@rollup/rollup-openbsd-x64': [ '4.59.0' ],
2120 silly audit   '@rollup/rollup-openharmony-arm64': [ '4.59.0' ],
2120 silly audit   '@rollup/rollup-win32-arm64-msvc': [ '4.59.0' ],
2120 silly audit   '@rollup/rollup-win32-ia32-msvc': [ '4.59.0' ],
2120 silly audit   '@rollup/rollup-win32-x64-gnu': [ '4.59.0' ],
2120 silly audit   '@rollup/rollup-win32-x64-msvc': [ '4.59.0' ],
2120 silly audit   '@types/estree': [ '1.0.8' ]
2120 silly audit }
2121 http cache @types/estree@https://registry.npmjs.org/@types/estree/-/estree-1.0.8.tgz 0ms (cache hit)
2122 http cache @rollup/rollup-darwin-arm64@https://registry.npmjs.org/@rollup/rollup-darwin-arm64/-/rollup-darwin-arm64-4.59.0.tgz 0ms (cache hit)
2123 http cache yaml@https://registry.npmjs.org/yaml/-/yaml-2.8.2.tgz 0ms (cache hit)
2124 http cache tinyglobby@https://registry.npmjs.org/tinyglobby/-/tinyglobby-0.2.15.tgz 0ms (cache hit)
2125 http cache nanoid@https://registry.npmjs.org/nanoid/-/nanoid-3.3.11.tgz 0ms (cache hit)
2126 http cache rollup@https://registry.npmjs.org/rollup/-/rollup-4.59.0.tgz 0ms (cache hit)
2127 http cache postcss@https://registry.npmjs.org/postcss/-/postcss-8.5.8.tgz 0ms (cache hit)
2128 http cache picomatch@https://registry.npmjs.org/picomatch/-/picomatch-4.0.3.tgz 0ms (cache hit)
2129 http cache fdir@https://registry.npmjs.org/fdir/-/fdir-6.5.0.tgz 0ms (cache hit)
2130 http cache fsevents@https://registry.npmjs.org/fsevents/-/fsevents-2.3.3.tgz 0ms (cache hit)
2131 http cache esbuild@https://registry.npmjs.org/esbuild/-/esbuild-0.25.12.tgz 0ms (cache hit)
2132 http cache d3-path@https://registry.npmjs.org/d3-path/-/d3-path-3.1.0.tgz 0ms (cache hit)
2133 http cache d3-time-format@https://registry.npmjs.org/d3-time-format/-/d3-time-format-4.1.0.tgz 0ms (cache hit)
2134 http cache d3-color@https://registry.npmjs.org/d3-color/-/d3-color-3.1.0.tgz 0ms (cache hit)
2135 http cache d3-format@https://registry.npmjs.org/d3-format/-/d3-format-3.1.2.tgz 0ms (cache hit)
2136 http cache @types/d3-path@https://registry.npmjs.org/@types/d3-path/-/d3-path-3.1.1.tgz 0ms (cache hit)
2137 http cache @types/d3-color@https://registry.npmjs.org/@types/d3-color/-/d3-color-3.1.3.tgz 0ms (cache hit)
2138 http cache d3-time@https://registry.npmjs.org/d3-time/-/d3-time-3.1.0.tgz 0ms (cache hit)
2139 http cache d3-timer@https://registry.npmjs.org/d3-timer/-/d3-timer-3.0.1.tgz 0ms (cache hit)
2140 http cache d3-shape@https://registry.npmjs.org/d3-shape/-/d3-shape-3.2.0.tgz 0ms (cache hit)
2141 http cache d3-scale@https://registry.npmjs.org/d3-scale/-/d3-scale-4.0.2.tgz 0ms (cache hit)
2142 http cache @esbuild/darwin-arm64@https://registry.npmjs.org/@esbuild/darwin-arm64/-/darwin-arm64-0.25.12.tgz 0ms (cache hit)
2143 http cache d3-interpolate@https://registry.npmjs.org/d3-interpolate/-/d3-interpolate-3.0.1.tgz 0ms (cache hit)
2144 http cache d3-array@https://registry.npmjs.org/d3-array/-/d3-array-3.2.4.tgz 0ms (cache hit)
2145 http cache d3-ease@https://registry.npmjs.org/d3-ease/-/d3-ease-3.0.1.tgz 0ms (cache hit)
2146 http cache @types/d3-timer@https://registry.npmjs.org/@types/d3-timer/-/d3-timer-3.0.2.tgz 0ms (cache hit)
2147 http cache @types/d3-shape@https://registry.npmjs.org/@types/d3-shape/-/d3-shape-3.1.8.tgz 0ms (cache hit)
2148 http cache @types/d3-ease@https://registry.npmjs.org/@types/d3-ease/-/d3-ease-3.0.2.tgz 0ms (cache hit)
2149 http cache @types/d3-time@https://registry.npmjs.org/@types/d3-time/-/d3-time-3.0.4.tgz 0ms (cache hit)
2150 http cache @types/d3-scale@https://registry.npmjs.org/@types/d3-scale/-/d3-scale-4.0.9.tgz 0ms (cache hit)
2151 http cache @types/d3-interpolate@https://registry.npmjs.org/@types/d3-interpolate/-/d3-interpolate-3.0.4.tgz 0ms (cache hit)
2152 http cache @types/d3-array@https://registry.npmjs.org/@types/d3-array/-/d3-array-3.2.2.tgz 0ms (cache hit)
2153 http cache escalade@https://registry.npmjs.org/escalade/-/escalade-3.2.0.tgz 0ms (cache hit)
2154 http cache @isaacs/fs-minipass@https://registry.npmjs.org/@isaacs/fs-minipass/-/fs-minipass-4.0.1.tgz 0ms (cache hit)
2155 http cache detect-node-es@https://registry.npmjs.org/detect-node-es/-/detect-node-es-1.1.0.tgz 0ms (cache hit)
2156 http cache minipass@https://registry.npmjs.org/minipass/-/minipass-7.1.3.tgz 0ms (cache hit)
2157 http cache internmap@https://registry.npmjs.org/internmap/-/internmap-2.0.3.tgz 0ms (cache hit)
2158 http cache minizlib@https://registry.npmjs.org/minizlib/-/minizlib-3.1.0.tgz 0ms (cache hit)
2159 http cache chownr@https://registry.npmjs.org/chownr/-/chownr-3.0.0.tgz 0ms (cache hit)
2160 http cache path-parse@https://registry.npmjs.org/path-parse/-/path-parse-1.0.7.tgz 0ms (cache hit)
2161 http cache function-bind@https://registry.npmjs.org/function-bind/-/function-bind-1.1.2.tgz 0ms (cache hit)
2162 http cache is-core-module@https://registry.npmjs.org/is-core-module/-/is-core-module-2.16.1.tgz 0ms (cache hit)
2163 http cache decimal.js-light@https://registry.npmjs.org/decimal.js-light/-/decimal.js-light-2.5.1.tgz 0ms (cache hit)
2164 http cache fast-equals@https://registry.npmjs.org/fast-equals/-/fast-equals-5.4.0.tgz 0ms (cache hit)
2165 http cache supports-preserve-symlinks-flag@https://registry.npmjs.org/supports-preserve-symlinks-flag/-/supports-preserve-symlinks-flag-1.0.0.tgz 0ms (cache hit)
2166 http cache victory-vendor@https://registry.npmjs.org/victory-vendor/-/victory-vendor-36.9.2.tgz 0ms (cache hit)
2167 http cache tiny-invariant@https://registry.npmjs.org/tiny-invariant/-/tiny-invariant-1.3.3.tgz 0ms (cache hit)
2168 http cache react-smooth@https://registry.npmjs.org/react-smooth/-/react-smooth-4.0.4.tgz 0ms (cache hit)
2169 http cache lodash@https://registry.npmjs.org/lodash/-/lodash-4.17.23.tgz 0ms (cache hit)
2170 http cache eventemitter3@https://registry.npmjs.org/eventemitter3/-/eventemitter3-4.0.7.tgz 0ms (cache hit)
2171 http cache recharts-scale@https://registry.npmjs.org/recharts-scale/-/recharts-scale-0.4.5.tgz 0ms (cache hit)
2172 http cache dom-helpers@https://registry.npmjs.org/dom-helpers/-/dom-helpers-5.2.1.tgz 0ms (cache hit)
2173 http cache string-convert@https://registry.npmjs.org/string-convert/-/string-convert-0.2.1.tgz 0ms (cache hit)
2174 http cache get-nonce@https://registry.npmjs.org/get-nonce/-/get-nonce-1.0.1.tgz 0ms (cache hit)
2175 http cache lodash.debounce@https://registry.npmjs.org/lodash.debounce/-/lodash.debounce-4.0.8.tgz 0ms (cache hit)
2176 http cache json2mq@https://registry.npmjs.org/json2mq/-/json2mq-0.2.0.tgz 0ms (cache hit)
2177 http cache resize-observer-polyfill@https://registry.npmjs.org/resize-observer-polyfill/-/resize-observer-polyfill-1.5.1.tgz 0ms (cache hit)
2178 http cache set-cookie-parser@https://registry.npmjs.org/set-cookie-parser/-/set-cookie-parser-2.7.2.tgz 0ms (cache hit)
2179 http cache react-remove-scroll-bar@https://registry.npmjs.org/react-remove-scroll-bar/-/react-remove-scroll-bar-2.3.8.tgz 0ms (cache hit)
2180 http cache classnames@https://registry.npmjs.org/classnames/-/classnames-2.5.1.tgz 0ms (cache hit)
2181 http cache cookie@https://registry.npmjs.org/cookie/-/cookie-1.1.1.tgz 0ms (cache hit)
2182 http cache react-style-singleton@https://registry.npmjs.org/react-style-singleton/-/react-style-singleton-2.2.3.tgz 0ms (cache hit)
2183 http cache use-callback-ref@https://registry.npmjs.org/use-callback-ref/-/use-callback-ref-1.3.3.tgz 0ms (cache hit)
2184 http cache use-sidecar@https://registry.npmjs.org/use-sidecar/-/use-sidecar-1.1.3.tgz 0ms (cache hit)
2185 http cache warning@https://registry.npmjs.org/warning/-/warning-4.0.3.tgz 0ms (cache hit)
2186 http cache react-fast-compare@https://registry.npmjs.org/react-fast-compare/-/react-fast-compare-3.2.2.tgz 0ms (cache hit)
2187 http cache scheduler@https://registry.npmjs.org/scheduler/-/scheduler-0.23.2.tgz 0ms (cache hit)
2188 http cache redux@https://registry.npmjs.org/redux/-/redux-4.2.1.tgz 0ms (cache hit)
2189 http cache @react-dnd/asap@https://registry.npmjs.org/@react-dnd/asap/-/asap-5.0.2.tgz 0ms (cache hit)
2190 http cache dnd-core@https://registry.npmjs.org/dnd-core/-/dnd-core-16.0.1.tgz 0ms (cache hit)
2191 http cache @react-dnd/shallowequal@https://registry.npmjs.org/@react-dnd/shallowequal/-/shallowequal-4.0.2.tgz 0ms (cache hit)
2192 http cache hasown@https://registry.npmjs.org/hasown/-/hasown-2.0.2.tgz 0ms (cache hit)
2193 http cache fast-deep-equal@https://registry.npmjs.org/fast-deep-equal/-/fast-deep-equal-3.1.3.tgz 0ms (cache hit)
2194 http cache @react-dnd/invariant@https://registry.npmjs.org/@react-dnd/invariant/-/invariant-4.0.2.tgz 0ms (cache hit)
2195 http cache loose-envify@https://registry.npmjs.org/loose-envify/-/loose-envify-1.4.0.tgz 0ms (cache hit)
2196 http cache json-parse-even-better-errors@https://registry.npmjs.org/json-parse-even-better-errors/-/json-parse-even-better-errors-2.3.1.tgz 0ms (cache hit)
2197 http cache object-assign@https://registry.npmjs.org/object-assign/-/object-assign-4.1.1.tgz 0ms (cache hit)
2198 http cache is-arrayish@https://registry.npmjs.org/is-arrayish/-/is-arrayish-0.2.1.tgz 0ms (cache hit)
2199 http cache error-ex@https://registry.npmjs.org/error-ex/-/error-ex-1.3.4.tgz 0ms (cache hit)
2200 http cache lines-and-columns@https://registry.npmjs.org/lines-and-columns/-/lines-and-columns-1.2.4.tgz 0ms (cache hit)
2201 http cache framer-motion@https://registry.npmjs.org/framer-motion/-/framer-motion-12.38.0.tgz 0ms (cache hit)
2202 http cache callsites@https://registry.npmjs.org/callsites/-/callsites-3.1.0.tgz 0ms (cache hit)
2203 http cache motion-dom@https://registry.npmjs.org/motion-dom/-/motion-dom-12.38.0.tgz 0ms (cache hit)
2204 http cache motion-utils@https://registry.npmjs.org/motion-utils/-/motion-utils-12.36.0.tgz 0ms (cache hit)
2205 http cache lightningcss-darwin-arm64@https://registry.npmjs.org/lightningcss-darwin-arm64/-/lightningcss-darwin-arm64-1.30.1.tgz 0ms (cache hit)
2206 http cache resolve-from@https://registry.npmjs.org/resolve-from/-/resolve-from-4.0.0.tgz 0ms (cache hit)
2207 http cache yallist@https://registry.npmjs.org/yallist/-/yallist-3.1.1.tgz 0ms (cache hit)
2208 http cache graceful-fs@https://registry.npmjs.org/graceful-fs/-/graceful-fs-4.2.11.tgz 0ms (cache hit)
2209 http cache embla-carousel-reactive-utils@https://registry.npmjs.org/embla-carousel-reactive-utils/-/embla-carousel-reactive-utils-8.6.0.tgz 0ms (cache hit)
2210 http cache embla-carousel@https://registry.npmjs.org/embla-carousel/-/embla-carousel-8.6.0.tgz 0ms (cache hit)
2211 http cache tapable@https://registry.npmjs.org/tapable/-/tapable-2.3.0.tgz 0ms (cache hit)
2212 http cache ms@https://registry.npmjs.org/ms/-/ms-2.1.3.tgz 0ms (cache hit)
2213 http cache parse-json@https://registry.npmjs.org/parse-json/-/parse-json-5.2.0.tgz 0ms (cache hit)
2214 http cache path-type@https://registry.npmjs.org/path-type/-/path-type-4.0.0.tgz 0ms (cache hit)
2215 http cache @types/parse-json@https://registry.npmjs.org/@types/parse-json/-/parse-json-4.0.2.tgz 0ms (cache hit)
2216 http cache parent-module@https://registry.npmjs.org/parent-module/-/parent-module-1.0.1.tgz 0ms (cache hit)
2217 http cache import-fresh@https://registry.npmjs.org/import-fresh/-/import-fresh-3.3.1.tgz 0ms (cache hit)
2218 http cache update-browserslist-db@https://registry.npmjs.org/update-browserslist-db/-/update-browserslist-db-1.2.3.tgz 0ms (cache hit)
2219 http cache electron-to-chromium@https://registry.npmjs.org/electron-to-chromium/-/electron-to-chromium-1.5.321.tgz 0ms (cache hit)
2220 http cache baseline-browser-mapping@https://registry.npmjs.org/baseline-browser-mapping/-/baseline-browser-mapping-2.10.9.tgz 0ms (cache hit)
2221 http cache node-releases@https://registry.npmjs.org/node-releases/-/node-releases-2.0.36.tgz 0ms (cache hit)
2222 http cache caniuse-lite@https://registry.npmjs.org/caniuse-lite/-/caniuse-lite-1.0.30001780.tgz 0ms (cache hit)
2223 http cache cosmiconfig@https://registry.npmjs.org/cosmiconfig/-/cosmiconfig-7.1.0.tgz 0ms (cache hit)
2224 http cache resolve@https://registry.npmjs.org/resolve/-/resolve-1.22.11.tgz 0ms (cache hit)
2225 http cache @types/babel__traverse@https://registry.npmjs.org/@types/babel__traverse/-/babel__traverse-7.28.0.tgz 0ms (cache hit)
2226 http cache @types/babel__template@https://registry.npmjs.org/@types/babel__template/-/babel__template-7.4.4.tgz 0ms (cache hit)
2227 http cache tslib@https://registry.npmjs.org/tslib/-/tslib-2.8.1.tgz 0ms (cache hit)
2228 http cache @babel/helper-plugin-utils@https://registry.npmjs.org/@babel/helper-plugin-utils/-/helper-plugin-utils-7.28.6.tgz 0ms (cache hit)
2229 http cache lru-cache@https://registry.npmjs.org/lru-cache/-/lru-cache-5.1.1.tgz 0ms (cache hit)
2230 http cache @types/babel__generator@https://registry.npmjs.org/@types/babel__generator/-/babel__generator-7.27.0.tgz 0ms (cache hit)
2231 http cache browserslist@https://registry.npmjs.org/browserslist/-/browserslist-4.28.1.tgz 0ms (cache hit)
2232 http cache semver@https://registry.npmjs.org/semver/-/semver-6.3.1.tgz 0ms (cache hit)
2233 http cache @babel/helper-validator-option@https://registry.npmjs.org/@babel/helper-validator-option/-/helper-validator-option-7.27.1.tgz 1ms (cache hit)
2234 http cache @babel/compat-data@https://registry.npmjs.org/@babel/compat-data/-/compat-data-7.29.0.tgz 0ms (cache hit)
2235 http cache gensync@https://registry.npmjs.org/gensync/-/gensync-1.0.0-beta.2.tgz 0ms (cache hit)
2236 http cache @babel/helper-module-transforms@https://registry.npmjs.org/@babel/helper-module-transforms/-/helper-module-transforms-7.28.6.tgz 0ms (cache hit)
2237 http cache @babel/helper-compilation-targets@https://registry.npmjs.org/@babel/helper-compilation-targets/-/helper-compilation-targets-7.28.6.tgz 0ms (cache hit)
2238 http cache @types/babel__core@https://registry.npmjs.org/@types/babel__core/-/babel__core-7.20.5.tgz 0ms (cache hit)
2239 http cache @babel/helpers@https://registry.npmjs.org/@babel/helpers/-/helpers-7.29.2.tgz 0ms (cache hit)
2240 http cache react-refresh@https://registry.npmjs.org/react-refresh/-/react-refresh-0.17.0.tgz 0ms (cache hit)
2241 http cache json5@https://registry.npmjs.org/json5/-/json5-2.2.3.tgz 0ms (cache hit)
2242 http cache @babel/plugin-transform-react-jsx-self@https://registry.npmjs.org/@babel/plugin-transform-react-jsx-self/-/plugin-transform-react-jsx-self-7.27.1.tgz 0ms (cache hit)
2243 http cache @babel/plugin-transform-react-jsx-source@https://registry.npmjs.org/@babel/plugin-transform-react-jsx-source/-/plugin-transform-react-jsx-source-7.27.1.tgz 0ms (cache hit)
2244 http cache @babel/core@https://registry.npmjs.org/@babel/core/-/core-7.29.0.tgz 0ms (cache hit)
2245 http cache @rolldown/pluginutils@https://registry.npmjs.org/@rolldown/pluginutils/-/pluginutils-1.0.0-beta.27.tgz 0ms (cache hit)
2246 http cache detect-libc@https://registry.npmjs.org/detect-libc/-/detect-libc-2.1.2.tgz 0ms (cache hit)
2247 http cache tar@https://registry.npmjs.org/tar/-/tar-7.5.12.tgz 0ms (cache hit)
2248 http cache @tailwindcss/oxide-darwin-arm64@https://registry.npmjs.org/@tailwindcss/oxide-darwin-arm64/-/oxide-darwin-arm64-4.1.12.tgz 0ms (cache hit)
2249 http cache magic-string@https://registry.npmjs.org/magic-string/-/magic-string-0.30.21.tgz 0ms (cache hit)
2250 http cache source-map-js@https://registry.npmjs.org/source-map-js/-/source-map-js-1.2.1.tgz 0ms (cache hit)
2251 http cache jiti@https://registry.npmjs.org/jiti/-/jiti-2.6.1.tgz 0ms (cache hit)
2252 http cache enhanced-resolve@https://registry.npmjs.org/enhanced-resolve/-/enhanced-resolve-5.20.1.tgz 0ms (cache hit)
2253 http cache lightningcss@https://registry.npmjs.org/lightningcss/-/lightningcss-1.30.1.tgz 0ms (cache hit)
2254 http cache @tailwindcss/oxide@https://registry.npmjs.org/@tailwindcss/oxide/-/oxide-4.1.12.tgz 0ms (cache hit)
2255 http cache @floating-ui/core@https://registry.npmjs.org/@floating-ui/core/-/core-1.7.5.tgz 0ms (cache hit)
2256 http cache @jridgewell/remapping@https://registry.npmjs.org/@jridgewell/remapping/-/remapping-2.3.5.tgz 0ms (cache hit)
2257 http cache @floating-ui/utils@https://registry.npmjs.org/@floating-ui/utils/-/utils-0.2.11.tgz 0ms (cache hit)
2258 http cache @tailwindcss/node@https://registry.npmjs.org/@tailwindcss/node/-/node-4.1.12.tgz 0ms (cache hit)
2259 http cache @floating-ui/dom@https://registry.npmjs.org/@floating-ui/dom/-/dom-1.7.6.tgz 0ms (cache hit)
2260 http cache @radix-ui/react-arrow@https://registry.npmjs.org/@radix-ui/react-arrow/-/react-arrow-1.1.2.tgz 0ms (cache hit)
2261 http cache @radix-ui/number@https://registry.npmjs.org/@radix-ui/number/-/number-1.1.0.tgz 0ms (cache hit)
2262 http cache @radix-ui/rect@https://registry.npmjs.org/@radix-ui/rect/-/rect-1.1.0.tgz 0ms (cache hit)
2263 http cache @radix-ui/react-use-rect@https://registry.npmjs.org/@radix-ui/react-use-rect/-/react-use-rect-1.1.0.tgz 0ms (cache hit)
2264 http cache @radix-ui/react-visually-hidden@https://registry.npmjs.org/@radix-ui/react-visually-hidden/-/react-visually-hidden-1.1.2.tgz 0ms (cache hit)
2265 http cache @radix-ui/react-roving-focus@https://registry.npmjs.org/@radix-ui/react-roving-focus/-/react-roving-focus-1.1.2.tgz 0ms (cache hit)
2266 http cache @radix-ui/react-popper@https://registry.npmjs.org/@radix-ui/react-popper/-/react-popper-1.2.2.tgz 0ms (cache hit)
2267 http cache react-remove-scroll@https://registry.npmjs.org/react-remove-scroll/-/react-remove-scroll-2.7.2.tgz 0ms (cache hit)
2268 http cache aria-hidden@https://registry.npmjs.org/aria-hidden/-/aria-hidden-1.2.6.tgz 0ms (cache hit)
2269 http cache @radix-ui/react-use-escape-keydown@https://registry.npmjs.org/@radix-ui/react-use-escape-keydown/-/react-use-escape-keydown-1.1.0.tgz 0ms (cache hit)
2270 http cache @floating-ui/react-dom@https://registry.npmjs.org/@floating-ui/react-dom/-/react-dom-2.1.8.tgz 0ms (cache hit)
2271 http cache @radix-ui/react-portal@https://registry.npmjs.org/@radix-ui/react-portal/-/react-portal-1.1.4.tgz 0ms (cache hit)
2272 http cache @radix-ui/react-focus-scope@https://registry.npmjs.org/@radix-ui/react-focus-scope/-/react-focus-scope-1.1.2.tgz 0ms (cache hit)
2273 http cache @radix-ui/react-menu@https://registry.npmjs.org/@radix-ui/react-menu/-/react-menu-2.1.6.tgz 0ms (cache hit)
2274 http cache @radix-ui/react-focus-guards@https://registry.npmjs.org/@radix-ui/react-focus-guards/-/react-focus-guards-1.1.1.tgz 0ms (cache hit)
2275 http cache @radix-ui/react-use-size@https://registry.npmjs.org/@radix-ui/react-use-size/-/react-use-size-1.1.0.tgz 0ms (cache hit)
2276 http cache @radix-ui/react-use-previous@https://registry.npmjs.org/@radix-ui/react-use-previous/-/react-use-previous-1.1.0.tgz 0ms (cache hit)
2277 http cache @radix-ui/react-presence@https://registry.npmjs.org/@radix-ui/react-presence/-/react-presence-1.1.2.tgz 0ms (cache hit)
2278 http cache @radix-ui/react-use-callback-ref@https://registry.npmjs.org/@radix-ui/react-use-callback-ref/-/react-use-callback-ref-1.1.0.tgz 0ms (cache hit)
2279 http cache @radix-ui/react-dismissable-layer@https://registry.npmjs.org/@radix-ui/react-dismissable-layer/-/react-dismissable-layer-1.1.5.tgz 0ms (cache hit)
2280 http cache @radix-ui/react-id@https://registry.npmjs.org/@radix-ui/react-id/-/react-id-1.1.0.tgz 0ms (cache hit)
2281 http cache @radix-ui/react-use-controllable-state@https://registry.npmjs.org/@radix-ui/react-use-controllable-state/-/react-use-controllable-state-1.1.0.tgz 0ms (cache hit)
2282 http cache @radix-ui/react-use-layout-effect@https://registry.npmjs.org/@radix-ui/react-use-layout-effect/-/react-use-layout-effect-1.1.0.tgz 0ms (cache hit)
2283 http cache @radix-ui/react-primitive@https://registry.npmjs.org/@radix-ui/react-primitive/-/react-primitive-2.0.2.tgz 0ms (cache hit)
2284 http cache @radix-ui/react-direction@https://registry.npmjs.org/@radix-ui/react-direction/-/react-direction-1.1.0.tgz 0ms (cache hit)
2285 http cache @radix-ui/react-collection@https://registry.npmjs.org/@radix-ui/react-collection/-/react-collection-1.1.2.tgz 0ms (cache hit)
2286 http cache @radix-ui/react-compose-refs@https://registry.npmjs.org/@radix-ui/react-compose-refs/-/react-compose-refs-1.1.1.tgz 0ms (cache hit)
2287 http cache @mui/styled-engine@https://registry.npmjs.org/@mui/styled-engine/-/styled-engine-7.3.9.tgz 0ms (cache hit)
2288 http cache @mui/private-theming@https://registry.npmjs.org/@mui/private-theming/-/private-theming-7.3.9.tgz 0ms (cache hit)
2289 http cache @radix-ui/primitive@https://registry.npmjs.org/@radix-ui/primitive/-/primitive-1.1.1.tgz 0ms (cache hit)
2290 http cache react-transition-group@https://registry.npmjs.org/react-transition-group/-/react-transition-group-4.4.5.tgz 0ms (cache hit)
2291 http cache @radix-ui/react-context@https://registry.npmjs.org/@radix-ui/react-context/-/react-context-1.1.1.tgz 0ms (cache hit)
2292 http cache react-is@https://registry.npmjs.org/react-is/-/react-is-19.2.4.tgz 0ms (cache hit)
2293 http cache prop-types@https://registry.npmjs.org/prop-types/-/prop-types-15.8.1.tgz 0ms (cache hit)
2294 http cache @types/react-transition-group@https://registry.npmjs.org/@types/react-transition-group/-/react-transition-group-4.4.12.tgz 0ms (cache hit)
2295 http cache @mui/utils@https://registry.npmjs.org/@mui/utils/-/utils-7.3.9.tgz 0ms (cache hit)
2296 http cache @mui/types@https://registry.npmjs.org/@mui/types/-/types-7.4.12.tgz 0ms (cache hit)
2297 http cache @mui/core-downloads-tracker@https://registry.npmjs.org/@mui/core-downloads-tracker/-/core-downloads-tracker-7.3.9.tgz 0ms (cache hit)
2298 http cache @mui/system@https://registry.npmjs.org/@mui/system/-/system-7.3.9.tgz 0ms (cache hit)
2299 http cache @jridgewell/resolve-uri@https://registry.npmjs.org/@jridgewell/resolve-uri/-/resolve-uri-3.1.2.tgz 0ms (cache hit)
2300 http cache @types/react@https://registry.npmjs.org/@types/react/-/react-19.2.14.tgz 0ms (cache hit)
2301 http cache @jridgewell/sourcemap-codec@https://registry.npmjs.org/@jridgewell/sourcemap-codec/-/sourcemap-codec-1.5.5.tgz 0ms (cache hit)
2302 http cache @emotion/is-prop-valid@https://registry.npmjs.org/@emotion/is-prop-valid/-/is-prop-valid-1.4.0.tgz 0ms (cache hit)
2303 http cache @types/prop-types@https://registry.npmjs.org/@types/prop-types/-/prop-types-15.7.15.tgz 0ms (cache hit)
2304 http cache csstype@https://registry.npmjs.org/csstype/-/csstype-3.2.3.tgz 0ms (cache hit)
2305 http cache jsesc@https://registry.npmjs.org/jsesc/-/jsesc-3.1.0.tgz 0ms (cache hit)
2306 http cache @emotion/sheet@https://registry.npmjs.org/@emotion/sheet/-/sheet-1.4.0.tgz 0ms (cache hit)
2307 http cache @jridgewell/trace-mapping@https://registry.npmjs.org/@jridgewell/trace-mapping/-/trace-mapping-0.3.31.tgz 0ms (cache hit)
2308 http cache @jridgewell/gen-mapping@https://registry.npmjs.org/@jridgewell/gen-mapping/-/gen-mapping-0.3.13.tgz 0ms (cache hit)
2309 http cache picocolors@https://registry.npmjs.org/picocolors/-/picocolors-1.1.1.tgz 0ms (cache hit)
2310 http cache @emotion/unitless@https://registry.npmjs.org/@emotion/unitless/-/unitless-0.10.0.tgz 0ms (cache hit)
2311 http cache js-tokens@https://registry.npmjs.org/js-tokens/-/js-tokens-4.0.0.tgz 0ms (cache hit)
2312 http cache @babel/helper-validator-identifier@https://registry.npmjs.org/@babel/helper-validator-identifier/-/helper-validator-identifier-7.28.5.tgz 0ms (cache hit)
2313 http cache @babel/helper-string-parser@https://registry.npmjs.org/@babel/helper-string-parser/-/helper-string-parser-7.27.1.tgz 0ms (cache hit)
2314 http cache debug@https://registry.npmjs.org/debug/-/debug-4.4.3.tgz 0ms (cache hit)
2315 http cache @babel/parser@https://registry.npmjs.org/@babel/parser/-/parser-7.29.2.tgz 0ms (cache hit)
2316 http cache @babel/helper-globals@https://registry.npmjs.org/@babel/helper-globals/-/helper-globals-7.28.0.tgz 0ms (cache hit)
2317 http cache @babel/types@https://registry.npmjs.org/@babel/types/-/types-7.29.0.tgz 0ms (cache hit)
2318 http cache @babel/template@https://registry.npmjs.org/@babel/template/-/template-7.28.6.tgz 0ms (cache hit)
2319 http cache @babel/code-frame@https://registry.npmjs.org/@babel/code-frame/-/code-frame-7.29.0.tgz 0ms (cache hit)
2320 http cache @babel/generator@https://registry.npmjs.org/@babel/generator/-/generator-7.29.1.tgz 0ms (cache hit)
2321 http cache @babel/traverse@https://registry.npmjs.org/@babel/traverse/-/traverse-7.29.0.tgz 0ms (cache hit)
2322 http cache escape-string-regexp@https://registry.npmjs.org/escape-string-regexp/-/escape-string-regexp-4.0.0.tgz 0ms (cache hit)
2323 http cache source-map@https://registry.npmjs.org/source-map/-/source-map-0.5.7.tgz 0ms (cache hit)
2324 http cache convert-source-map@https://registry.npmjs.org/convert-source-map/-/convert-source-map-1.9.0.tgz 0ms (cache hit)
2325 http cache @emotion/memoize@https://registry.npmjs.org/@emotion/memoize/-/memoize-0.9.0.tgz 0ms (cache hit)
2326 http cache @emotion/hash@https://registry.npmjs.org/@emotion/hash/-/hash-0.9.2.tgz 0ms (cache hit)
2327 http cache @babel/helper-module-imports@https://registry.npmjs.org/@babel/helper-module-imports/-/helper-module-imports-7.28.6.tgz 0ms (cache hit)
2328 http cache find-root@https://registry.npmjs.org/find-root/-/find-root-1.1.0.tgz 0ms (cache hit)
2329 http cache stylis@https://registry.npmjs.org/stylis/-/stylis-4.2.0.tgz 0ms (cache hit)
2330 http cache hoist-non-react-statics@https://registry.npmjs.org/hoist-non-react-statics/-/hoist-non-react-statics-3.3.2.tgz 0ms (cache hit)
2331 http cache @emotion/weak-memoize@https://registry.npmjs.org/@emotion/weak-memoize/-/weak-memoize-0.4.0.tgz 0ms (cache hit)
2332 http cache babel-plugin-macros@https://registry.npmjs.org/babel-plugin-macros/-/babel-plugin-macros-3.1.0.tgz 0ms (cache hit)
2333 http cache @emotion/serialize@https://registry.npmjs.org/@emotion/serialize/-/serialize-1.3.3.tgz 0ms (cache hit)
2334 http cache @emotion/use-insertion-effect-with-fallbacks@https://registry.npmjs.org/@emotion/use-insertion-effect-with-fallbacks/-/use-insertion-effect-with-fallbacks-1.2.0.tgz 0ms (cache hit)
2335 http cache @emotion/cache@https://registry.npmjs.org/@emotion/cache/-/cache-11.14.0.tgz 0ms (cache hit)
2336 http cache @emotion/babel-plugin@https://registry.npmjs.org/@emotion/babel-plugin/-/babel-plugin-11.13.5.tgz 0ms (cache hit)
2337 http cache @babel/runtime@https://registry.npmjs.org/@babel/runtime/-/runtime-7.29.2.tgz 0ms (cache hit)
2338 http cache vaul@https://registry.npmjs.org/vaul/-/vaul-1.1.2.tgz 0ms (cache hit)
2339 http cache tailwindcss@https://registry.npmjs.org/tailwindcss/-/tailwindcss-4.1.12.tgz 0ms (cache hit)
2340 http cache @emotion/utils@https://registry.npmjs.org/@emotion/utils/-/utils-1.4.2.tgz 0ms (cache hit)
2341 http cache tailwind-merge@https://registry.npmjs.org/tailwind-merge/-/tailwind-merge-3.2.0.tgz 0ms (cache hit)
2342 http cache tw-animate-css@https://registry.npmjs.org/tw-animate-css/-/tw-animate-css-1.3.8.tgz 0ms (cache hit)
2343 http cache react-slick@https://registry.npmjs.org/react-slick/-/react-slick-0.31.0.tgz 0ms (cache hit)
2344 http cache recharts@https://registry.npmjs.org/recharts/-/recharts-2.15.2.tgz 0ms (cache hit)
2345 http cache sonner@https://registry.npmjs.org/sonner/-/sonner-2.0.3.tgz 0ms (cache hit)
2346 http cache react-responsive-masonry@https://registry.npmjs.org/react-responsive-masonry/-/react-responsive-masonry-2.7.1.tgz 0ms (cache hit)
2347 http cache react-hook-form@https://registry.npmjs.org/react-hook-form/-/react-hook-form-7.55.0.tgz 0ms (cache hit)
2348 http cache react-popper@https://registry.npmjs.org/react-popper/-/react-popper-2.3.0.tgz 0ms (cache hit)
2349 http cache react-router@https://registry.npmjs.org/react-router/-/react-router-7.13.0.tgz 0ms (cache hit)
2350 http cache react-resizable-panels@https://registry.npmjs.org/react-resizable-panels/-/react-resizable-panels-2.1.7.tgz 0ms (cache hit)
2351 http cache next-themes@https://registry.npmjs.org/next-themes/-/next-themes-0.4.6.tgz 0ms (cache hit)
2352 http cache react-dnd@https://registry.npmjs.org/react-dnd/-/react-dnd-16.0.1.tgz 0ms (cache hit)
2353 http cache motion@https://registry.npmjs.org/motion/-/motion-12.23.24.tgz 0ms (cache hit)
2354 http cache lucide-react@https://registry.npmjs.org/lucide-react/-/lucide-react-0.487.0.tgz 0ms (cache hit)
2355 http cache embla-carousel-react@https://registry.npmjs.org/embla-carousel-react/-/embla-carousel-react-8.6.0.tgz 0ms (cache hit)
2356 http cache react-dnd-html5-backend@https://registry.npmjs.org/react-dnd-html5-backend/-/react-dnd-html5-backend-16.0.1.tgz 0ms (cache hit)
2357 http cache cmdk@https://registry.npmjs.org/cmdk/-/cmdk-1.1.1.tgz 0ms (cache hit)
2358 http cache class-variance-authority@https://registry.npmjs.org/class-variance-authority/-/class-variance-authority-0.7.1.tgz 0ms (cache hit)
2359 http cache clsx@https://registry.npmjs.org/clsx/-/clsx-2.1.1.tgz 0ms (cache hit)
2360 http cache react-day-picker@https://registry.npmjs.org/react-day-picker/-/react-day-picker-8.10.1.tgz 0ms (cache hit)
2361 http cache date-fns@https://registry.npmjs.org/date-fns/-/date-fns-3.6.0.tgz 0ms (cache hit)
2362 http cache canvas-confetti@https://registry.npmjs.org/canvas-confetti/-/canvas-confetti-1.9.4.tgz 0ms (cache hit)
2363 http cache input-otp@https://registry.npmjs.org/input-otp/-/input-otp-1.4.2.tgz 0ms (cache hit)
2364 http cache @tailwindcss/vite@https://registry.npmjs.org/@tailwindcss/vite/-/vite-4.1.12.tgz 0ms (cache hit)
2365 http cache @radix-ui/react-tooltip@https://registry.npmjs.org/@radix-ui/react-tooltip/-/react-tooltip-1.1.8.tgz 0ms (cache hit)
2366 http cache @radix-ui/react-toggle-group@https://registry.npmjs.org/@radix-ui/react-toggle-group/-/react-toggle-group-1.1.2.tgz 0ms (cache hit)
2367 http cache vite@https://registry.npmjs.org/vite/-/vite-6.3.5.tgz 0ms (cache hit)
2368 http cache @radix-ui/react-tabs@https://registry.npmjs.org/@radix-ui/react-tabs/-/react-tabs-1.1.3.tgz 0ms (cache hit)
2369 http cache @vitejs/plugin-react@https://registry.npmjs.org/@vitejs/plugin-react/-/plugin-react-4.7.0.tgz 0ms (cache hit)
2370 http cache @radix-ui/react-switch@https://registry.npmjs.org/@radix-ui/react-switch/-/react-switch-1.1.3.tgz 0ms (cache hit)
2371 http cache @radix-ui/react-separator@https://registry.npmjs.org/@radix-ui/react-separator/-/react-separator-1.1.2.tgz 0ms (cache hit)
2372 http cache @radix-ui/react-slider@https://registry.npmjs.org/@radix-ui/react-slider/-/react-slider-1.2.3.tgz 0ms (cache hit)
2373 http cache @radix-ui/react-select@https://registry.npmjs.org/@radix-ui/react-select/-/react-select-2.1.6.tgz 0ms (cache hit)
2374 http cache @radix-ui/react-slot@https://registry.npmjs.org/@radix-ui/react-slot/-/react-slot-1.1.2.tgz 0ms (cache hit)
2375 http cache @radix-ui/react-scroll-area@https://registry.npmjs.org/@radix-ui/react-scroll-area/-/react-scroll-area-1.2.3.tgz 0ms (cache hit)
2376 http cache @radix-ui/react-progress@https://registry.npmjs.org/@radix-ui/react-progress/-/react-progress-1.1.2.tgz 0ms (cache hit)
2377 http cache @radix-ui/react-radio-group@https://registry.npmjs.org/@radix-ui/react-radio-group/-/react-radio-group-1.2.3.tgz 0ms (cache hit)
2378 http cache @radix-ui/react-popover@https://registry.npmjs.org/@radix-ui/react-popover/-/react-popover-1.1.6.tgz 0ms (cache hit)
2379 http cache @radix-ui/react-toggle@https://registry.npmjs.org/@radix-ui/react-toggle/-/react-toggle-1.1.2.tgz 0ms (cache hit)
2380 http cache @radix-ui/react-navigation-menu@https://registry.npmjs.org/@radix-ui/react-navigation-menu/-/react-navigation-menu-1.2.5.tgz 0ms (cache hit)
2381 http cache @radix-ui/react-label@https://registry.npmjs.org/@radix-ui/react-label/-/react-label-2.1.2.tgz 0ms (cache hit)
2382 http cache @radix-ui/react-hover-card@https://registry.npmjs.org/@radix-ui/react-hover-card/-/react-hover-card-1.1.6.tgz 0ms (cache hit)
2383 http cache @radix-ui/react-context-menu@https://registry.npmjs.org/@radix-ui/react-context-menu/-/react-context-menu-2.2.6.tgz 0ms (cache hit)
2384 http cache @radix-ui/react-dialog@https://registry.npmjs.org/@radix-ui/react-dialog/-/react-dialog-1.1.6.tgz 0ms (cache hit)
2385 http cache @radix-ui/react-collapsible@https://registry.npmjs.org/@radix-ui/react-collapsible/-/react-collapsible-1.1.3.tgz 0ms (cache hit)
2386 http cache @radix-ui/react-menubar@https://registry.npmjs.org/@radix-ui/react-menubar/-/react-menubar-1.1.6.tgz 0ms (cache hit)
2387 http cache @radix-ui/react-alert-dialog@https://registry.npmjs.org/@radix-ui/react-alert-dialog/-/react-alert-dialog-1.1.6.tgz 0ms (cache hit)
2388 http cache @radix-ui/react-dropdown-menu@https://registry.npmjs.org/@radix-ui/react-dropdown-menu/-/react-dropdown-menu-2.1.6.tgz 0ms (cache hit)
2389 http cache @radix-ui/react-avatar@https://registry.npmjs.org/@radix-ui/react-avatar/-/react-avatar-1.1.3.tgz 0ms (cache hit)
2390 http cache @popperjs/core@https://registry.npmjs.org/@popperjs/core/-/core-2.11.8.tgz 0ms (cache hit)
2391 http cache @radix-ui/react-checkbox@https://registry.npmjs.org/@radix-ui/react-checkbox/-/react-checkbox-1.1.4.tgz 0ms (cache hit)
2392 http cache @radix-ui/react-aspect-ratio@https://registry.npmjs.org/@radix-ui/react-aspect-ratio/-/react-aspect-ratio-1.1.2.tgz 0ms (cache hit)
2393 http cache @radix-ui/react-accordion@https://registry.npmjs.org/@radix-ui/react-accordion/-/react-accordion-1.2.3.tgz 0ms (cache hit)
2394 http cache @mui/icons-material@https://registry.npmjs.org/@mui/icons-material/-/icons-material-7.3.5.tgz 0ms (cache hit)
2395 http cache @mui/material@https://registry.npmjs.org/@mui/material/-/material-7.3.5.tgz 0ms (cache hit)
2396 http cache react-dom@https://registry.npmjs.org/react-dom/-/react-dom-18.3.1.tgz 0ms (cache hit)
2397 http cache @emotion/styled@https://registry.npmjs.org/@emotion/styled/-/styled-11.14.1.tgz 0ms (cache hit)
2398 http cache react@https://registry.npmjs.org/react/-/react-18.3.1.tgz 0ms (cache hit)
2399 http cache @emotion/react@https://registry.npmjs.org/@emotion/react/-/react-11.14.0.tgz 0ms (cache hit)
2400 http cache convert-source-map@https://registry.npmjs.org/convert-source-map/-/convert-source-map-2.0.0.tgz 0ms (cache hit)
2401 http cache yaml@https://registry.npmjs.org/yaml/-/yaml-1.10.2.tgz 0ms (cache hit)
2402 http cache react-is@https://registry.npmjs.org/react-is/-/react-is-16.13.1.tgz 0ms (cache hit)
2403 http cache react-is@https://registry.npmjs.org/react-is/-/react-is-18.3.1.tgz 0ms (cache hit)
2404 http cache yallist@https://registry.npmjs.org/yallist/-/yallist-5.0.0.tgz 0ms (cache hit)
2405 http cache react-is@https://registry.npmjs.org/react-is/-/react-is-16.13.1.tgz 0ms (cache hit)
2406 silly tarball no local data for @types/estree@https://registry.npmjs.org/@types/estree/-/estree-1.0.8.tgz. Extracting by manifest.
2407 silly tarball no local data for @rollup/rollup-darwin-arm64@https://registry.npmjs.org/@rollup/rollup-darwin-arm64/-/rollup-darwin-arm64-4.59.0.tgz. Extracting by manifest.
2408 silly tarball no local data for yaml@https://registry.npmjs.org/yaml/-/yaml-2.8.2.tgz. Extracting by manifest.
2409 silly tarball no local data for tinyglobby@https://registry.npmjs.org/tinyglobby/-/tinyglobby-0.2.15.tgz. Extracting by manifest.
2410 silly tarball no local data for nanoid@https://registry.npmjs.org/nanoid/-/nanoid-3.3.11.tgz. Extracting by manifest.
2411 silly tarball no local data for rollup@https://registry.npmjs.org/rollup/-/rollup-4.59.0.tgz. Extracting by manifest.
2412 silly tarball no local data for postcss@https://registry.npmjs.org/postcss/-/postcss-8.5.8.tgz. Extracting by manifest.
2413 silly tarball no local data for picomatch@https://registry.npmjs.org/picomatch/-/picomatch-4.0.3.tgz. Extracting by manifest.
2414 silly tarball no local data for fdir@https://registry.npmjs.org/fdir/-/fdir-6.5.0.tgz. Extracting by manifest.
2415 silly tarball no local data for fsevents@https://registry.npmjs.org/fsevents/-/fsevents-2.3.3.tgz. Extracting by manifest.
2416 silly tarball no local data for esbuild@https://registry.npmjs.org/esbuild/-/esbuild-0.25.12.tgz. Extracting by manifest.
2417 silly tarball no local data for d3-path@https://registry.npmjs.org/d3-path/-/d3-path-3.1.0.tgz. Extracting by manifest.
2418 silly tarball no local data for d3-time-format@https://registry.npmjs.org/d3-time-format/-/d3-time-format-4.1.0.tgz. Extracting by manifest.
2419 silly tarball no local data for d3-color@https://registry.npmjs.org/d3-color/-/d3-color-3.1.0.tgz. Extracting by manifest.
2420 silly tarball no local data for d3-format@https://registry.npmjs.org/d3-format/-/d3-format-3.1.2.tgz. Extracting by manifest.
2421 silly tarball no local data for @types/d3-path@https://registry.npmjs.org/@types/d3-path/-/d3-path-3.1.1.tgz. Extracting by manifest.
2422 silly tarball no local data for @types/d3-color@https://registry.npmjs.org/@types/d3-color/-/d3-color-3.1.3.tgz. Extracting by manifest.
2423 silly tarball no local data for d3-time@https://registry.npmjs.org/d3-time/-/d3-time-3.1.0.tgz. Extracting by manifest.
2424 silly tarball no local data for d3-timer@https://registry.npmjs.org/d3-timer/-/d3-timer-3.0.1.tgz. Extracting by manifest.
2425 silly tarball no local data for d3-shape@https://registry.npmjs.org/d3-shape/-/d3-shape-3.2.0.tgz. Extracting by manifest.
2426 silly tarball no local data for d3-scale@https://registry.npmjs.org/d3-scale/-/d3-scale-4.0.2.tgz. Extracting by manifest.
2427 silly tarball no local data for @esbuild/darwin-arm64@https://registry.npmjs.org/@esbuild/darwin-arm64/-/darwin-arm64-0.25.12.tgz. Extracting by manifest.
2428 silly tarball no local data for d3-interpolate@https://registry.npmjs.org/d3-interpolate/-/d3-interpolate-3.0.1.tgz. Extracting by manifest.
2429 silly tarball no local data for d3-array@https://registry.npmjs.org/d3-array/-/d3-array-3.2.4.tgz. Extracting by manifest.
2430 silly tarball no local data for d3-ease@https://registry.npmjs.org/d3-ease/-/d3-ease-3.0.1.tgz. Extracting by manifest.
2431 silly tarball no local data for @types/d3-timer@https://registry.npmjs.org/@types/d3-timer/-/d3-timer-3.0.2.tgz. Extracting by manifest.
2432 silly tarball no local data for @types/d3-shape@https://registry.npmjs.org/@types/d3-shape/-/d3-shape-3.1.8.tgz. Extracting by manifest.
2433 silly tarball no local data for @types/d3-ease@https://registry.npmjs.org/@types/d3-ease/-/d3-ease-3.0.2.tgz. Extracting by manifest.
2434 silly tarball no local data for @types/d3-time@https://registry.npmjs.org/@types/d3-time/-/d3-time-3.0.4.tgz. Extracting by manifest.
2435 silly tarball no local data for @types/d3-scale@https://registry.npmjs.org/@types/d3-scale/-/d3-scale-4.0.9.tgz. Extracting by manifest.
2436 silly tarball no local data for @types/d3-interpolate@https://registry.npmjs.org/@types/d3-interpolate/-/d3-interpolate-3.0.4.tgz. Extracting by manifest.
2437 silly tarball no local data for @types/d3-array@https://registry.npmjs.org/@types/d3-array/-/d3-array-3.2.2.tgz. Extracting by manifest.
2438 silly tarball no local data for escalade@https://registry.npmjs.org/escalade/-/escalade-3.2.0.tgz. Extracting by manifest.
2439 silly tarball no local data for @isaacs/fs-minipass@https://registry.npmjs.org/@isaacs/fs-minipass/-/fs-minipass-4.0.1.tgz. Extracting by manifest.
2440 silly tarball no local data for detect-node-es@https://registry.npmjs.org/detect-node-es/-/detect-node-es-1.1.0.tgz. Extracting by manifest.
2441 silly tarball no local data for minipass@https://registry.npmjs.org/minipass/-/minipass-7.1.3.tgz. Extracting by manifest.
2442 silly tarball no local data for internmap@https://registry.npmjs.org/internmap/-/internmap-2.0.3.tgz. Extracting by manifest.
2443 silly tarball no local data for minizlib@https://registry.npmjs.org/minizlib/-/minizlib-3.1.0.tgz. Extracting by manifest.
2444 silly tarball no local data for chownr@https://registry.npmjs.org/chownr/-/chownr-3.0.0.tgz. Extracting by manifest.
2445 silly tarball no local data for path-parse@https://registry.npmjs.org/path-parse/-/path-parse-1.0.7.tgz. Extracting by manifest.
2446 silly tarball no local data for function-bind@https://registry.npmjs.org/function-bind/-/function-bind-1.1.2.tgz. Extracting by manifest.
2447 silly tarball no local data for is-core-module@https://registry.npmjs.org/is-core-module/-/is-core-module-2.16.1.tgz. Extracting by manifest.
2448 silly tarball no local data for decimal.js-light@https://registry.npmjs.org/decimal.js-light/-/decimal.js-light-2.5.1.tgz. Extracting by manifest.
2449 silly tarball no local data for fast-equals@https://registry.npmjs.org/fast-equals/-/fast-equals-5.4.0.tgz. Extracting by manifest.
2450 silly tarball no local data for supports-preserve-symlinks-flag@https://registry.npmjs.org/supports-preserve-symlinks-flag/-/supports-preserve-symlinks-flag-1.0.0.tgz. Extracting by manifest.
2451 silly tarball no local data for victory-vendor@https://registry.npmjs.org/victory-vendor/-/victory-vendor-36.9.2.tgz. Extracting by manifest.
2452 silly tarball no local data for tiny-invariant@https://registry.npmjs.org/tiny-invariant/-/tiny-invariant-1.3.3.tgz. Extracting by manifest.
2453 silly tarball no local data for react-smooth@https://registry.npmjs.org/react-smooth/-/react-smooth-4.0.4.tgz. Extracting by manifest.
2454 silly tarball no local data for lodash@https://registry.npmjs.org/lodash/-/lodash-4.17.23.tgz. Extracting by manifest.
2455 silly tarball no local data for eventemitter3@https://registry.npmjs.org/eventemitter3/-/eventemitter3-4.0.7.tgz. Extracting by manifest.
2456 silly tarball no local data for recharts-scale@https://registry.npmjs.org/recharts-scale/-/recharts-scale-0.4.5.tgz. Extracting by manifest.
2457 silly tarball no local data for dom-helpers@https://registry.npmjs.org/dom-helpers/-/dom-helpers-5.2.1.tgz. Extracting by manifest.
2458 silly tarball no local data for string-convert@https://registry.npmjs.org/string-convert/-/string-convert-0.2.1.tgz. Extracting by manifest.
2459 silly tarball no local data for get-nonce@https://registry.npmjs.org/get-nonce/-/get-nonce-1.0.1.tgz. Extracting by manifest.
2460 silly tarball no local data for lodash.debounce@https://registry.npmjs.org/lodash.debounce/-/lodash.debounce-4.0.8.tgz. Extracting by manifest.
2461 silly tarball no local data for json2mq@https://registry.npmjs.org/json2mq/-/json2mq-0.2.0.tgz. Extracting by manifest.
2462 silly tarball no local data for resize-observer-polyfill@https://registry.npmjs.org/resize-observer-polyfill/-/resize-observer-polyfill-1.5.1.tgz. Extracting by manifest.
2463 silly tarball no local data for set-cookie-parser@https://registry.npmjs.org/set-cookie-parser/-/set-cookie-parser-2.7.2.tgz. Extracting by manifest.
2464 silly tarball no local data for react-remove-scroll-bar@https://registry.npmjs.org/react-remove-scroll-bar/-/react-remove-scroll-bar-2.3.8.tgz. Extracting by manifest.
2465 silly tarball no local data for classnames@https://registry.npmjs.org/classnames/-/classnames-2.5.1.tgz. Extracting by manifest.
2466 silly tarball no local data for cookie@https://registry.npmjs.org/cookie/-/cookie-1.1.1.tgz. Extracting by manifest.
2467 silly tarball no local data for react-style-singleton@https://registry.npmjs.org/react-style-singleton/-/react-style-singleton-2.2.3.tgz. Extracting by manifest.
2468 silly tarball no local data for use-callback-ref@https://registry.npmjs.org/use-callback-ref/-/use-callback-ref-1.3.3.tgz. Extracting by manifest.
2469 silly tarball no local data for use-sidecar@https://registry.npmjs.org/use-sidecar/-/use-sidecar-1.1.3.tgz. Extracting by manifest.
2470 silly tarball no local data for warning@https://registry.npmjs.org/warning/-/warning-4.0.3.tgz. Extracting by manifest.
2471 silly tarball no local data for react-fast-compare@https://registry.npmjs.org/react-fast-compare/-/react-fast-compare-3.2.2.tgz. Extracting by manifest.
2472 silly tarball no local data for scheduler@https://registry.npmjs.org/scheduler/-/scheduler-0.23.2.tgz. Extracting by manifest.
2473 silly tarball no local data for redux@https://registry.npmjs.org/redux/-/redux-4.2.1.tgz. Extracting by manifest.
2474 silly tarball no local data for @react-dnd/asap@https://registry.npmjs.org/@react-dnd/asap/-/asap-5.0.2.tgz. Extracting by manifest.
2475 silly tarball no local data for dnd-core@https://registry.npmjs.org/dnd-core/-/dnd-core-16.0.1.tgz. Extracting by manifest.
2476 silly tarball no local data for @react-dnd/shallowequal@https://registry.npmjs.org/@react-dnd/shallowequal/-/shallowequal-4.0.2.tgz. Extracting by manifest.
2477 silly tarball no local data for hasown@https://registry.npmjs.org/hasown/-/hasown-2.0.2.tgz. Extracting by manifest.
2478 silly tarball no local data for fast-deep-equal@https://registry.npmjs.org/fast-deep-equal/-/fast-deep-equal-3.1.3.tgz. Extracting by manifest.
2479 silly tarball no local data for @react-dnd/invariant@https://registry.npmjs.org/@react-dnd/invariant/-/invariant-4.0.2.tgz. Extracting by manifest.
2480 silly tarball no local data for loose-envify@https://registry.npmjs.org/loose-envify/-/loose-envify-1.4.0.tgz. Extracting by manifest.
2481 silly tarball no local data for json-parse-even-better-errors@https://registry.npmjs.org/json-parse-even-better-errors/-/json-parse-even-better-errors-2.3.1.tgz. Extracting by manifest.
2482 silly tarball no local data for object-assign@https://registry.npmjs.org/object-assign/-/object-assign-4.1.1.tgz. Extracting by manifest.
2483 silly tarball no local data for is-arrayish@https://registry.npmjs.org/is-arrayish/-/is-arrayish-0.2.1.tgz. Extracting by manifest.
2484 silly tarball no local data for error-ex@https://registry.npmjs.org/error-ex/-/error-ex-1.3.4.tgz. Extracting by manifest.
2485 silly tarball no local data for lines-and-columns@https://registry.npmjs.org/lines-and-columns/-/lines-and-columns-1.2.4.tgz. Extracting by manifest.
2486 silly tarball no local data for framer-motion@https://registry.npmjs.org/framer-motion/-/framer-motion-12.38.0.tgz. Extracting by manifest.
2487 silly tarball no local data for callsites@https://registry.npmjs.org/callsites/-/callsites-3.1.0.tgz. Extracting by manifest.
2488 silly tarball no local data for motion-dom@https://registry.npmjs.org/motion-dom/-/motion-dom-12.38.0.tgz. Extracting by manifest.
2489 silly tarball no local data for motion-utils@https://registry.npmjs.org/motion-utils/-/motion-utils-12.36.0.tgz. Extracting by manifest.
2490 silly tarball no local data for lightningcss-darwin-arm64@https://registry.npmjs.org/lightningcss-darwin-arm64/-/lightningcss-darwin-arm64-1.30.1.tgz. Extracting by manifest.
2491 silly tarball no local data for resolve-from@https://registry.npmjs.org/resolve-from/-/resolve-from-4.0.0.tgz. Extracting by manifest.
2492 silly tarball no local data for yallist@https://registry.npmjs.org/yallist/-/yallist-3.1.1.tgz. Extracting by manifest.
2493 silly tarball no local data for graceful-fs@https://registry.npmjs.org/graceful-fs/-/graceful-fs-4.2.11.tgz. Extracting by manifest.
2494 silly tarball no local data for embla-carousel-reactive-utils@https://registry.npmjs.org/embla-carousel-reactive-utils/-/embla-carousel-reactive-utils-8.6.0.tgz. Extracting by manifest.
2495 silly tarball no local data for embla-carousel@https://registry.npmjs.org/embla-carousel/-/embla-carousel-8.6.0.tgz. Extracting by manifest.
2496 silly tarball no local data for tapable@https://registry.npmjs.org/tapable/-/tapable-2.3.0.tgz. Extracting by manifest.
2497 silly tarball no local data for ms@https://registry.npmjs.org/ms/-/ms-2.1.3.tgz. Extracting by manifest.
2498 silly tarball no local data for parse-json@https://registry.npmjs.org/parse-json/-/parse-json-5.2.0.tgz. Extracting by manifest.
2499 silly tarball no local data for path-type@https://registry.npmjs.org/path-type/-/path-type-4.0.0.tgz. Extracting by manifest.
2500 silly tarball no local data for @types/parse-json@https://registry.npmjs.org/@types/parse-json/-/parse-json-4.0.2.tgz. Extracting by manifest.
2501 silly tarball no local data for parent-module@https://registry.npmjs.org/parent-module/-/parent-module-1.0.1.tgz. Extracting by manifest.
2502 silly tarball no local data for import-fresh@https://registry.npmjs.org/import-fresh/-/import-fresh-3.3.1.tgz. Extracting by manifest.
2503 silly tarball no local data for update-browserslist-db@https://registry.npmjs.org/update-browserslist-db/-/update-browserslist-db-1.2.3.tgz. Extracting by manifest.
2504 silly tarball no local data for electron-to-chromium@https://registry.npmjs.org/electron-to-chromium/-/electron-to-chromium-1.5.321.tgz. Extracting by manifest.
2505 silly tarball no local data for baseline-browser-mapping@https://registry.npmjs.org/baseline-browser-mapping/-/baseline-browser-mapping-2.10.9.tgz. Extracting by manifest.
2506 silly tarball no local data for node-releases@https://registry.npmjs.org/node-releases/-/node-releases-2.0.36.tgz. Extracting by manifest.
2507 silly tarball no local data for caniuse-lite@https://registry.npmjs.org/caniuse-lite/-/caniuse-lite-1.0.30001780.tgz. Extracting by manifest.
2508 silly tarball no local data for cosmiconfig@https://registry.npmjs.org/cosmiconfig/-/cosmiconfig-7.1.0.tgz. Extracting by manifest.
2509 silly tarball no local data for resolve@https://registry.npmjs.org/resolve/-/resolve-1.22.11.tgz. Extracting by manifest.
2510 silly tarball no local data for @types/babel__traverse@https://registry.npmjs.org/@types/babel__traverse/-/babel__traverse-7.28.0.tgz. Extracting by manifest.
2511 silly tarball no local data for @types/babel__template@https://registry.npmjs.org/@types/babel__template/-/babel__template-7.4.4.tgz. Extracting by manifest.
2512 silly tarball no local data for tslib@https://registry.npmjs.org/tslib/-/tslib-2.8.1.tgz. Extracting by manifest.
2513 silly tarball no local data for @babel/helper-plugin-utils@https://registry.npmjs.org/@babel/helper-plugin-utils/-/helper-plugin-utils-7.28.6.tgz. Extracting by manifest.
2514 silly tarball no local data for lru-cache@https://registry.npmjs.org/lru-cache/-/lru-cache-5.1.1.tgz. Extracting by manifest.
2515 silly tarball no local data for @types/babel__generator@https://registry.npmjs.org/@types/babel__generator/-/babel__generator-7.27.0.tgz. Extracting by manifest.
2516 silly tarball no local data for browserslist@https://registry.npmjs.org/browserslist/-/browserslist-4.28.1.tgz. Extracting by manifest.
2517 silly tarball no local data for semver@https://registry.npmjs.org/semver/-/semver-6.3.1.tgz. Extracting by manifest.
2518 silly tarball no local data for @babel/helper-validator-option@https://registry.npmjs.org/@babel/helper-validator-option/-/helper-validator-option-7.27.1.tgz. Extracting by manifest.
2519 silly tarball no local data for @babel/compat-data@https://registry.npmjs.org/@babel/compat-data/-/compat-data-7.29.0.tgz. Extracting by manifest.
2520 silly tarball no local data for gensync@https://registry.npmjs.org/gensync/-/gensync-1.0.0-beta.2.tgz. Extracting by manifest.
2521 silly tarball no local data for @babel/helper-module-transforms@https://registry.npmjs.org/@babel/helper-module-transforms/-/helper-module-transforms-7.28.6.tgz. Extracting by manifest.
2522 silly tarball no local data for @babel/helper-compilation-targets@https://registry.npmjs.org/@babel/helper-compilation-targets/-/helper-compilation-targets-7.28.6.tgz. Extracting by manifest.
2523 silly tarball no local data for @types/babel__core@https://registry.npmjs.org/@types/babel__core/-/babel__core-7.20.5.tgz. Extracting by manifest.
2524 silly tarball no local data for @babel/helpers@https://registry.npmjs.org/@babel/helpers/-/helpers-7.29.2.tgz. Extracting by manifest.
2525 silly tarball no local data for react-refresh@https://registry.npmjs.org/react-refresh/-/react-refresh-0.17.0.tgz. Extracting by manifest.
2526 silly tarball no local data for json5@https://registry.npmjs.org/json5/-/json5-2.2.3.tgz. Extracting by manifest.
2527 silly tarball no local data for @babel/plugin-transform-react-jsx-self@https://registry.npmjs.org/@babel/plugin-transform-react-jsx-self/-/plugin-transform-react-jsx-self-7.27.1.tgz. Extracting by manifest.
2528 silly tarball no local data for @babel/plugin-transform-react-jsx-source@https://registry.npmjs.org/@babel/plugin-transform-react-jsx-source/-/plugin-transform-react-jsx-source-7.27.1.tgz. Extracting by manifest.
2529 silly tarball no local data for @babel/core@https://registry.npmjs.org/@babel/core/-/core-7.29.0.tgz. Extracting by manifest.
2530 silly tarball no local data for @rolldown/pluginutils@https://registry.npmjs.org/@rolldown/pluginutils/-/pluginutils-1.0.0-beta.27.tgz. Extracting by manifest.
2531 silly tarball no local data for detect-libc@https://registry.npmjs.org/detect-libc/-/detect-libc-2.1.2.tgz. Extracting by manifest.
2532 silly tarball no local data for tar@https://registry.npmjs.org/tar/-/tar-7.5.12.tgz. Extracting by manifest.
2533 silly tarball no local data for @tailwindcss/oxide-darwin-arm64@https://registry.npmjs.org/@tailwindcss/oxide-darwin-arm64/-/oxide-darwin-arm64-4.1.12.tgz. Extracting by manifest.
2534 silly tarball no local data for magic-string@https://registry.npmjs.org/magic-string/-/magic-string-0.30.21.tgz. Extracting by manifest.
2535 silly tarball no local data for source-map-js@https://registry.npmjs.org/source-map-js/-/source-map-js-1.2.1.tgz. Extracting by manifest.
2536 silly tarball no local data for jiti@https://registry.npmjs.org/jiti/-/jiti-2.6.1.tgz. Extracting by manifest.
2537 silly tarball no local data for enhanced-resolve@https://registry.npmjs.org/enhanced-resolve/-/enhanced-resolve-5.20.1.tgz. Extracting by manifest.
2538 silly tarball no local data for lightningcss@https://registry.npmjs.org/lightningcss/-/lightningcss-1.30.1.tgz. Extracting by manifest.
2539 silly tarball no local data for @tailwindcss/oxide@https://registry.npmjs.org/@tailwindcss/oxide/-/oxide-4.1.12.tgz. Extracting by manifest.
2540 silly tarball no local data for @floating-ui/core@https://registry.npmjs.org/@floating-ui/core/-/core-1.7.5.tgz. Extracting by manifest.
2541 silly tarball no local data for @jridgewell/remapping@https://registry.npmjs.org/@jridgewell/remapping/-/remapping-2.3.5.tgz. Extracting by manifest.
2542 silly tarball no local data for @floating-ui/utils@https://registry.npmjs.org/@floating-ui/utils/-/utils-0.2.11.tgz. Extracting by manifest.
2543 silly tarball no local data for @tailwindcss/node@https://registry.npmjs.org/@tailwindcss/node/-/node-4.1.12.tgz. Extracting by manifest.
2544 silly tarball no local data for @floating-ui/dom@https://registry.npmjs.org/@floating-ui/dom/-/dom-1.7.6.tgz. Extracting by manifest.
2545 silly tarball no local data for @radix-ui/react-arrow@https://registry.npmjs.org/@radix-ui/react-arrow/-/react-arrow-1.1.2.tgz. Extracting by manifest.
2546 silly tarball no local data for @radix-ui/number@https://registry.npmjs.org/@radix-ui/number/-/number-1.1.0.tgz. Extracting by manifest.
2547 silly tarball no local data for @radix-ui/rect@https://registry.npmjs.org/@radix-ui/rect/-/rect-1.1.0.tgz. Extracting by manifest.
2548 silly tarball no local data for @radix-ui/react-use-rect@https://registry.npmjs.org/@radix-ui/react-use-rect/-/react-use-rect-1.1.0.tgz. Extracting by manifest.
2549 silly tarball no local data for @radix-ui/react-visually-hidden@https://registry.npmjs.org/@radix-ui/react-visually-hidden/-/react-visually-hidden-1.1.2.tgz. Extracting by manifest.
2550 silly tarball no local data for @radix-ui/react-roving-focus@https://registry.npmjs.org/@radix-ui/react-roving-focus/-/react-roving-focus-1.1.2.tgz. Extracting by manifest.
2551 silly tarball no local data for @radix-ui/react-popper@https://registry.npmjs.org/@radix-ui/react-popper/-/react-popper-1.2.2.tgz. Extracting by manifest.
2552 silly tarball no local data for react-remove-scroll@https://registry.npmjs.org/react-remove-scroll/-/react-remove-scroll-2.7.2.tgz. Extracting by manifest.
2553 silly tarball no local data for aria-hidden@https://registry.npmjs.org/aria-hidden/-/aria-hidden-1.2.6.tgz. Extracting by manifest.
2554 silly tarball no local data for @radix-ui/react-use-escape-keydown@https://registry.npmjs.org/@radix-ui/react-use-escape-keydown/-/react-use-escape-keydown-1.1.0.tgz. Extracting by manifest.
2555 silly tarball no local data for @floating-ui/react-dom@https://registry.npmjs.org/@floating-ui/react-dom/-/react-dom-2.1.8.tgz. Extracting by manifest.
2556 silly tarball no local data for @radix-ui/react-portal@https://registry.npmjs.org/@radix-ui/react-portal/-/react-portal-1.1.4.tgz. Extracting by manifest.
2557 silly tarball no local data for @radix-ui/react-focus-scope@https://registry.npmjs.org/@radix-ui/react-focus-scope/-/react-focus-scope-1.1.2.tgz. Extracting by manifest.
2558 silly tarball no local data for @radix-ui/react-menu@https://registry.npmjs.org/@radix-ui/react-menu/-/react-menu-2.1.6.tgz. Extracting by manifest.
2559 silly tarball no local data for @radix-ui/react-focus-guards@https://registry.npmjs.org/@radix-ui/react-focus-guards/-/react-focus-guards-1.1.1.tgz. Extracting by manifest.
2560 silly tarball no local data for @radix-ui/react-use-size@https://registry.npmjs.org/@radix-ui/react-use-size/-/react-use-size-1.1.0.tgz. Extracting by manifest.
2561 silly tarball no local data for @radix-ui/react-use-previous@https://registry.npmjs.org/@radix-ui/react-use-previous/-/react-use-previous-1.1.0.tgz. Extracting by manifest.
2562 silly tarball no local data for @radix-ui/react-presence@https://registry.npmjs.org/@radix-ui/react-presence/-/react-presence-1.1.2.tgz. Extracting by manifest.
2563 silly tarball no local data for @radix-ui/react-use-callback-ref@https://registry.npmjs.org/@radix-ui/react-use-callback-ref/-/react-use-callback-ref-1.1.0.tgz. Extracting by manifest.
2564 silly tarball no local data for @radix-ui/react-dismissable-layer@https://registry.npmjs.org/@radix-ui/react-dismissable-layer/-/react-dismissable-layer-1.1.5.tgz. Extracting by manifest.
2565 silly tarball no local data for @radix-ui/react-id@https://registry.npmjs.org/@radix-ui/react-id/-/react-id-1.1.0.tgz. Extracting by manifest.
2566 silly tarball no local data for @radix-ui/react-use-controllable-state@https://registry.npmjs.org/@radix-ui/react-use-controllable-state/-/react-use-controllable-state-1.1.0.tgz. Extracting by manifest.
2567 silly tarball no local data for @radix-ui/react-use-layout-effect@https://registry.npmjs.org/@radix-ui/react-use-layout-effect/-/react-use-layout-effect-1.1.0.tgz. Extracting by manifest.
2568 silly tarball no local data for @radix-ui/react-primitive@https://registry.npmjs.org/@radix-ui/react-primitive/-/react-primitive-2.0.2.tgz. Extracting by manifest.
2569 silly tarball no local data for @radix-ui/react-direction@https://registry.npmjs.org/@radix-ui/react-direction/-/react-direction-1.1.0.tgz. Extracting by manifest.
2570 silly tarball no local data for @radix-ui/react-collection@https://registry.npmjs.org/@radix-ui/react-collection/-/react-collection-1.1.2.tgz. Extracting by manifest.
2571 silly tarball no local data for @radix-ui/react-compose-refs@https://registry.npmjs.org/@radix-ui/react-compose-refs/-/react-compose-refs-1.1.1.tgz. Extracting by manifest.
2572 silly tarball no local data for @mui/styled-engine@https://registry.npmjs.org/@mui/styled-engine/-/styled-engine-7.3.9.tgz. Extracting by manifest.
2573 silly tarball no local data for @mui/private-theming@https://registry.npmjs.org/@mui/private-theming/-/private-theming-7.3.9.tgz. Extracting by manifest.
2574 silly tarball no local data for @radix-ui/primitive@https://registry.npmjs.org/@radix-ui/primitive/-/primitive-1.1.1.tgz. Extracting by manifest.
2575 silly tarball no local data for react-transition-group@https://registry.npmjs.org/react-transition-group/-/react-transition-group-4.4.5.tgz. Extracting by manifest.
2576 silly tarball no local data for @radix-ui/react-context@https://registry.npmjs.org/@radix-ui/react-context/-/react-context-1.1.1.tgz. Extracting by manifest.
2577 silly tarball no local data for react-is@https://registry.npmjs.org/react-is/-/react-is-19.2.4.tgz. Extracting by manifest.
2578 silly tarball no local data for prop-types@https://registry.npmjs.org/prop-types/-/prop-types-15.8.1.tgz. Extracting by manifest.
2579 silly tarball no local data for @types/react-transition-group@https://registry.npmjs.org/@types/react-transition-group/-/react-transition-group-4.4.12.tgz. Extracting by manifest.
2580 silly tarball no local data for @mui/utils@https://registry.npmjs.org/@mui/utils/-/utils-7.3.9.tgz. Extracting by manifest.
2581 silly tarball no local data for @mui/types@https://registry.npmjs.org/@mui/types/-/types-7.4.12.tgz. Extracting by manifest.
2582 silly tarball no local data for @mui/core-downloads-tracker@https://registry.npmjs.org/@mui/core-downloads-tracker/-/core-downloads-tracker-7.3.9.tgz. Extracting by manifest.
2583 silly tarball no local data for @mui/system@https://registry.npmjs.org/@mui/system/-/system-7.3.9.tgz. Extracting by manifest.
2584 silly tarball no local data for @jridgewell/resolve-uri@https://registry.npmjs.org/@jridgewell/resolve-uri/-/resolve-uri-3.1.2.tgz. Extracting by manifest.
2585 silly tarball no local data for @types/react@https://registry.npmjs.org/@types/react/-/react-19.2.14.tgz. Extracting by manifest.
2586 silly tarball no local data for @jridgewell/sourcemap-codec@https://registry.npmjs.org/@jridgewell/sourcemap-codec/-/sourcemap-codec-1.5.5.tgz. Extracting by manifest.
2587 silly tarball no local data for @emotion/is-prop-valid@https://registry.npmjs.org/@emotion/is-prop-valid/-/is-prop-valid-1.4.0.tgz. Extracting by manifest.
2588 silly tarball no local data for @types/prop-types@https://registry.npmjs.org/@types/prop-types/-/prop-types-15.7.15.tgz. Extracting by manifest.
2589 silly tarball no local data for csstype@https://registry.npmjs.org/csstype/-/csstype-3.2.3.tgz. Extracting by manifest.
2590 silly tarball no local data for jsesc@https://registry.npmjs.org/jsesc/-/jsesc-3.1.0.tgz. Extracting by manifest.
2591 silly tarball no local data for @emotion/sheet@https://registry.npmjs.org/@emotion/sheet/-/sheet-1.4.0.tgz. Extracting by manifest.
2592 silly tarball no local data for @jridgewell/trace-mapping@https://registry.npmjs.org/@jridgewell/trace-mapping/-/trace-mapping-0.3.31.tgz. Extracting by manifest.
2593 silly tarball no local data for @jridgewell/gen-mapping@https://registry.npmjs.org/@jridgewell/gen-mapping/-/gen-mapping-0.3.13.tgz. Extracting by manifest.
2594 silly tarball no local data for picocolors@https://registry.npmjs.org/picocolors/-/picocolors-1.1.1.tgz. Extracting by manifest.
2595 silly tarball no local data for @emotion/unitless@https://registry.npmjs.org/@emotion/unitless/-/unitless-0.10.0.tgz. Extracting by manifest.
2596 silly tarball no local data for js-tokens@https://registry.npmjs.org/js-tokens/-/js-tokens-4.0.0.tgz. Extracting by manifest.
2597 silly tarball no local data for @babel/helper-validator-identifier@https://registry.npmjs.org/@babel/helper-validator-identifier/-/helper-validator-identifier-7.28.5.tgz. Extracting by manifest.
2598 silly tarball no local data for @babel/helper-string-parser@https://registry.npmjs.org/@babel/helper-string-parser/-/helper-string-parser-7.27.1.tgz. Extracting by manifest.
2599 silly tarball no local data for debug@https://registry.npmjs.org/debug/-/debug-4.4.3.tgz. Extracting by manifest.
2600 silly tarball no local data for @babel/parser@https://registry.npmjs.org/@babel/parser/-/parser-7.29.2.tgz. Extracting by manifest.
2601 silly tarball no local data for @babel/helper-globals@https://registry.npmjs.org/@babel/helper-globals/-/helper-globals-7.28.0.tgz. Extracting by manifest.
2602 silly tarball no local data for @babel/types@https://registry.npmjs.org/@babel/types/-/types-7.29.0.tgz. Extracting by manifest.
2603 silly tarball no local data for @babel/template@https://registry.npmjs.org/@babel/template/-/template-7.28.6.tgz. Extracting by manifest.
2604 silly tarball no local data for @babel/code-frame@https://registry.npmjs.org/@babel/code-frame/-/code-frame-7.29.0.tgz. Extracting by manifest.
2605 silly tarball no local data for @babel/generator@https://registry.npmjs.org/@babel/generator/-/generator-7.29.1.tgz. Extracting by manifest.
2606 silly tarball no local data for @babel/traverse@https://registry.npmjs.org/@babel/traverse/-/traverse-7.29.0.tgz. Extracting by manifest.
2607 silly tarball no local data for escape-string-regexp@https://registry.npmjs.org/escape-string-regexp/-/escape-string-regexp-4.0.0.tgz. Extracting by manifest.
2608 silly tarball no local data for source-map@https://registry.npmjs.org/source-map/-/source-map-0.5.7.tgz. Extracting by manifest.
2609 silly tarball no local data for convert-source-map@https://registry.npmjs.org/convert-source-map/-/convert-source-map-1.9.0.tgz. Extracting by manifest.
2610 silly tarball no local data for @emotion/memoize@https://registry.npmjs.org/@emotion/memoize/-/memoize-0.9.0.tgz. Extracting by manifest.
2611 silly tarball no local data for @emotion/hash@https://registry.npmjs.org/@emotion/hash/-/hash-0.9.2.tgz. Extracting by manifest.
2612 silly tarball no local data for @babel/helper-module-imports@https://registry.npmjs.org/@babel/helper-module-imports/-/helper-module-imports-7.28.6.tgz. Extracting by manifest.
2613 silly tarball no local data for find-root@https://registry.npmjs.org/find-root/-/find-root-1.1.0.tgz. Extracting by manifest.
2614 silly tarball no local data for stylis@https://registry.npmjs.org/stylis/-/stylis-4.2.0.tgz. Extracting by manifest.
2615 silly tarball no local data for hoist-non-react-statics@https://registry.npmjs.org/hoist-non-react-statics/-/hoist-non-react-statics-3.3.2.tgz. Extracting by manifest.
2616 silly tarball no local data for @emotion/weak-memoize@https://registry.npmjs.org/@emotion/weak-memoize/-/weak-memoize-0.4.0.tgz. Extracting by manifest.
2617 silly tarball no local data for babel-plugin-macros@https://registry.npmjs.org/babel-plugin-macros/-/babel-plugin-macros-3.1.0.tgz. Extracting by manifest.
2618 silly tarball no local data for @emotion/serialize@https://registry.npmjs.org/@emotion/serialize/-/serialize-1.3.3.tgz. Extracting by manifest.
2619 silly tarball no local data for @emotion/use-insertion-effect-with-fallbacks@https://registry.npmjs.org/@emotion/use-insertion-effect-with-fallbacks/-/use-insertion-effect-with-fallbacks-1.2.0.tgz. Extracting by manifest.
2620 silly tarball no local data for @emotion/cache@https://registry.npmjs.org/@emotion/cache/-/cache-11.14.0.tgz. Extracting by manifest.
2621 silly tarball no local data for @emotion/babel-plugin@https://registry.npmjs.org/@emotion/babel-plugin/-/babel-plugin-11.13.5.tgz. Extracting by manifest.
2622 silly tarball no local data for @babel/runtime@https://registry.npmjs.org/@babel/runtime/-/runtime-7.29.2.tgz. Extracting by manifest.
2623 silly tarball no local data for vaul@https://registry.npmjs.org/vaul/-/vaul-1.1.2.tgz. Extracting by manifest.
2624 silly tarball no local data for tailwindcss@https://registry.npmjs.org/tailwindcss/-/tailwindcss-4.1.12.tgz. Extracting by manifest.
2625 silly tarball no local data for @emotion/utils@https://registry.npmjs.org/@emotion/utils/-/utils-1.4.2.tgz. Extracting by manifest.
2626 silly tarball no local data for tailwind-merge@https://registry.npmjs.org/tailwind-merge/-/tailwind-merge-3.2.0.tgz. Extracting by manifest.
2627 silly tarball no local data for tw-animate-css@https://registry.npmjs.org/tw-animate-css/-/tw-animate-css-1.3.8.tgz. Extracting by manifest.
2628 silly tarball no local data for react-slick@https://registry.npmjs.org/react-slick/-/react-slick-0.31.0.tgz. Extracting by manifest.
2629 silly tarball no local data for recharts@https://registry.npmjs.org/recharts/-/recharts-2.15.2.tgz. Extracting by manifest.
2630 silly tarball no local data for sonner@https://registry.npmjs.org/sonner/-/sonner-2.0.3.tgz. Extracting by manifest.
2631 silly tarball no local data for react-responsive-masonry@https://registry.npmjs.org/react-responsive-masonry/-/react-responsive-masonry-2.7.1.tgz. Extracting by manifest.
2632 silly tarball no local data for react-hook-form@https://registry.npmjs.org/react-hook-form/-/react-hook-form-7.55.0.tgz. Extracting by manifest.
2633 silly tarball no local data for react-popper@https://registry.npmjs.org/react-popper/-/react-popper-2.3.0.tgz. Extracting by manifest.
2634 silly tarball no local data for react-router@https://registry.npmjs.org/react-router/-/react-router-7.13.0.tgz. Extracting by manifest.
2635 silly tarball no local data for react-resizable-panels@https://registry.npmjs.org/react-resizable-panels/-/react-resizable-panels-2.1.7.tgz. Extracting by manifest.
2636 silly tarball no local data for next-themes@https://registry.npmjs.org/next-themes/-/next-themes-0.4.6.tgz. Extracting by manifest.
2637 silly tarball no local data for react-dnd@https://registry.npmjs.org/react-dnd/-/react-dnd-16.0.1.tgz. Extracting by manifest.
2638 silly tarball no local data for motion@https://registry.npmjs.org/motion/-/motion-12.23.24.tgz. Extracting by manifest.
2639 silly tarball no local data for lucide-react@https://registry.npmjs.org/lucide-react/-/lucide-react-0.487.0.tgz. Extracting by manifest.
2640 silly tarball no local data for embla-carousel-react@https://registry.npmjs.org/embla-carousel-react/-/embla-carousel-react-8.6.0.tgz. Extracting by manifest.
2641 silly tarball no local data for react-dnd-html5-backend@https://registry.npmjs.org/react-dnd-html5-backend/-/react-dnd-html5-backend-16.0.1.tgz. Extracting by manifest.
2642 silly tarball no local data for cmdk@https://registry.npmjs.org/cmdk/-/cmdk-1.1.1.tgz. Extracting by manifest.
2643 silly tarball no local data for class-variance-authority@https://registry.npmjs.org/class-variance-authority/-/class-variance-authority-0.7.1.tgz. Extracting by manifest.
2644 silly tarball no local data for clsx@https://registry.npmjs.org/clsx/-/clsx-2.1.1.tgz. Extracting by manifest.
2645 silly tarball no local data for react-day-picker@https://registry.npmjs.org/react-day-picker/-/react-day-picker-8.10.1.tgz. Extracting by manifest.
2646 silly tarball no local data for date-fns@https://registry.npmjs.org/date-fns/-/date-fns-3.6.0.tgz. Extracting by manifest.
2647 silly tarball no local data for canvas-confetti@https://registry.npmjs.org/canvas-confetti/-/canvas-confetti-1.9.4.tgz. Extracting by manifest.
2648 silly tarball no local data for input-otp@https://registry.npmjs.org/input-otp/-/input-otp-1.4.2.tgz. Extracting by manifest.
2649 silly tarball no local data for @tailwindcss/vite@https://registry.npmjs.org/@tailwindcss/vite/-/vite-4.1.12.tgz. Extracting by manifest.
2650 silly tarball no local data for @radix-ui/react-tooltip@https://registry.npmjs.org/@radix-ui/react-tooltip/-/react-tooltip-1.1.8.tgz. Extracting by manifest.
2651 silly tarball no local data for @radix-ui/react-toggle-group@https://registry.npmjs.org/@radix-ui/react-toggle-group/-/react-toggle-group-1.1.2.tgz. Extracting by manifest.
2652 silly tarball no local data for vite@https://registry.npmjs.org/vite/-/vite-6.3.5.tgz. Extracting by manifest.
2653 silly tarball no local data for @radix-ui/react-tabs@https://registry.npmjs.org/@radix-ui/react-tabs/-/react-tabs-1.1.3.tgz. Extracting by manifest.
2654 silly tarball no local data for @vitejs/plugin-react@https://registry.npmjs.org/@vitejs/plugin-react/-/plugin-react-4.7.0.tgz. Extracting by manifest.
2655 silly tarball no local data for @radix-ui/react-switch@https://registry.npmjs.org/@radix-ui/react-switch/-/react-switch-1.1.3.tgz. Extracting by manifest.
2656 silly tarball no local data for @radix-ui/react-separator@https://registry.npmjs.org/@radix-ui/react-separator/-/react-separator-1.1.2.tgz. Extracting by manifest.
2657 silly tarball no local data for @radix-ui/react-slider@https://registry.npmjs.org/@radix-ui/react-slider/-/react-slider-1.2.3.tgz. Extracting by manifest.
2658 silly tarball no local data for @radix-ui/react-select@https://registry.npmjs.org/@radix-ui/react-select/-/react-select-2.1.6.tgz. Extracting by manifest.
2659 silly tarball no local data for @radix-ui/react-slot@https://registry.npmjs.org/@radix-ui/react-slot/-/react-slot-1.1.2.tgz. Extracting by manifest.
2660 silly tarball no local data for @radix-ui/react-scroll-area@https://registry.npmjs.org/@radix-ui/react-scroll-area/-/react-scroll-area-1.2.3.tgz. Extracting by manifest.
2661 silly tarball no local data for @radix-ui/react-progress@https://registry.npmjs.org/@radix-ui/react-progress/-/react-progress-1.1.2.tgz. Extracting by manifest.
2662 silly tarball no local data for @radix-ui/react-radio-group@https://registry.npmjs.org/@radix-ui/react-radio-group/-/react-radio-group-1.2.3.tgz. Extracting by manifest.
2663 silly tarball no local data for @radix-ui/react-popover@https://registry.npmjs.org/@radix-ui/react-popover/-/react-popover-1.1.6.tgz. Extracting by manifest.
2664 silly tarball no local data for @radix-ui/react-toggle@https://registry.npmjs.org/@radix-ui/react-toggle/-/react-toggle-1.1.2.tgz. Extracting by manifest.
2665 silly tarball no local data for @radix-ui/react-navigation-menu@https://registry.npmjs.org/@radix-ui/react-navigation-menu/-/react-navigation-menu-1.2.5.tgz. Extracting by manifest.
2666 silly tarball no local data for @radix-ui/react-label@https://registry.npmjs.org/@radix-ui/react-label/-/react-label-2.1.2.tgz. Extracting by manifest.
2667 silly tarball no local data for @radix-ui/react-hover-card@https://registry.npmjs.org/@radix-ui/react-hover-card/-/react-hover-card-1.1.6.tgz. Extracting by manifest.
2668 silly tarball no local data for @radix-ui/react-context-menu@https://registry.npmjs.org/@radix-ui/react-context-menu/-/react-context-menu-2.2.6.tgz. Extracting by manifest.
2669 silly tarball no local data for @radix-ui/react-dialog@https://registry.npmjs.org/@radix-ui/react-dialog/-/react-dialog-1.1.6.tgz. Extracting by manifest.
2670 silly tarball no local data for @radix-ui/react-collapsible@https://registry.npmjs.org/@radix-ui/react-collapsible/-/react-collapsible-1.1.3.tgz. Extracting by manifest.
2671 silly tarball no local data for @radix-ui/react-menubar@https://registry.npmjs.org/@radix-ui/react-menubar/-/react-menubar-1.1.6.tgz. Extracting by manifest.
2672 silly tarball no local data for @radix-ui/react-alert-dialog@https://registry.npmjs.org/@radix-ui/react-alert-dialog/-/react-alert-dialog-1.1.6.tgz. Extracting by manifest.
2673 silly tarball no local data for @radix-ui/react-dropdown-menu@https://registry.npmjs.org/@radix-ui/react-dropdown-menu/-/react-dropdown-menu-2.1.6.tgz. Extracting by manifest.
2674 silly tarball no local data for @radix-ui/react-avatar@https://registry.npmjs.org/@radix-ui/react-avatar/-/react-avatar-1.1.3.tgz. Extracting by manifest.
2675 silly tarball no local data for @popperjs/core@https://registry.npmjs.org/@popperjs/core/-/core-2.11.8.tgz. Extracting by manifest.
2676 silly tarball no local data for @radix-ui/react-checkbox@https://registry.npmjs.org/@radix-ui/react-checkbox/-/react-checkbox-1.1.4.tgz. Extracting by manifest.
2677 silly tarball no local data for @radix-ui/react-aspect-ratio@https://registry.npmjs.org/@radix-ui/react-aspect-ratio/-/react-aspect-ratio-1.1.2.tgz. Extracting by manifest.
2678 silly tarball no local data for @radix-ui/react-accordion@https://registry.npmjs.org/@radix-ui/react-accordion/-/react-accordion-1.2.3.tgz. Extracting by manifest.
2679 silly tarball no local data for @mui/icons-material@https://registry.npmjs.org/@mui/icons-material/-/icons-material-7.3.5.tgz. Extracting by manifest.
2680 silly tarball no local data for @mui/material@https://registry.npmjs.org/@mui/material/-/material-7.3.5.tgz. Extracting by manifest.
2681 silly tarball no local data for react-dom@https://registry.npmjs.org/react-dom/-/react-dom-18.3.1.tgz. Extracting by manifest.
2682 silly tarball no local data for @emotion/styled@https://registry.npmjs.org/@emotion/styled/-/styled-11.14.1.tgz. Extracting by manifest.
2683 silly tarball no local data for react@https://registry.npmjs.org/react/-/react-18.3.1.tgz. Extracting by manifest.
2684 silly tarball no local data for @emotion/react@https://registry.npmjs.org/@emotion/react/-/react-11.14.0.tgz. Extracting by manifest.
2685 silly tarball no local data for convert-source-map@https://registry.npmjs.org/convert-source-map/-/convert-source-map-2.0.0.tgz. Extracting by manifest.
2686 silly tarball no local data for yaml@https://registry.npmjs.org/yaml/-/yaml-1.10.2.tgz. Extracting by manifest.
2687 silly tarball no local data for react-is@https://registry.npmjs.org/react-is/-/react-is-16.13.1.tgz. Extracting by manifest.
2688 silly tarball no local data for react-is@https://registry.npmjs.org/react-is/-/react-is-18.3.1.tgz. Extracting by manifest.
2689 silly tarball no local data for yallist@https://registry.npmjs.org/yallist/-/yallist-5.0.0.tgz. Extracting by manifest.
2690 silly tarball no local data for react-is@https://registry.npmjs.org/react-is/-/react-is-16.13.1.tgz. Extracting by manifest.
2691 http fetch GET 200 https://registry.npmjs.org/nanoid/-/nanoid-3.3.11.tgz 82ms (cache miss)
2692 http fetch GET 200 https://registry.npmjs.org/tinyglobby/-/tinyglobby-0.2.15.tgz 83ms (cache miss)
2693 http fetch GET 200 https://registry.npmjs.org/picomatch/-/picomatch-4.0.3.tgz 83ms (cache miss)
2694 http fetch GET 200 https://registry.npmjs.org/@types/estree/-/estree-1.0.8.tgz 84ms (cache miss)
2695 http fetch GET 200 https://registry.npmjs.org/postcss/-/postcss-8.5.8.tgz 91ms (cache miss)
2696 http fetch POST 200 https://registry.npmjs.org/-/npm/v1/security/advisories/bulk 135ms
2697 silly audit report {
2697 silly audit report   vite: [
2697 silly audit report     {
2697 silly audit report       id: 1107324,
2697 silly audit report       url: 'https://github.com/advisories/GHSA-g4jq-h2w9-997c',
2697 silly audit report       title: 'Vite middleware may serve files starting with the same name with the public directory',
2697 silly audit report       severity: 'low',
2697 silly audit report       vulnerable_versions: '>=6.0.0 <=6.3.5',
2697 silly audit report       cwe: [Array],
2697 silly audit report       cvss: [Object]
2697 silly audit report     },
2697 silly audit report     {
2697 silly audit report       id: 1107328,
2697 silly audit report       url: 'https://github.com/advisories/GHSA-jqfw-vq24-v9c3',
2697 silly audit report       title: "Vite's `server.fs` settings were not applied to HTML files",
2697 silly audit report       severity: 'low',
2697 silly audit report       vulnerable_versions: '>=6.0.0 <=6.3.5',
2697 silly audit report       cwe: [Array],
2697 silly audit report       cvss: [Object]
2697 silly audit report     },
2697 silly audit report     {
2697 silly audit report       id: 1109135,
2697 silly audit report       url: 'https://github.com/advisories/GHSA-93m4-6634-74q7',
2697 silly audit report       title: 'vite allows server.fs.deny bypass via backslash on Windows',
2697 silly audit report       severity: 'moderate',
2697 silly audit report       vulnerable_versions: '>=6.0.0 <=6.4.0',
2697 silly audit report       cwe: [Array],
2697 silly audit report       cvss: [Object]
2697 silly audit report     }
2697 silly audit report   ]
2697 silly audit report }
2698 silly packumentCache corgi:https://registry.npmjs.org/vite cache-miss
2699 http fetch GET 200 https://registry.npmjs.org/yaml/-/yaml-2.8.2.tgz 117ms (cache miss)
2700 http fetch GET 200 https://registry.npmjs.org/@types/d3-color/-/d3-color-3.1.3.tgz 164ms (cache miss)
2701 http fetch GET 200 https://registry.npmjs.org/@types/d3-path/-/d3-path-3.1.1.tgz 164ms (cache miss)
2702 http fetch GET 200 https://registry.npmjs.org/d3-format/-/d3-format-3.1.2.tgz 164ms (cache miss)
2703 http fetch GET 200 https://registry.npmjs.org/d3-time/-/d3-time-3.1.0.tgz 165ms (cache miss)
2704 http fetch GET 200 https://registry.npmjs.org/@rollup/rollup-darwin-arm64/-/rollup-darwin-arm64-4.59.0.tgz 180ms (cache miss)
2705 http fetch GET 200 https://registry.npmjs.org/d3-timer/-/d3-timer-3.0.1.tgz 189ms (cache miss)
2706 http fetch GET 200 https://registry.npmjs.org/d3-scale/-/d3-scale-4.0.2.tgz 190ms (cache miss)
2707 http fetch GET 200 https://registry.npmjs.org/d3-shape/-/d3-shape-3.2.0.tgz 194ms (cache miss)
2708 http fetch GET 200 https://registry.npmjs.org/d3-interpolate/-/d3-interpolate-3.0.1.tgz 215ms (cache miss)
2709 http fetch GET 200 https://registry.npmjs.org/d3-array/-/d3-array-3.2.4.tgz 218ms (cache miss)
2710 http fetch GET 200 https://registry.npmjs.org/d3-ease/-/d3-ease-3.0.1.tgz 221ms (cache miss)
2711 http fetch GET 200 https://registry.npmjs.org/@types/d3-timer/-/d3-timer-3.0.2.tgz 228ms (cache miss)
2712 http fetch GET 200 https://registry.npmjs.org/@types/d3-shape/-/d3-shape-3.1.8.tgz 234ms (cache miss)
2713 http fetch GET 200 https://registry.npmjs.org/fsevents/-/fsevents-2.3.3.tgz 237ms (cache miss)
2714 http fetch GET 200 https://registry.npmjs.org/@types/d3-ease/-/d3-ease-3.0.2.tgz 239ms (cache miss)
2715 http fetch GET 200 https://registry.npmjs.org/fdir/-/fdir-6.5.0.tgz 243ms (cache miss)
2716 http fetch GET 200 https://registry.npmjs.org/d3-path/-/d3-path-3.1.0.tgz 247ms (cache miss)
2717 http fetch GET 200 https://registry.npmjs.org/esbuild/-/esbuild-0.25.12.tgz 250ms (cache miss)
2718 http fetch GET 200 https://registry.npmjs.org/d3-time-format/-/d3-time-format-4.1.0.tgz 251ms (cache miss)
2719 http fetch GET 200 https://registry.npmjs.org/rollup/-/rollup-4.59.0.tgz 257ms (cache miss)
2720 http fetch GET 200 https://registry.npmjs.org/d3-color/-/d3-color-3.1.0.tgz 259ms (cache miss)
2721 http fetch GET 200 https://registry.npmjs.org/@types/d3-time/-/d3-time-3.0.4.tgz 259ms (cache miss)
2722 http fetch GET 200 https://registry.npmjs.org/@types/d3-scale/-/d3-scale-4.0.9.tgz 262ms (cache miss)
2723 http fetch GET 200 https://registry.npmjs.org/@types/d3-interpolate/-/d3-interpolate-3.0.4.tgz 270ms (cache miss)
2724 http fetch GET 200 https://registry.npmjs.org/escalade/-/escalade-3.2.0.tgz 276ms (cache miss)
2725 http fetch GET 200 https://registry.npmjs.org/@types/d3-array/-/d3-array-3.2.2.tgz 282ms (cache miss)
2726 http fetch GET 200 https://registry.npmjs.org/@isaacs/fs-minipass/-/fs-minipass-4.0.1.tgz 283ms (cache miss)
2727 http fetch GET 200 https://registry.npmjs.org/detect-node-es/-/detect-node-es-1.1.0.tgz 303ms (cache miss)
2728 http fetch GET 200 https://registry.npmjs.org/path-parse/-/path-parse-1.0.7.tgz 303ms (cache miss)
2729 http fetch GET 200 https://registry.npmjs.org/chownr/-/chownr-3.0.0.tgz 303ms (cache miss)
2730 http fetch GET 200 https://registry.npmjs.org/internmap/-/internmap-2.0.3.tgz 303ms (cache miss)
2731 http fetch GET 200 https://registry.npmjs.org/minipass/-/minipass-7.1.3.tgz 304ms (cache miss)
2732 http fetch GET 200 https://registry.npmjs.org/function-bind/-/function-bind-1.1.2.tgz 313ms (cache miss)
2733 http fetch GET 200 https://registry.npmjs.org/supports-preserve-symlinks-flag/-/supports-preserve-symlinks-flag-1.0.0.tgz 312ms (cache miss)
2734 http fetch GET 200 https://registry.npmjs.org/minizlib/-/minizlib-3.1.0.tgz 318ms (cache miss)
2735 http fetch GET 200 https://registry.npmjs.org/tiny-invariant/-/tiny-invariant-1.3.3.tgz 322ms (cache miss)
2736 http fetch GET 200 https://registry.npmjs.org/decimal.js-light/-/decimal.js-light-2.5.1.tgz 323ms (cache miss)
2737 http fetch GET 200 https://registry.npmjs.org/is-core-module/-/is-core-module-2.16.1.tgz 324ms (cache miss)
2738 http fetch GET 200 https://registry.npmjs.org/fast-equals/-/fast-equals-5.4.0.tgz 325ms (cache miss)
2739 http fetch GET 200 https://registry.npmjs.org/react-smooth/-/react-smooth-4.0.4.tgz 332ms (cache miss)
2740 http fetch GET 200 https://registry.npmjs.org/eventemitter3/-/eventemitter3-4.0.7.tgz 350ms (cache miss)
2741 http fetch GET 200 https://registry.npmjs.org/recharts-scale/-/recharts-scale-0.4.5.tgz 360ms (cache miss)
2742 http fetch GET 200 https://registry.npmjs.org/string-convert/-/string-convert-0.2.1.tgz 377ms (cache miss)
2743 http fetch GET 200 https://registry.npmjs.org/lodash.debounce/-/lodash.debounce-4.0.8.tgz 392ms (cache miss)
2744 http fetch GET 200 https://registry.npmjs.org/react-remove-scroll-bar/-/react-remove-scroll-bar-2.3.8.tgz 391ms (cache miss)
2745 http fetch GET 200 https://registry.npmjs.org/get-nonce/-/get-nonce-1.0.1.tgz 392ms (cache miss)
2746 http fetch GET 200 https://registry.npmjs.org/classnames/-/classnames-2.5.1.tgz 395ms (cache miss)
2747 http fetch GET 200 https://registry.npmjs.org/json2mq/-/json2mq-0.2.0.tgz 396ms (cache miss)
2748 http fetch GET 200 https://registry.npmjs.org/set-cookie-parser/-/set-cookie-parser-2.7.2.tgz 396ms (cache miss)
2749 http fetch GET 200 https://registry.npmjs.org/victory-vendor/-/victory-vendor-36.9.2.tgz 402ms (cache miss)
2750 http fetch GET 200 https://registry.npmjs.org/cookie/-/cookie-1.1.1.tgz 404ms (cache miss)
2751 http fetch GET 200 https://registry.npmjs.org/resize-observer-polyfill/-/resize-observer-polyfill-1.5.1.tgz 408ms (cache miss)
2752 http fetch GET 200 https://registry.npmjs.org/dom-helpers/-/dom-helpers-5.2.1.tgz 434ms (cache miss)
2753 http fetch GET 200 https://registry.npmjs.org/react-style-singleton/-/react-style-singleton-2.2.3.tgz 443ms (cache miss)
2754 http fetch GET 200 https://registry.npmjs.org/warning/-/warning-4.0.3.tgz 446ms (cache miss)
2755 http fetch GET 200 https://registry.npmjs.org/lodash/-/lodash-4.17.23.tgz 447ms (cache miss)
2756 http fetch GET 200 https://registry.npmjs.org/scheduler/-/scheduler-0.23.2.tgz 449ms (cache miss)
2757 http fetch GET 200 https://registry.npmjs.org/loose-envify/-/loose-envify-1.4.0.tgz 451ms (cache miss)
2758 http fetch GET 200 https://registry.npmjs.org/fast-deep-equal/-/fast-deep-equal-3.1.3.tgz 452ms (cache miss)
2759 http fetch GET 200 https://registry.npmjs.org/hasown/-/hasown-2.0.2.tgz 454ms (cache miss)
2760 http fetch GET 200 https://registry.npmjs.org/redux/-/redux-4.2.1.tgz 454ms (cache miss)
2761 http fetch GET 200 https://registry.npmjs.org/react-fast-compare/-/react-fast-compare-3.2.2.tgz 458ms (cache miss)
2762 http fetch GET 200 https://registry.npmjs.org/@react-dnd/shallowequal/-/shallowequal-4.0.2.tgz 479ms (cache miss)
2763 http fetch GET 200 https://registry.npmjs.org/use-sidecar/-/use-sidecar-1.1.3.tgz 480ms (cache miss)
2764 http fetch GET 200 https://registry.npmjs.org/use-callback-ref/-/use-callback-ref-1.3.3.tgz 481ms (cache miss)
2765 http fetch GET 200 https://registry.npmjs.org/object-assign/-/object-assign-4.1.1.tgz 485ms (cache miss)
2766 http fetch GET 200 https://registry.npmjs.org/dnd-core/-/dnd-core-16.0.1.tgz 487ms (cache miss)
2767 http fetch GET 200 https://registry.npmjs.org/lines-and-columns/-/lines-and-columns-1.2.4.tgz 488ms (cache miss)
2768 http fetch GET 200 https://registry.npmjs.org/json-parse-even-better-errors/-/json-parse-even-better-errors-2.3.1.tgz 489ms (cache miss)
2769 http fetch GET 200 https://registry.npmjs.org/is-arrayish/-/is-arrayish-0.2.1.tgz 491ms (cache miss)
2770 http fetch GET 200 https://registry.npmjs.org/error-ex/-/error-ex-1.3.4.tgz 498ms (cache miss)
2771 http fetch GET 200 https://registry.npmjs.org/callsites/-/callsites-3.1.0.tgz 542ms (cache miss)
2772 http fetch GET 200 https://registry.npmjs.org/resolve-from/-/resolve-from-4.0.0.tgz 556ms (cache miss)
2773 http fetch GET 200 https://registry.npmjs.org/motion-utils/-/motion-utils-12.36.0.tgz 597ms (cache miss)
2774 http fetch GET 200 https://registry.npmjs.org/graceful-fs/-/graceful-fs-4.2.11.tgz 606ms (cache miss)
2775 http fetch GET 200 https://registry.npmjs.org/ms/-/ms-2.1.3.tgz 614ms (cache miss)
2776 http fetch GET 200 https://registry.npmjs.org/tapable/-/tapable-2.3.0.tgz 614ms (cache miss)
2777 http fetch GET 200 https://registry.npmjs.org/@react-dnd/invariant/-/invariant-4.0.2.tgz 616ms (cache miss)
2778 http fetch GET 200 https://registry.npmjs.org/embla-carousel-reactive-utils/-/embla-carousel-reactive-utils-8.6.0.tgz 615ms (cache miss)
2779 http fetch GET 200 https://registry.npmjs.org/@react-dnd/asap/-/asap-5.0.2.tgz 619ms (cache miss)
2780 http fetch GET 200 https://registry.npmjs.org/yallist/-/yallist-3.1.1.tgz 630ms (cache miss)
2781 http fetch GET 200 https://registry.npmjs.org/embla-carousel/-/embla-carousel-8.6.0.tgz 634ms (cache miss)
2782 http fetch GET 200 https://registry.npmjs.org/path-type/-/path-type-4.0.0.tgz 645ms (cache miss)
2783 http fetch GET 200 https://registry.npmjs.org/parse-json/-/parse-json-5.2.0.tgz 645ms (cache miss)
2784 http fetch GET 200 https://registry.npmjs.org/@types/parse-json/-/parse-json-4.0.2.tgz 681ms (cache miss)
2785 http fetch GET 200 https://registry.npmjs.org/import-fresh/-/import-fresh-3.3.1.tgz 692ms (cache miss)
2786 http fetch GET 200 https://registry.npmjs.org/update-browserslist-db/-/update-browserslist-db-1.2.3.tgz 694ms (cache miss)
2787 http fetch GET 200 https://registry.npmjs.org/parent-module/-/parent-module-1.0.1.tgz 699ms (cache miss)
2788 http fetch GET 200 https://registry.npmjs.org/baseline-browser-mapping/-/baseline-browser-mapping-2.10.9.tgz 699ms (cache miss)
2789 http fetch GET 200 https://registry.npmjs.org/electron-to-chromium/-/electron-to-chromium-1.5.321.tgz 705ms (cache miss)
2790 http fetch GET 200 https://registry.npmjs.org/node-releases/-/node-releases-2.0.36.tgz 718ms (cache miss)
2791 http fetch GET 200 https://registry.npmjs.org/@types/babel__traverse/-/babel__traverse-7.28.0.tgz 727ms (cache miss)
2792 http fetch GET 200 https://registry.npmjs.org/cosmiconfig/-/cosmiconfig-7.1.0.tgz 731ms (cache miss)
2793 http fetch GET 200 https://registry.npmjs.org/motion-dom/-/motion-dom-12.38.0.tgz 734ms (cache miss)
2794 http fetch GET 200 https://registry.npmjs.org/@types/babel__template/-/babel__template-7.4.4.tgz 736ms (cache miss)
2795 http fetch GET 200 https://registry.npmjs.org/framer-motion/-/framer-motion-12.38.0.tgz 744ms (cache miss)
2796 http fetch GET 200 https://registry.npmjs.org/resolve/-/resolve-1.22.11.tgz 746ms (cache miss)
2797 http fetch GET 200 https://registry.npmjs.org/tslib/-/tslib-2.8.1.tgz 747ms (cache miss)
2798 http fetch GET 200 https://registry.npmjs.org/lru-cache/-/lru-cache-5.1.1.tgz 765ms (cache miss)
2799 http fetch GET 200 https://registry.npmjs.org/@babel/helper-plugin-utils/-/helper-plugin-utils-7.28.6.tgz 769ms (cache miss)
2800 http fetch GET 200 https://registry.npmjs.org/browserslist/-/browserslist-4.28.1.tgz 770ms (cache miss)
2801 http fetch GET 200 https://registry.npmjs.org/gensync/-/gensync-1.0.0-beta.2.tgz 773ms (cache miss)
2802 http fetch GET 200 https://registry.npmjs.org/semver/-/semver-6.3.1.tgz 774ms (cache miss)
2803 http fetch GET 200 https://registry.npmjs.org/@types/babel__generator/-/babel__generator-7.27.0.tgz 776ms (cache miss)
2804 http fetch GET 200 https://registry.npmjs.org/@babel/compat-data/-/compat-data-7.29.0.tgz 776ms (cache miss)
2805 http fetch GET 200 https://registry.npmjs.org/@babel/helper-validator-option/-/helper-validator-option-7.27.1.tgz 794ms (cache miss)
2806 http fetch GET 200 https://registry.npmjs.org/@babel/helper-compilation-targets/-/helper-compilation-targets-7.28.6.tgz 794ms (cache miss)
2807 http fetch GET 200 https://registry.npmjs.org/@babel/helper-module-transforms/-/helper-module-transforms-7.28.6.tgz 797ms (cache miss)
2808 http fetch GET 200 https://registry.npmjs.org/@types/babel__core/-/babel__core-7.20.5.tgz 807ms (cache miss)
2809 http fetch GET 200 https://registry.npmjs.org/react-refresh/-/react-refresh-0.17.0.tgz 813ms (cache miss)
2810 http fetch GET 200 https://registry.npmjs.org/caniuse-lite/-/caniuse-lite-1.0.30001780.tgz 823ms (cache miss)
2811 http fetch GET 200 https://registry.npmjs.org/@babel/plugin-transform-react-jsx-source/-/plugin-transform-react-jsx-source-7.27.1.tgz 826ms (cache miss)
2812 http fetch GET 200 https://registry.npmjs.org/json5/-/json5-2.2.3.tgz 839ms (cache miss)
2813 http fetch GET 200 https://registry.npmjs.org/@babel/helpers/-/helpers-7.29.2.tgz 843ms (cache miss)
2814 http fetch GET 200 https://registry.npmjs.org/@rolldown/pluginutils/-/pluginutils-1.0.0-beta.27.tgz 869ms (cache miss)
2815 http fetch GET 200 https://registry.npmjs.org/detect-libc/-/detect-libc-2.1.2.tgz 869ms (cache miss)
2816 http fetch GET 200 https://registry.npmjs.org/magic-string/-/magic-string-0.30.21.tgz 899ms (cache miss)
2817 http fetch GET 200 https://registry.npmjs.org/source-map-js/-/source-map-js-1.2.1.tgz 929ms (cache miss)
2818 http fetch GET 200 https://registry.npmjs.org/enhanced-resolve/-/enhanced-resolve-5.20.1.tgz 934ms (cache miss)
2819 http fetch GET 200 https://registry.npmjs.org/lightningcss/-/lightningcss-1.30.1.tgz 938ms (cache miss)
2820 http fetch GET 200 https://registry.npmjs.org/@tailwindcss/oxide/-/oxide-4.1.12.tgz 955ms (cache miss)
2821 http fetch GET 200 https://registry.npmjs.org/tar/-/tar-7.5.12.tgz 960ms (cache miss)
2822 http fetch GET 200 https://registry.npmjs.org/@floating-ui/core/-/core-1.7.5.tgz 967ms (cache miss)
2823 http fetch GET 200 https://registry.npmjs.org/@jridgewell/remapping/-/remapping-2.3.5.tgz 995ms (cache miss)
2824 http fetch GET 200 https://registry.npmjs.org/@radix-ui/react-arrow/-/react-arrow-1.1.2.tgz 1001ms (cache miss)
2825 http fetch GET 200 https://registry.npmjs.org/@tailwindcss/node/-/node-4.1.12.tgz 1007ms (cache miss)
2826 http fetch GET 200 https://registry.npmjs.org/@floating-ui/dom/-/dom-1.7.6.tgz 1007ms (cache miss)
2827 http fetch GET 200 https://registry.npmjs.org/@floating-ui/utils/-/utils-0.2.11.tgz 1012ms (cache miss)
2828 http fetch GET 200 https://registry.npmjs.org/@radix-ui/number/-/number-1.1.0.tgz 1043ms (cache miss)
2829 http fetch GET 200 https://registry.npmjs.org/@radix-ui/rect/-/rect-1.1.0.tgz 1046ms (cache miss)
2830 http fetch GET 200 https://registry.npmjs.org/@babel/plugin-transform-react-jsx-self/-/plugin-transform-react-jsx-self-7.27.1.tgz 1052ms (cache miss)
2831 http fetch GET 200 https://registry.npmjs.org/@radix-ui/react-use-rect/-/react-use-rect-1.1.0.tgz 1052ms (cache miss)
2832 http fetch GET 200 https://registry.npmjs.org/@radix-ui/react-visually-hidden/-/react-visually-hidden-1.1.2.tgz 1053ms (cache miss)
2833 http fetch GET 200 https://registry.npmjs.org/@babel/core/-/core-7.29.0.tgz 1059ms (cache miss)
2834 http fetch GET 200 https://registry.npmjs.org/jiti/-/jiti-2.6.1.tgz 1075ms (cache miss)
2835 http fetch GET 200 https://registry.npmjs.org/react-remove-scroll/-/react-remove-scroll-2.7.2.tgz 1077ms (cache miss)
2836 http fetch GET 200 https://registry.npmjs.org/aria-hidden/-/aria-hidden-1.2.6.tgz 1084ms (cache miss)
2837 http fetch GET 200 https://registry.npmjs.org/@radix-ui/react-roving-focus/-/react-roving-focus-1.1.2.tgz 1085ms (cache miss)
2838 http fetch GET 200 https://registry.npmjs.org/@radix-ui/react-popper/-/react-popper-1.2.2.tgz 1085ms (cache miss)
2839 http fetch GET 200 https://registry.npmjs.org/@radix-ui/react-use-escape-keydown/-/react-use-escape-keydown-1.1.0.tgz 1100ms (cache miss)
2840 http fetch GET 200 https://registry.npmjs.org/@radix-ui/react-focus-guards/-/react-focus-guards-1.1.1.tgz 1121ms (cache miss)
2841 http fetch GET 200 https://registry.npmjs.org/@radix-ui/react-use-size/-/react-use-size-1.1.0.tgz 1121ms (cache miss)
2842 http fetch GET 200 https://registry.npmjs.org/@radix-ui/react-focus-scope/-/react-focus-scope-1.1.2.tgz 1121ms (cache miss)
2843 http fetch GET 200 https://registry.npmjs.org/@floating-ui/react-dom/-/react-dom-2.1.8.tgz 1124ms (cache miss)
2844 http fetch GET 200 https://registry.npmjs.org/@radix-ui/react-portal/-/react-portal-1.1.4.tgz 1130ms (cache miss)
2845 http fetch GET 200 https://registry.npmjs.org/@radix-ui/react-use-previous/-/react-use-previous-1.1.0.tgz 1138ms (cache miss)
2846 http fetch GET 200 https://registry.npmjs.org/@radix-ui/react-id/-/react-id-1.1.0.tgz 1148ms (cache miss)
2847 http fetch GET 200 https://registry.npmjs.org/@radix-ui/react-use-callback-ref/-/react-use-callback-ref-1.1.0.tgz 1149ms (cache miss)
2848 http fetch GET 200 https://registry.npmjs.org/@radix-ui/react-dismissable-layer/-/react-dismissable-layer-1.1.5.tgz 1150ms (cache miss)
2849 http fetch GET 200 https://registry.npmjs.org/@radix-ui/react-presence/-/react-presence-1.1.2.tgz 1150ms (cache miss)
2850 http fetch GET 200 https://registry.npmjs.org/@radix-ui/react-menu/-/react-menu-2.1.6.tgz 1167ms (cache miss)
2851 http fetch GET 200 https://registry.npmjs.org/@radix-ui/react-use-controllable-state/-/react-use-controllable-state-1.1.0.tgz 1181ms (cache miss)
2852 http fetch GET 200 https://registry.npmjs.org/@radix-ui/react-use-layout-effect/-/react-use-layout-effect-1.1.0.tgz 1203ms (cache miss)
2853 http fetch GET 200 https://registry.npmjs.org/@radix-ui/react-primitive/-/react-primitive-2.0.2.tgz 1207ms (cache miss)
2854 http fetch GET 200 https://registry.npmjs.org/@radix-ui/react-direction/-/react-direction-1.1.0.tgz 1215ms (cache miss)
2855 http fetch GET 200 https://registry.npmjs.org/react-transition-group/-/react-transition-group-4.4.5.tgz 1215ms (cache miss)
2856 http fetch GET 200 https://registry.npmjs.org/@radix-ui/primitive/-/primitive-1.1.1.tgz 1221ms (cache miss)
2857 http fetch GET 200 https://registry.npmjs.org/@tailwindcss/oxide-darwin-arm64/-/oxide-darwin-arm64-4.1.12.tgz 1226ms (cache miss)
2858 http fetch GET 200 https://registry.npmjs.org/@radix-ui/react-compose-refs/-/react-compose-refs-1.1.1.tgz 1229ms (cache miss)
2859 http fetch GET 200 https://registry.npmjs.org/@radix-ui/react-context/-/react-context-1.1.1.tgz 1229ms (cache miss)
2860 http fetch GET 200 https://registry.npmjs.org/@radix-ui/react-collection/-/react-collection-1.1.2.tgz 1230ms (cache miss)
2861 http fetch GET 200 https://registry.npmjs.org/react-is/-/react-is-19.2.4.tgz 1236ms (cache miss)
2862 http fetch GET 200 https://registry.npmjs.org/prop-types/-/prop-types-15.8.1.tgz 1236ms (cache miss)
2863 http fetch GET 200 https://registry.npmjs.org/@mui/styled-engine/-/styled-engine-7.3.9.tgz 1237ms (cache miss)
2864 http fetch GET 200 https://registry.npmjs.org/@mui/private-theming/-/private-theming-7.3.9.tgz 1246ms (cache miss)
2865 http fetch GET 200 https://registry.npmjs.org/@types/react-transition-group/-/react-transition-group-4.4.12.tgz 1274ms (cache miss)
2866 http fetch GET 200 https://registry.npmjs.org/csstype/-/csstype-3.2.3.tgz 1285ms (cache miss)
2867 http fetch GET 200 https://registry.npmjs.org/@mui/types/-/types-7.4.12.tgz 1287ms (cache miss)
2868 http fetch GET 200 https://registry.npmjs.org/@mui/core-downloads-tracker/-/core-downloads-tracker-7.3.9.tgz 1292ms (cache miss)
2869 http fetch GET 200 https://registry.npmjs.org/@types/prop-types/-/prop-types-15.7.15.tgz 1292ms (cache miss)
2870 http fetch GET 200 https://registry.npmjs.org/@emotion/is-prop-valid/-/is-prop-valid-1.4.0.tgz 1305ms (cache miss)
2871 http fetch GET 200 https://registry.npmjs.org/@jridgewell/sourcemap-codec/-/sourcemap-codec-1.5.5.tgz 1305ms (cache miss)
2872 http fetch GET 200 https://registry.npmjs.org/@types/react/-/react-19.2.14.tgz 1307ms (cache miss)
2873 http fetch GET 200 https://registry.npmjs.org/@jridgewell/resolve-uri/-/resolve-uri-3.1.2.tgz 1308ms (cache miss)
2874 http fetch GET 200 https://registry.npmjs.org/jsesc/-/jsesc-3.1.0.tgz 1310ms (cache miss)
2875 http fetch GET 200 https://registry.npmjs.org/@emotion/sheet/-/sheet-1.4.0.tgz 1327ms (cache miss)
2876 http fetch GET 200 https://registry.npmjs.org/picocolors/-/picocolors-1.1.1.tgz 1336ms (cache miss)
2877 http fetch GET 200 https://registry.npmjs.org/@jridgewell/trace-mapping/-/trace-mapping-0.3.31.tgz 1341ms (cache miss)
2878 http fetch GET 200 https://registry.npmjs.org/@emotion/unitless/-/unitless-0.10.0.tgz 1349ms (cache miss)
2879 http fetch GET 200 https://registry.npmjs.org/@mui/utils/-/utils-7.3.9.tgz 1355ms (cache miss)
2880 http fetch GET 200 https://registry.npmjs.org/@jridgewell/gen-mapping/-/gen-mapping-0.3.13.tgz 1364ms (cache miss)
2881 http fetch GET 200 https://registry.npmjs.org/@mui/system/-/system-7.3.9.tgz 1367ms (cache miss)
2882 http fetch GET 200 https://registry.npmjs.org/js-tokens/-/js-tokens-4.0.0.tgz 1368ms (cache miss)
2883 http fetch GET 200 https://registry.npmjs.org/debug/-/debug-4.4.3.tgz 1379ms (cache miss)
2884 http fetch GET 200 https://registry.npmjs.org/@babel/helper-string-parser/-/helper-string-parser-7.27.1.tgz 1382ms (cache miss)
2885 http fetch GET 200 https://registry.npmjs.org/@babel/helper-validator-identifier/-/helper-validator-identifier-7.28.5.tgz 1386ms (cache miss)
2886 http fetch GET 200 https://registry.npmjs.org/@babel/helper-globals/-/helper-globals-7.28.0.tgz 1395ms (cache miss)
2887 http fetch GET 200 https://registry.npmjs.org/@babel/template/-/template-7.28.6.tgz 1396ms (cache miss)
2888 http fetch GET 200 https://registry.npmjs.org/@babel/code-frame/-/code-frame-7.29.0.tgz 1411ms (cache miss)
2889 http fetch GET 200 https://registry.npmjs.org/escape-string-regexp/-/escape-string-regexp-4.0.0.tgz 1422ms (cache miss)
2890 http fetch GET 200 https://registry.npmjs.org/lightningcss-darwin-arm64/-/lightningcss-darwin-arm64-1.30.1.tgz 1440ms (cache miss)
2891 http fetch GET 200 https://registry.npmjs.org/@babel/generator/-/generator-7.29.1.tgz 1435ms (cache miss)
2892 http fetch GET 200 https://registry.npmjs.org/source-map/-/source-map-0.5.7.tgz 1452ms (cache miss)
2893 http fetch GET 200 https://registry.npmjs.org/@babel/parser/-/parser-7.29.2.tgz 1460ms (cache miss)
2894 http fetch GET 200 https://registry.npmjs.org/convert-source-map/-/convert-source-map-1.9.0.tgz 1460ms (cache miss)
2895 http fetch GET 200 https://registry.npmjs.org/@emotion/hash/-/hash-0.9.2.tgz 1469ms (cache miss)
2896 http fetch GET 200 https://registry.npmjs.org/find-root/-/find-root-1.1.0.tgz 1469ms (cache miss)
2897 http fetch GET 200 https://registry.npmjs.org/@babel/helper-module-imports/-/helper-module-imports-7.28.6.tgz 1470ms (cache miss)
2898 http fetch GET 200 https://registry.npmjs.org/@emotion/memoize/-/memoize-0.9.0.tgz 1473ms (cache miss)
2899 http fetch GET 200 https://registry.npmjs.org/@babel/traverse/-/traverse-7.29.0.tgz 1474ms (cache miss)
2900 http fetch GET 200 https://registry.npmjs.org/@babel/types/-/types-7.29.0.tgz 1485ms (cache miss)
2901 http fetch GET 200 https://registry.npmjs.org/stylis/-/stylis-4.2.0.tgz 1484ms (cache miss)
2902 http fetch GET 200 https://registry.npmjs.org/hoist-non-react-statics/-/hoist-non-react-statics-3.3.2.tgz 1487ms (cache miss)
2903 http fetch GET 200 https://registry.npmjs.org/@emotion/weak-memoize/-/weak-memoize-0.4.0.tgz 1489ms (cache miss)
2904 http fetch GET 200 https://registry.npmjs.org/babel-plugin-macros/-/babel-plugin-macros-3.1.0.tgz 1489ms (cache miss)
2905 http fetch GET 200 https://registry.npmjs.org/@emotion/serialize/-/serialize-1.3.3.tgz 1500ms (cache miss)
2906 http fetch GET 200 https://registry.npmjs.org/tw-animate-css/-/tw-animate-css-1.3.8.tgz 1535ms (cache miss)
2907 http fetch GET 200 https://registry.npmjs.org/vaul/-/vaul-1.1.2.tgz 1535ms (cache miss)
2908 http fetch GET 200 https://registry.npmjs.org/@emotion/use-insertion-effect-with-fallbacks/-/use-insertion-effect-with-fallbacks-1.2.0.tgz 1548ms (cache miss)
2909 http fetch GET 200 https://registry.npmjs.org/sonner/-/sonner-2.0.3.tgz 1559ms (cache miss)
2910 http fetch GET 200 https://registry.npmjs.org/@emotion/utils/-/utils-1.4.2.tgz 1563ms (cache miss)
2911 http fetch GET 200 https://registry.npmjs.org/tailwind-merge/-/tailwind-merge-3.2.0.tgz 1563ms (cache miss)
2912 http fetch GET 200 https://registry.npmjs.org/react-slick/-/react-slick-0.31.0.tgz 1573ms (cache miss)
2913 http fetch GET 200 https://registry.npmjs.org/@emotion/cache/-/cache-11.14.0.tgz 1583ms (cache miss)
2914 http fetch GET 200 https://registry.npmjs.org/@emotion/babel-plugin/-/babel-plugin-11.13.5.tgz 1587ms (cache miss)
2915 http fetch GET 200 https://registry.npmjs.org/tailwindcss/-/tailwindcss-4.1.12.tgz 1599ms (cache miss)
2916 http fetch GET 200 https://registry.npmjs.org/react-responsive-masonry/-/react-responsive-masonry-2.7.1.tgz 1600ms (cache miss)
2917 http fetch GET 200 https://registry.npmjs.org/react-popper/-/react-popper-2.3.0.tgz 1628ms (cache miss)
2918 http fetch GET 200 https://registry.npmjs.org/react-hook-form/-/react-hook-form-7.55.0.tgz 1635ms (cache miss)
2919 http fetch GET 200 https://registry.npmjs.org/react-resizable-panels/-/react-resizable-panels-2.1.7.tgz 1651ms (cache miss)
2920 http fetch GET 200 https://registry.npmjs.org/next-themes/-/next-themes-0.4.6.tgz 1660ms (cache miss)
2921 http fetch GET 200 https://registry.npmjs.org/@babel/runtime/-/runtime-7.29.2.tgz 1670ms (cache miss)
2922 http fetch GET 200 https://registry.npmjs.org/embla-carousel-react/-/embla-carousel-react-8.6.0.tgz 1680ms (cache miss)
2923 http fetch GET 200 https://registry.npmjs.org/motion/-/motion-12.23.24.tgz 1682ms (cache miss)
2924 http fetch GET 200 https://registry.npmjs.org/cmdk/-/cmdk-1.1.1.tgz 1683ms (cache miss)
2925 http fetch GET 200 https://registry.npmjs.org/class-variance-authority/-/class-variance-authority-0.7.1.tgz 1702ms (cache miss)
2926 http fetch GET 200 https://registry.npmjs.org/react-dnd/-/react-dnd-16.0.1.tgz 1708ms (cache miss)
2927 http fetch GET 200 https://registry.npmjs.org/react-dnd-html5-backend/-/react-dnd-html5-backend-16.0.1.tgz 1709ms (cache miss)
2928 http fetch GET 200 https://registry.npmjs.org/clsx/-/clsx-2.1.1.tgz 1714ms (cache miss)
2929 http fetch GET 200 https://registry.npmjs.org/canvas-confetti/-/canvas-confetti-1.9.4.tgz 1773ms (cache miss)
2930 http fetch GET 200 https://registry.npmjs.org/input-otp/-/input-otp-1.4.2.tgz 1817ms (cache miss)
2931 http fetch GET 200 https://registry.npmjs.org/@tailwindcss/vite/-/vite-4.1.12.tgz 1817ms (cache miss)
2932 http fetch GET 200 https://registry.npmjs.org/react-day-picker/-/react-day-picker-8.10.1.tgz 1834ms (cache miss)
2933 http fetch GET 200 https://registry.npmjs.org/@radix-ui/react-tooltip/-/react-tooltip-1.1.8.tgz 1834ms (cache miss)
2934 http fetch GET 200 https://registry.npmjs.org/@radix-ui/react-toggle-group/-/react-toggle-group-1.1.2.tgz 1850ms (cache miss)
2935 http fetch GET 200 https://registry.npmjs.org/@vitejs/plugin-react/-/plugin-react-4.7.0.tgz 1891ms (cache miss)
2936 http fetch GET 200 https://registry.npmjs.org/@radix-ui/react-separator/-/react-separator-1.1.2.tgz 1908ms (cache miss)
2937 http fetch GET 200 https://registry.npmjs.org/@radix-ui/react-tabs/-/react-tabs-1.1.3.tgz 1909ms (cache miss)
2938 http fetch GET 200 https://registry.npmjs.org/@radix-ui/react-select/-/react-select-2.1.6.tgz 1961ms (cache miss)
2939 http fetch GET 200 https://registry.npmjs.org/@radix-ui/react-slot/-/react-slot-1.1.2.tgz 1965ms (cache miss)
2940 http fetch GET 200 https://registry.npmjs.org/@radix-ui/react-switch/-/react-switch-1.1.3.tgz 1978ms (cache miss)
2941 http fetch GET 200 https://registry.npmjs.org/@radix-ui/react-progress/-/react-progress-1.1.2.tgz 1993ms (cache miss)
2942 http fetch GET 200 https://registry.npmjs.org/@radix-ui/react-scroll-area/-/react-scroll-area-1.2.3.tgz 1995ms (cache miss)
2943 http fetch GET 200 https://registry.npmjs.org/@radix-ui/react-slider/-/react-slider-1.2.3.tgz 1998ms (cache miss)
2944 http fetch GET 200 https://registry.npmjs.org/recharts/-/recharts-2.15.2.tgz 2037ms (cache miss)
2945 http fetch GET 200 https://registry.npmjs.org/@radix-ui/react-radio-group/-/react-radio-group-1.2.3.tgz 2038ms (cache miss)
2946 http fetch GET 200 https://registry.npmjs.org/@radix-ui/react-navigation-menu/-/react-navigation-menu-1.2.5.tgz 2084ms (cache miss)
2947 http fetch GET 200 https://registry.npmjs.org/@radix-ui/react-label/-/react-label-2.1.2.tgz 2091ms (cache miss)
2948 http fetch GET 200 https://registry.npmjs.org/@radix-ui/react-hover-card/-/react-hover-card-1.1.6.tgz 2095ms (cache miss)
2949 http fetch GET 200 https://registry.npmjs.org/@radix-ui/react-popover/-/react-popover-1.1.6.tgz 2095ms (cache miss)
2950 http fetch GET 200 https://registry.npmjs.org/@radix-ui/react-toggle/-/react-toggle-1.1.2.tgz 2101ms (cache miss)
2951 http fetch GET 200 https://registry.npmjs.org/vite/-/vite-6.3.5.tgz 2103ms (cache miss)
2952 http fetch GET 200 https://registry.npmjs.org/@radix-ui/react-collapsible/-/react-collapsible-1.1.3.tgz 2104ms (cache miss)
2953 http fetch GET 200 https://registry.npmjs.org/@radix-ui/react-dialog/-/react-dialog-1.1.6.tgz 2110ms (cache miss)
2954 http fetch GET 200 https://registry.npmjs.org/@radix-ui/react-context-menu/-/react-context-menu-2.2.6.tgz 2114ms (cache miss)
2955 http fetch GET 200 https://registry.npmjs.org/@radix-ui/react-menubar/-/react-menubar-1.1.6.tgz 2160ms (cache miss)
2956 http fetch GET 200 https://registry.npmjs.org/@radix-ui/react-alert-dialog/-/react-alert-dialog-1.1.6.tgz 2162ms (cache miss)
2957 http fetch GET 200 https://registry.npmjs.org/@radix-ui/react-dropdown-menu/-/react-dropdown-menu-2.1.6.tgz 2226ms (cache miss)
2958 http fetch GET 200 https://registry.npmjs.org/lucide-react/-/lucide-react-0.487.0.tgz 2253ms (cache miss)
2959 http fetch GET 200 https://registry.npmjs.org/@radix-ui/react-accordion/-/react-accordion-1.2.3.tgz 2284ms (cache miss)
2960 http fetch GET 200 https://registry.npmjs.org/@radix-ui/react-aspect-ratio/-/react-aspect-ratio-1.1.2.tgz 2329ms (cache miss)
2961 http fetch GET 200 https://registry.npmjs.org/@radix-ui/react-avatar/-/react-avatar-1.1.3.tgz 2362ms (cache miss)
2962 http fetch GET 200 https://registry.npmjs.org/@esbuild/darwin-arm64/-/darwin-arm64-0.25.12.tgz 2396ms (cache miss)
2963 http fetch GET 200 https://registry.npmjs.org/@emotion/styled/-/styled-11.14.1.tgz 2382ms (cache miss)
2964 http fetch GET 200 https://registry.npmjs.org/@radix-ui/react-checkbox/-/react-checkbox-1.1.4.tgz 2393ms (cache miss)
2965 http fetch GET 200 https://registry.npmjs.org/react/-/react-18.3.1.tgz 2393ms (cache miss)
2966 http fetch GET 200 https://registry.npmjs.org/react-is/-/react-is-18.3.1.tgz 2478ms (cache miss)
2967 http fetch GET 200 https://registry.npmjs.org/yallist/-/yallist-5.0.0.tgz 2493ms (cache miss)
2968 http fetch GET 200 https://registry.npmjs.org/react-dom/-/react-dom-18.3.1.tgz 2497ms (cache miss)
2969 http fetch GET 200 https://registry.npmjs.org/react-is/-/react-is-16.13.1.tgz 2497ms (cache miss)
2970 http fetch GET 200 https://registry.npmjs.org/convert-source-map/-/convert-source-map-2.0.0.tgz 2502ms (cache miss)
2971 http fetch GET 200 https://registry.npmjs.org/react-is/-/react-is-16.13.1.tgz 2514ms (cache miss)
2972 http fetch GET 200 https://registry.npmjs.org/@popperjs/core/-/core-2.11.8.tgz 2537ms (cache miss)
2973 http fetch GET 200 https://registry.npmjs.org/yaml/-/yaml-1.10.2.tgz 2536ms (cache miss)
2974 http fetch GET 200 https://registry.npmjs.org/react-router/-/react-router-7.13.0.tgz 2551ms (cache miss)
2975 http fetch GET 200 https://registry.npmjs.org/@emotion/react/-/react-11.14.0.tgz 2549ms (cache miss)
2976 http fetch GET 200 https://registry.npmjs.org/vite 2639ms (cache miss)
2977 silly packumentCache corgi:https://registry.npmjs.org/vite set size:undefined disposed:false
2978 silly packumentCache corgi:https://registry.npmjs.org/@tailwindcss%2fvite cache-miss
2979 silly packumentCache corgi:https://registry.npmjs.org/@vitejs%2fplugin-react cache-miss
2980 http fetch GET 200 https://registry.npmjs.org/@vitejs%2fplugin-react 80ms (cache miss)
2981 silly packumentCache corgi:https://registry.npmjs.org/@vitejs%2fplugin-react set size:undefined disposed:false
2982 http fetch GET 200 https://registry.npmjs.org/@tailwindcss%2fvite 95ms (cache miss)
2983 silly packumentCache corgi:https://registry.npmjs.org/@tailwindcss%2fvite set size:undefined disposed:false
2984 http fetch GET 200 https://registry.npmjs.org/@mui/material/-/material-7.3.5.tgz 2914ms (cache miss)
2985 http fetch GET 200 https://registry.npmjs.org/date-fns/-/date-fns-3.6.0.tgz 3478ms (cache miss)
2986 http fetch GET 200 https://registry.npmjs.org/@mui/icons-material/-/icons-material-7.3.5.tgz 5493ms (cache miss)
2987 info run fsevents@2.3.3 install node_modules/fsevents node-gyp rebuild
2988 info run fsevents@2.3.3 install { code: 1, signal: null }
2989 verbose reify failed optional dependency /Users/josephstewart/Documents/JLPolicyConsulting/Enhance Branding Implementation Plan/node_modules/fsevents
2990 silly reify mark deleted [
2990 silly reify   '/Users/josephstewart/Documents/JLPolicyConsulting/Enhance Branding Implementation Plan/node_modules/fsevents'
2990 silly reify ]
2991 info run @tailwindcss/oxide@4.1.12 postinstall node_modules/@tailwindcss/oxide node ./scripts/install.js
2992 info run esbuild@0.25.12 postinstall node_modules/esbuild node install.js
2993 info run @tailwindcss/oxide@4.1.12 postinstall { code: 0, signal: null }
2994 info run esbuild@0.25.12 postinstall { code: 0, signal: null }
2995 silly ADD node_modules/@types/estree
2996 silly ADD node_modules/@rollup/rollup-darwin-arm64
2997 silly ADD node_modules/nanoid
2998 silly ADD node_modules/@esbuild/darwin-arm64
2999 silly ADD node_modules/yaml
3000 silly ADD node_modules/tinyglobby
3001 silly ADD node_modules/rollup
3002 silly ADD node_modules/postcss
3003 silly ADD node_modules/picomatch
3004 silly ADD
3005 silly ADD node_modules/fdir
3006 silly ADD node_modules/esbuild
3007 silly ADD node_modules/d3-path
3008 silly ADD node_modules/d3-time-format
3009 silly ADD node_modules/d3-format
3010 silly ADD node_modules/d3-color
3011 silly ADD node_modules/internmap
3012 silly ADD node_modules/@types/d3-path
3013 silly ADD node_modules/@types/d3-color
3014 silly ADD node_modules/d3-timer
3015 silly ADD node_modules/d3-time
3016 silly ADD node_modules/d3-shape
3017 silly ADD node_modules/d3-scale
3018 silly ADD node_modules/d3-interpolate
3019 silly ADD node_modules/d3-ease
3020 silly ADD node_modules/d3-array
3021 silly ADD node_modules/@types/d3-timer
3022 silly ADD node_modules/@types/d3-time
3023 silly ADD node_modules/@types/d3-shape
3024 silly ADD node_modules/@types/d3-scale
3025 silly ADD node_modules/@types/d3-interpolate
3026 silly ADD node_modules/@types/d3-ease
3027 silly ADD node_modules/@types/d3-array
3028 silly ADD node_modules/detect-node-es
3029 silly ADD node_modules/escalade
3030 silly ADD node_modules/minizlib
3031 silly ADD node_modules/minipass
3032 silly ADD node_modules/chownr
3033 silly ADD node_modules/@isaacs/fs-minipass
3034 silly ADD node_modules/function-bind
3035 silly ADD node_modules/hasown
3036 silly ADD node_modules/supports-preserve-symlinks-flag
3037 silly ADD node_modules/path-parse
3038 silly ADD node_modules/is-core-module
3039 silly ADD node_modules/decimal.js-light
3040 silly ADD node_modules/fast-equals
3041 silly ADD node_modules/victory-vendor
3042 silly ADD node_modules/tiny-invariant
3043 silly ADD node_modules/recharts-scale
3044 silly ADD node_modules/react-smooth
3045 silly ADD node_modules/lodash
3046 silly ADD node_modules/eventemitter3
3047 silly ADD node_modules/dom-helpers
3048 silly ADD node_modules/get-nonce
3049 silly ADD node_modules/string-convert
3050 silly ADD node_modules/resize-observer-polyfill
3051 silly ADD node_modules/lodash.debounce
3052 silly ADD node_modules/json2mq
3053 silly ADD node_modules/classnames
3054 silly ADD node_modules/set-cookie-parser
3055 silly ADD node_modules/cookie
3056 silly ADD node_modules/use-sidecar
3057 silly ADD node_modules/use-callback-ref
3058 silly ADD node_modules/react-style-singleton
3059 silly ADD node_modules/react-remove-scroll-bar
3060 silly ADD node_modules/warning
3061 silly ADD node_modules/react-fast-compare
3062 silly ADD node_modules/scheduler
3063 silly ADD node_modules/redux
3064 silly ADD node_modules/@react-dnd/asap
3065 silly ADD node_modules/fast-deep-equal
3066 silly ADD node_modules/dnd-core
3067 silly ADD node_modules/@react-dnd/shallowequal
3068 silly ADD node_modules/@react-dnd/invariant
3069 silly ADD node_modules/object-assign
3070 silly ADD node_modules/loose-envify
3071 silly ADD node_modules/is-arrayish
3072 silly ADD node_modules/lines-and-columns
3073 silly ADD node_modules/json-parse-even-better-errors
3074 silly ADD node_modules/error-ex
3075 silly ADD node_modules/callsites
3076 silly ADD node_modules/motion-utils
3077 silly ADD node_modules/motion-dom
3078 silly ADD node_modules/framer-motion
3079 silly ADD node_modules/yallist
3080 silly ADD node_modules/lightningcss-darwin-arm64
3081 silly ADD node_modules/resolve-from
3082 silly ADD node_modules/parent-module
3083 silly ADD node_modules/tapable
3084 silly ADD node_modules/graceful-fs
3085 silly ADD node_modules/embla-carousel-reactive-utils
3086 silly ADD node_modules/embla-carousel
3087 silly ADD node_modules/ms
3088 silly ADD node_modules/path-type
3089 silly ADD node_modules/parse-json
3090 silly ADD node_modules/import-fresh
3091 silly ADD node_modules/@types/parse-json
3092 silly ADD node_modules/update-browserslist-db
3093 silly ADD node_modules/node-releases
3094 silly ADD node_modules/electron-to-chromium
3095 silly ADD node_modules/caniuse-lite
3096 silly ADD node_modules/baseline-browser-mapping
3097 silly ADD node_modules/resolve
3098 silly ADD node_modules/cosmiconfig
3099 silly ADD node_modules/cosmiconfig/node_modules/yaml
3100 silly ADD node_modules/tslib
3101 silly ADD node_modules/@types/babel__traverse
3102 silly ADD node_modules/@types/babel__template
3103 silly ADD node_modules/@types/babel__generator
3104 silly ADD node_modules/@babel/helper-plugin-utils
3105 silly ADD node_modules/lru-cache
3106 silly ADD node_modules/browserslist
3107 silly ADD node_modules/@babel/helper-validator-option
3108 silly ADD node_modules/@babel/compat-data
3109 silly ADD node_modules/semver
3110 silly ADD node_modules/json5
3111 silly ADD node_modules/gensync
3112 silly ADD node_modules/@babel/helpers
3113 silly ADD node_modules/@babel/helper-module-transforms
3114 silly ADD node_modules/@babel/helper-compilation-targets
3115 silly ADD node_modules/react-refresh
3116 silly ADD node_modules/@types/babel__core
3117 silly ADD node_modules/@rolldown/pluginutils
3118 silly ADD node_modules/@babel/plugin-transform-react-jsx-source
3119 silly ADD node_modules/@babel/plugin-transform-react-jsx-self
3120 silly ADD node_modules/@babel/core
3121 silly ADD node_modules/@babel/core/node_modules/convert-source-map
3122 silly ADD node_modules/tar
3123 silly ADD node_modules/tar/node_modules/yallist
3124 silly ADD node_modules/detect-libc
3125 silly ADD node_modules/@tailwindcss/oxide-darwin-arm64
3126 silly ADD node_modules/source-map-js
3127 silly ADD node_modules/magic-string
3128 silly ADD node_modules/lightningcss
3129 silly ADD node_modules/jiti
3130 silly ADD node_modules/enhanced-resolve
3131 silly ADD node_modules/@jridgewell/remapping
3132 silly ADD node_modules/@tailwindcss/oxide
3133 silly ADD node_modules/@tailwindcss/node
3134 silly ADD node_modules/@radix-ui/number
3135 silly ADD node_modules/@floating-ui/utils
3136 silly ADD node_modules/@floating-ui/core
3137 silly ADD node_modules/@floating-ui/dom
3138 silly ADD node_modules/@radix-ui/rect
3139 silly ADD node_modules/@radix-ui/react-use-rect
3140 silly ADD node_modules/@radix-ui/react-arrow
3141 silly ADD node_modules/@floating-ui/react-dom
3142 silly ADD node_modules/@radix-ui/react-visually-hidden
3143 silly ADD node_modules/@radix-ui/react-roving-focus
3144 silly ADD node_modules/@radix-ui/react-popper
3145 silly ADD node_modules/@radix-ui/react-use-escape-keydown
3146 silly ADD node_modules/react-remove-scroll
3147 silly ADD node_modules/aria-hidden
3148 silly ADD node_modules/@radix-ui/react-portal
3149 silly ADD node_modules/@radix-ui/react-focus-scope
3150 silly ADD node_modules/@radix-ui/react-focus-guards
3151 silly ADD node_modules/@radix-ui/react-dismissable-layer
3152 silly ADD node_modules/@radix-ui/react-menu
3153 silly ADD node_modules/@radix-ui/react-use-size
3154 silly ADD node_modules/@radix-ui/react-use-previous
3155 silly ADD node_modules/@radix-ui/react-presence
3156 silly ADD node_modules/@radix-ui/react-use-layout-effect
3157 silly ADD node_modules/@radix-ui/react-use-callback-ref
3158 silly ADD node_modules/@radix-ui/react-use-controllable-state
3159 silly ADD node_modules/@radix-ui/react-primitive
3160 silly ADD node_modules/@radix-ui/react-id
3161 silly ADD node_modules/@radix-ui/react-direction
3162 silly ADD node_modules/@radix-ui/react-context
3163 silly ADD node_modules/@radix-ui/react-compose-refs
3164 silly ADD node_modules/@radix-ui/react-collection
3165 silly ADD node_modules/@radix-ui/primitive
3166 silly ADD node_modules/@types/prop-types
3167 silly ADD node_modules/@mui/styled-engine
3168 silly ADD node_modules/@mui/private-theming
3169 silly ADD node_modules/react-transition-group
3170 silly ADD node_modules/react-is
3171 silly ADD node_modules/prop-types
3172 silly ADD node_modules/prop-types/node_modules/react-is
3173 silly ADD node_modules/@types/react
3174 silly ADD node_modules/@types/react-transition-group
3175 silly ADD node_modules/@mui/utils
3176 silly ADD node_modules/@mui/types
3177 silly ADD node_modules/@mui/system
3178 silly ADD node_modules/@mui/core-downloads-tracker
3179 silly ADD node_modules/@jridgewell/resolve-uri
3180 silly ADD node_modules/@jridgewell/sourcemap-codec
3181 silly ADD node_modules/@emotion/is-prop-valid
3182 silly ADD node_modules/csstype
3183 silly ADD node_modules/@emotion/unitless
3184 silly ADD node_modules/@emotion/sheet
3185 silly ADD node_modules/@babel/helper-string-parser
3186 silly ADD node_modules/jsesc
3187 silly ADD node_modules/@jridgewell/trace-mapping
3188 silly ADD node_modules/@jridgewell/gen-mapping
3189 silly ADD node_modules/picocolors
3190 silly ADD node_modules/js-tokens
3191 silly ADD node_modules/@babel/helper-validator-identifier
3192 silly ADD node_modules/debug
3193 silly ADD node_modules/@babel/template
3194 silly ADD node_modules/@babel/parser
3195 silly ADD node_modules/@babel/helper-globals
3196 silly ADD node_modules/@babel/generator
3197 silly ADD node_modules/@babel/code-frame
3198 silly ADD node_modules/@babel/types
3199 silly ADD node_modules/@babel/traverse
3200 silly ADD node_modules/stylis
3201 silly ADD node_modules/source-map
3202 silly ADD node_modules/find-root
3203 silly ADD node_modules/escape-string-regexp
3204 silly ADD node_modules/convert-source-map
3205 silly ADD node_modules/babel-plugin-macros
3206 silly ADD node_modules/@emotion/memoize
3207 silly ADD node_modules/@emotion/hash
3208 silly ADD node_modules/@babel/helper-module-imports
3209 silly ADD node_modules/hoist-non-react-statics
3210 silly ADD node_modules/hoist-non-react-statics/node_modules/react-is
3211 silly ADD node_modules/@emotion/weak-memoize
3212 silly ADD node_modules/@emotion/utils
3213 silly ADD node_modules/@emotion/use-insertion-effect-with-fallbacks
3214 silly ADD node_modules/@emotion/serialize
3215 silly ADD node_modules/@emotion/cache
3216 silly ADD node_modules/@emotion/babel-plugin
3217 silly ADD node_modules/@babel/runtime
3218 silly ADD node_modules/vaul
3219 silly ADD node_modules/tw-animate-css
3220 silly ADD node_modules/tailwindcss
3221 silly ADD node_modules/tailwind-merge
3222 silly ADD node_modules/sonner
3223 silly ADD node_modules/recharts
3224 silly ADD node_modules/recharts/node_modules/react-is
3225 silly ADD node_modules/react-slick
3226 silly ADD node_modules/react-router
3227 silly ADD node_modules/react-responsive-masonry
3228 silly ADD node_modules/react-resizable-panels
3229 silly ADD node_modules/react-popper
3230 silly ADD node_modules/react-hook-form
3231 silly ADD node_modules/react-dnd-html5-backend
3232 silly ADD node_modules/react-dnd
3233 silly ADD node_modules/react-day-picker
3234 silly ADD node_modules/next-themes
3235 silly ADD node_modules/motion
3236 silly ADD node_modules/lucide-react
3237 silly ADD node_modules/input-otp
3238 silly ADD node_modules/embla-carousel-react
3239 silly ADD node_modules/date-fns
3240 silly ADD node_modules/cmdk
3241 silly ADD node_modules/clsx
3242 silly ADD node_modules/class-variance-authority
3243 silly ADD node_modules/canvas-confetti
3244 silly ADD node_modules/@vitejs/plugin-react
3245 silly ADD node_modules/vite
3246 silly ADD node_modules/@tailwindcss/vite
3247 silly ADD node_modules/@radix-ui/react-tooltip
3248 silly ADD node_modules/@radix-ui/react-toggle-group
3249 silly ADD node_modules/@radix-ui/react-toggle
3250 silly ADD node_modules/@radix-ui/react-tabs
3251 silly ADD node_modules/@radix-ui/react-switch
3252 silly ADD node_modules/@radix-ui/react-slot
3253 silly ADD node_modules/@radix-ui/react-slider
3254 silly ADD node_modules/@radix-ui/react-separator
3255 silly ADD node_modules/@radix-ui/react-select
3256 silly ADD node_modules/@radix-ui/react-scroll-area
3257 silly ADD node_modules/@radix-ui/react-radio-group
3258 silly ADD node_modules/@radix-ui/react-progress
3259 silly ADD node_modules/@radix-ui/react-popover
3260 silly ADD node_modules/@radix-ui/react-navigation-menu
3261 silly ADD node_modules/@radix-ui/react-menubar
3262 silly ADD node_modules/@radix-ui/react-label
3263 silly ADD node_modules/@radix-ui/react-hover-card
3264 silly ADD node_modules/@radix-ui/react-dropdown-menu
3265 silly ADD node_modules/@radix-ui/react-dialog
3266 silly ADD node_modules/@radix-ui/react-context-menu
3267 silly ADD node_modules/@radix-ui/react-collapsible
3268 silly ADD node_modules/@radix-ui/react-checkbox
3269 silly ADD node_modules/@radix-ui/react-avatar
3270 silly ADD node_modules/@radix-ui/react-aspect-ratio
3271 silly ADD node_modules/@radix-ui/react-alert-dialog
3272 silly ADD node_modules/@radix-ui/react-accordion
3273 silly ADD node_modules/@popperjs/core
3274 silly ADD node_modules/react-dom
3275 silly ADD node_modules/@mui/material
3276 silly ADD node_modules/@mui/icons-material
3277 silly ADD node_modules/@emotion/styled
3278 silly ADD node_modules/react
3279 silly ADD node_modules/@emotion/react
3280 verbose cwd /Users/josephstewart/Documents/JLPolicyConsulting/Enhance Branding Implementation Plan
3281 verbose os Darwin 25.3.0
3282 verbose node v25.8.1
3283 verbose npm  v11.11.0
3284 notice
3284 notice New minor version of npm available! 11.11.0 -> 11.12.0
3284 notice Changelog: https://github.com/npm/cli/releases/tag/v11.12.0
3284 notice To update run: npm install -g npm@11.12.0
3284 notice  { force: true, Symbol(proc-log.meta): true }
3285 verbose exit 0
3286 info ok
